sample_idx,true_label,prefix_state,rank_RL,rank_LLM,rank_FeatFusion,rank_GlobalFusion,logit_RL,logit_LLM,logit_FeatFusion,logit_GlobalFusion,RL_top3,LLM_top3,FeatFusion_top3,GlobalFusion_top3,llm_thinking_process,category,case_score
1020,T1529,T1005 || T1056 || T1056 || T1071 || T1071 || T1105 || T1485 || T1486 || T1565 || T1565 || T1561 || T1561,7,1,7,1,5.3578362464904785,5.380342483520508,5.3578362464904785,5.361886978149414,T1543 (6.40) | T1547 (6.07) | T1140 (6.03),T1529 (5.38) | T1489 (4.30) | T1486 (3.75),T1543 (6.40) | T1547 (6.07) | T1140 (6.03),T1529 (5.36) | T1561 (4.78) | T1547 (4.61),"[战术阶段评估]：前缀序列显示攻击者经历了初始访问（T1005）、凭证窃取（T1056）、命令与控制（T1071）、数据收集（T1105）、数据破坏（T1485, T1486）以及数据破坏的后续操作（T1565, T1561）。最后两步 T1565（数据破坏）和 T1561（磁盘结构擦除）表明攻击者正在执行或刚刚完成了针对存储介质的物理/逻辑破坏操作。这通常标志着攻击周期的终结阶段（Destructive/Disruptive），即‘自毁’或‘擦除’阶段。

[已获资产推演]：基于 T1485（数据破坏）和 T1561（磁盘结构擦除）的执行，攻击者已经获得了系统级的写入权限，并成功触发了针对文件系统或引导扇区的破坏性载荷。此时，攻击者可能已经完成了其核心目标（如勒索、破坏或掩盖痕迹），或者正在等待破坏效果生效。系统可能已经处于不可用状态，或者攻击者正在等待远程指令确认破坏完成。

[意图图谱映射]：结合 KG Context 中关于 ZeroCleare、KillDisk 和 RawDisk 的描述，T1561 是典型的‘擦除’动作。在攻击者执行完此类破坏性操作后，逻辑上最可能的后续行",cat3_interface_gap_proof,6
1835,T1003,T1078 || T1078 || T1078 || T1562 || T1562 || T1070 || T1070 || T1027 || T1027 || T1078 || T1078 || T1078 || T1003,3,1,3,1,7.425973892211914,6.013967037200928,7.425973892211914,7.171813011169434,T1083 (8.76) | T1046 (7.94) | T1003 (7.43),T1003 (6.01) | T1021 (3.20) | T1539 (2.41),T1083 (8.76) | T1046 (7.94) | T1003 (7.43),T1003 (7.17) | T1083 (7.11) | T1021 (6.48),"[战术阶段评估]：前缀序列以 T1078 (Valid Accounts) 的多次重复开始，中间穿插了 T1562 (Impair Defenses) 和 T1070 (Indicator Removal)，随后再次高频使用 T1078，最后以 T1003 (OS Credential Dumping) 结束。这表明攻击者已经完成了初始入侵、防御规避和痕迹清理，并重新建立了高权限连接。T1003 的出现标志着战术重心从‘维持访问’转向‘凭证获取’，这是横向移动前的关键准备步骤。

[已获资产推演]：攻击者目前拥有有效的域账户或本地管理员权限（基于 T1078 的反复使用及 KG 中关于 Cobalt Strike 和 FIN10 使用域/本地账户的上下文）。T1003 的执行意味着攻击者正在尝试从内存或注册表中提取明文密码、哈希值或 Kerberos 票据。此时，攻击者尚未获得新的、更高权限的凭证，但正在积极构建一个包含更多账户凭据的‘武器库’。

[意图图谱映射]：结合 KG Context，Cobalt Strike 和 FIN10 等组织在获取凭证后，核心意图是利用这些新凭证进行",cat3_interface_gap_proof,2
1823,T1114,T1005 || T1039 || T1114,3,1,3,1,9.382712364196777,7.216345310211182,9.382712364196777,8.992766380310059,T1125 (9.49) | T1113 (9.43) | T1114 (9.38),T1114 (7.22) | T1125 (5.46) | T1056 (4.22),T1125 (9.49) | T1113 (9.43) | T1114 (9.38),T1114 (8.99) | T1125 (8.77) | T1113 (8.33),"[战术阶段评估]：前缀序列 T1005 (Data from Local System) -> T1039 (Data from Network Shared Drive) -> T1114 (Remote File Management) 显示攻击者正处于数据收集与准备阶段。T1005 和 T1039 表明攻击者正在从本地和共享网络位置搜集敏感数据。T1114 是远程文件管理，通常用于在收集数据后，将文件移动到特定位置（如临时目录）或直接准备外传，或者在收集过程中进行文件操作。这标志着数据收集阶段即将结束，进入数据外传或后续利用阶段。

[已获资产推演]：基于 T1005 和 T1039，攻击者已经成功访问了本地文件系统及网络共享资源，并可能已经识别并定位了高价值数据（如文档、凭证、配置等）。T1114 的存在暗示攻击者可能已经具备了对远程文件系统的控制能力，或者正在利用该能力进行数据的整理和打包，以便进行下一步操作。攻击者目前掌握的是‘已收集但未外传’或‘正在整理’的数据资产。

[意图图谱映射]：结合 KG Context 中提到的 ZxShell, CharmPower, Ou",cat3_interface_gap_proof,2
1243,T1574,T1133 || T1574 || T1574 || T1556 || T1556 || T1053 || T1053 || T1078 || T1078,3,2,3,1,6.569690227508545,2.275576114654541,6.569690227508545,5.796749591827393,T1547 (6.94) | T1053 (6.71) | T1574 (6.57),T1562 (2.58) | T1574 (2.28) | T1021 (2.03),T1547 (6.94) | T1053 (6.71) | T1574 (6.57),T1574 (5.80) | T1547 (5.74) | T1134 (5.41),"[战术阶段评估]：前缀序列显示攻击者首先通过 T1133 (System Information Discovery) 和 T1574 (Component Object Model Hijacking) 进行侦察与持久化尝试，随后利用 T1556 (Modify Authentication Process) 和 T1053 (Scheduled Task/Job) 建立执行通道。最后两步 T1078 (Valid Accounts) 的重复出现，结合 KG Context 中关于 Cobalt Strike 和 FIN10 使用域账户或本地管理员账户进行横向移动的上下文，表明攻击者刚刚成功利用凭证登录了目标系统，正处于从‘初始访问/持久化’向‘横向移动’过渡的关键节点。

[已获资产推演]：基于 T1078 的连续执行，攻击者目前至少掌握了一个有效的域账户或本地管理员账户的会话权限。KG Context 明确指出此类账户（如 Cobalt Strike 使用的域账户）通常用于后续的命令执行和进程生成。攻击者已具备在受控主机上以高权限身份运行的能力，但尚未展示明确的横向移动动作（如 ",cat3_interface_gap_proof,2
64,T1114,T1025 || T1074 || T1074 || T1074 || T1114,3,1,3,1,8.628055572509766,10.246892929077148,8.628055572509766,8.919445991516113,T1071 (9.61) | T1056 (8.72) | T1114 (8.63),T1114 (10.25) | T1074 (7.79) | T1056 (7.26),T1071 (9.61) | T1056 (8.72) | T1114 (8.63),T1114 (8.92) | T1071 (8.87) | T1056 (8.46),"[战术阶段评估]：前缀序列以 T1025 (Data from Local System) 开始，随后连续三次 T1074 (Data Staged)，最后一步是 T1114 (Remote Data Staging)。这表明攻击者已经完成了本地数据的收集（T1025），并在本地进行了多次整理和暂存（T1074），最后一步 T1114 明确指向将数据从本地环境传输到远程位置。整个序列清晰地展示了从‘数据收集’到‘本地暂存’再到‘远程传输’的完整链条，目前正处于数据外传（Exfiltration）的战术阶段，且刚刚完成了数据打包或准备外传的动作。

[已获资产推演]：基于 T1025 和 T1074 的连续执行，攻击者已经获取了目标系统的敏感数据（如 SSH 凭证、日志或配置文件），并成功将其整理为文件形式存储在本地（如 KG 中提到的 /var/run 目录或文本文件）。T1114 的执行意味着攻击者已经建立了与外部服务器的连接通道，或者正在利用该通道将数据推送到 C2 服务器或云存储。此时，攻击者手中握有完整的、可传输的敏感数据集。

[意图图谱映射]：T1114 是数据外传的关键一",cat3_interface_gap_proof,2
4,T1003,T1078 || T1586 || T1140 || T1036 || T1036 || T1036 || T1027 || T1078 || T1586 || T1056 || T1056 || T1003 || T1003,2,1,2,1,8.484244346618652,7.096485137939453,8.484244346618652,8.234447479248047,T1083 (9.64) | T1003 (8.48) | T1135 (7.40),T1003 (7.10) | T1552 (5.03) | T1087 (4.38),T1083 (9.64) | T1003 (8.48) | T1135 (7.40),T1003 (8.23) | T1083 (7.98) | T1087 (6.23),"[战术阶段评估]：前缀序列以 T1056 (输入捕获) 和 T1003 (凭证转储) 结尾。T1056 通常用于捕获键盘输入或剪贴板内容，而 T1003 用于从内存中提取明文或哈希凭证。这两个技术的组合表明攻击者正处于‘凭证获取’阶段，且已经完成了对目标系统内存和输入流的深度扫描，旨在获取高价值凭证。这通常是‘初始访问’或‘持久化’阶段结束，即将进入‘横向移动’或‘权限提升’阶段的临界点。

[已获资产推演]：基于 T1056 和 T1003 的执行，攻击者目前极大概率已经获取了本地管理员权限、域管理员凭证或特定服务的凭据。他们掌握了能够用于后续身份验证的‘钥匙’，但尚未利用这些钥匙去访问其他系统或执行特权操作。攻击者目前处于‘拥有凭证但尚未利用’的状态。

[意图图谱映射]：结合 KG Context，Axiom、FIN6、Agrius 等组织在获取凭证（T1003）后，标准战术流程是立即利用这些凭证进行‘远程服务登录’或‘内部网络扫描’。KG Context 强调了 LSASS 内存转储（T1003.001）是获取凭证的关键手段，这直接指向了利用这些凭证进行横向移动。因此，下一步最",cat3_interface_gap_proof,1
69,T1001,T1025 || T1074 || T1074 || T1074 || T1114 || T1114 || T1056 || T1056 || T1113 || T1071 || T1071 || T1071 || T1092 || T1001,2,3,2,1,10.42133617401123,5.897320747375488,10.42133617401123,9.607013702392578,T1573 (10.56) | T1001 (10.42) | T1105 (10.36),T1071 (7.06) | T1132 (6.20) | T1001 (5.90),T1573 (10.56) | T1001 (10.42) | T1105 (10.36),T1001 (9.61) | T1105 (9.49) | T1573 (9.31),"[战术阶段评估]：前缀序列显示攻击者经历了数据收集（T1025 数据从本地系统）、数据操作（T1074 数据加密/压缩/隐藏、T1114 数据外传、T1056 凭据窃取、T1113 屏幕捕获）以及通信建立（T1071 应用层协议、T1092 文件传输、T1001 数据编码）。最后两步 T1071（应用层协议）和 T1092（文件传输）结合 T1001（数据编码），表明攻击者正在利用特定的网络协议（如 HTTP/DNS）将处理过的数据（可能是凭据或屏幕截图）封装并传输到外部服务器。这标志着‘数据外传’（Exfiltration）阶段的高潮，且通信通道已建立。

[已获资产推演]：基于 T1056（凭据窃取）和 T1113（屏幕捕获），攻击者目前极可能已经获取了受害者的敏感凭据（如密码、哈希）或视觉信息。结合 T1074 的多次执行，数据可能已被加密或分块。攻击者现在拥有的是‘已窃取的数据’和‘已建立的 C2 通道’。

[意图图谱映射]：在成功外传数据后，攻击者的逻辑意图通常转向：1. 确认数据接收成功（Command and Control 的反馈）；2. 利用已获取的凭据进行横向移动",cat3_interface_gap_proof,1
125,T1204,T1059 || T1059 || T1203 || T1053 || T1053 || T1204 || T1204,2,1,2,1,7.960624694824219,8.158866882324219,7.960624694824219,7.996308326721191,T1547 (8.02) | T1204 (7.96) | T1047 (7.72),T1204 (8.16) | T1047 (7.13) | T1547 (6.70),T1547 (8.02) | T1204 (7.96) | T1047 (7.72),T1204 (8.00) | T1547 (7.78) | T1047 (7.61),"[战术阶段评估]：前缀序列以 T1053 (Scheduled Task/Job) 和 T1204 (User Execution) 结尾。T1204 代表攻击者正在诱导用户执行恶意载荷（如打开附件或点击链接），而紧随其后的 T1053 表明攻击者正在利用计划任务来维持持久性或执行后续命令。这标志着攻击正处于从‘初始访问/执行’向‘持久化/命令执行’过渡的关键阶段，且攻击者刚刚完成了载荷的交付与初步执行。

[已获资产推演]：基于 T1204 和 T1053 的组合，攻击者目前至少已经获得了目标主机的用户级权限（User Privilege）。T1204 的成功执行意味着恶意文件（如 RedCurl 或 RTM 相关的恶意文档）已被用户打开，从而在内存中或磁盘上释放了恶意代码。T1053 的后续出现暗示攻击者可能已经利用该权限创建了计划任务，或者正在尝试通过计划任务来确保恶意代码在重启后或特定时间再次运行。此时，攻击者尚未明确展示提权（T1068）或横向移动（T1021）的迹象，但已具备在单台主机上执行任意命令的能力。

[意图图谱映射]：结合 KG Context，RedCurl、M",cat3_interface_gap_proof,1
145,T1556,T1218 || T1550 || T1550 || T1550 || T1078 || T1078 || T1078 || T1586 || T1110 || T1110 || T1110 || T1555 || T1606 || T1606 || T1606,2,1,2,1,7.751455783843994,4.499953269958496,7.751455783843994,7.16618537902832,T1555 (8.17) | T1556 (7.75) | T1003 (7.21),T1556 (4.50) | T1606 (3.43) | T1078 (3.02),T1555 (8.17) | T1556 (7.75) | T1003 (7.21),T1556 (7.17) | T1555 (6.32) | T1003 (6.25),"[战术阶段评估]：攻击前缀序列显示攻击者经历了初始访问（T1218）、凭证窃取（T1550）、账户创建/滥用（T1078）、凭证收集（T1586, T1110）以及凭据转储（T1555）。序列最后连续三次出现 T1606（伪造身份），结合 KG Context 中关于 SolarWinds 和 AADInternals 利用 SAML 令牌或 Web Cookie 绕过 MFA 的描述，表明攻击者正处于‘身份伪造与权限维持’的关键阶段，试图通过伪造高价值身份（如管理员或特权用户）来绕过防御机制。[已获资产推演]：基于 T1555（凭据转储）和 T1110（暴力破解/凭证猜测）的连续执行，攻击者已获取了本地或域内的明文/哈希凭据。结合 T1606 的上下文，攻击者目前掌握了能够生成伪造 SAML 令牌或 Web Cookie 的私钥或证书信息，具备了在云环境（如 Azure AD）或 Web 应用中冒充合法用户的‘伪身份’资产。[意图图谱映射]：KG Context 明确指出 T1606 常用于绕过 MFA 以获取对 OWA 或云服务的访问。在成功伪造身份（T1606）后，攻击者的逻辑下",cat3_interface_gap_proof,1
666,T1583,T1589 || T1589 || T1598 || T1192,2,1,2,1,9.814591407775879,8.277000427246094,9.814591407775879,9.537825584411621,T1192 (9.94) | T1583 (9.81) | T1587 (8.74),T1583 (8.28) | T1594 (5.41) | T1590 (4.82),T1192 (9.94) | T1583 (9.81) | T1587 (8.74),T1583 (9.54) | T1192 (8.86) | T1590 (7.70),"[战术阶段评估]：前缀序列以 T1589 (Reconnaissance) 开始，随后重复 T1589，接着是 T1598 (Active Scanning/Network Monitoring)，最后一步是 T1192 (Gather Victim Identity Information)。这表明攻击者处于侦察阶段（Reconnaissance）的收尾期。T1589 和 T1598 侧重于收集公开信息和扫描网络，而 T1192 明确指向收集受害者身份信息（如姓名、职位、部门等）。

[已获资产推演]：基于 T1589.002 (Email Addresses) 和 T1192 的组合，攻击者目前掌握了目标组织的“身份图谱”和“通信渠道”。他们不仅知道目标是谁，还掌握了具体的联系人邮箱和身份信息。这构成了社会工程学攻击（特别是鱼叉式网络钓鱼）的核心素材。

[意图图谱映射]：在 ATT&CK 战术逻辑中，完成身份和邮箱收集（T1589/T1192）后的标准下一步是发起初始访问（Initial Access）。攻击者极大概率会利用收集到的邮箱和身份信息，构造针对性的鱼叉式网络钓鱼邮件（",cat3_interface_gap_proof,1
667,T1074,T1069 || T1069 || T1069 || T1057 || T1012 || T1518 || T1082 || T1016 || T1049 || T1033 || T1007 || T1497 || T1497 || T1021 || T1021 || T1119 || T1115 || T1005 || T1025,2,1,2,1,7.807873725891113,7.187785625457764,7.807873725891113,7.696257591247559,T1125 (7.90) | T1074 (7.81) | T1113 (7.67),T1074 (7.19) | T1056 (6.04) | T1114 (5.31),T1125 (7.90) | T1074 (7.81) | T1113 (7.67),T1074 (7.70) | T1071 (7.01) | T1113 (6.78),"[战术阶段评估]：前缀序列以 T1115 (Data from Local System) 和 T1005 (Data from Local System) 结尾，紧接着是 T1025 (Data from Staged)。这表明攻击者已经完成了对本地系统的初步侦察（T1082, T1016, T1049, T1033, T1007），建立了持久化（T1057, T1012, T1518），并成功建立了远程访问通道（T1021）。最后两步 T1115 和 T1005 明确指向攻击者正在执行数据收集阶段，具体是从本地系统收集敏感信息。T1025 紧随其后，意味着攻击者正在将收集到的数据整理并放置在特定位置（Staged），为后续传输做准备。整个序列处于‘数据收集’向‘数据外传’过渡的关键阶段。

[已获资产推演]：基于 T1021 (Remote Services) 的重复出现，攻击者已拥有对受害主机的远程访问权限（如 RDP, SSH, SMB 等）。结合 T1115 和 T1005 的执行，攻击者已经成功访问并读取了本地文件系统、注册表或特定应用程序的数据。攻击者目前掌握的是‘已收集",cat3_interface_gap_proof,1
688,T1078,T1589 || T1589 || T1598 || T1192 || T1583 || T1583 || T1583 || T1585 || T1588 || T1588 || T1608 || T1608 || T1608 || T1189 || T1566 || T1566 || T1078,2,1,2,1,9.85451889038086,8.764854431152344,9.85451889038086,9.658379554748535,T1059 (9.99) | T1078 (9.85) | T1586 (6.30),T1078 (8.76) | T1059 (6.73) | T1110 (1.24),T1059 (9.99) | T1078 (9.85) | T1586 (6.30),T1078 (9.66) | T1059 (9.40) | T1586 (5.25),"[战术阶段评估]：前缀序列以 T1566 (Spearphishing) 两次，紧接着 T1078 (Valid Accounts) 结束。T1566 代表攻击者通过钓鱼邮件（结合 KG 上下文中的恶意附件/密码保护 ZIP）尝试初始访问。T1078 的出现表明攻击者成功获取了凭据或建立了有效的会话，标志着攻击已从‘初始访问’阶段成功过渡到‘持久化’或‘防御规避’阶段，甚至可能已经完成了横向移动的准备。最后两步的 T1566 重复可能意味着攻击者在尝试不同的载荷或针对不同的用户进行钓鱼，而 T1078 确认了其中一次尝试的成功。

[已获资产推演]：基于 T1078 的达成，攻击者目前至少掌握了一个有效的用户账户（Valid Account）或会话令牌。结合 T1589 (Account Discovery) 和 T1588 (Obtain Capabilities) 在前序中的出现，攻击者可能已经初步了解了目标环境中的账户结构或获取了某些基础能力。当前的资产状态是：拥有合法身份，但尚未明确展示对特定系统资源的深度控制（如未出现 T1021 远程服务或 T1053 计划任务等明显的持久",cat3_interface_gap_proof,1
696,T1543,T1053 || T1053 || T1505 || T1505 || T1078 || T1078 || T1547 || T1060,2,2,2,1,7.612368106842041,4.302933692932129,7.612368106842041,7.016669750213623,T1004 (7.68) | T1543 (7.61) | T1547 (7.49),T1574 (4.43) | T1543 (4.30) | T1004 (3.98),T1004 (7.68) | T1543 (7.61) | T1547 (7.49),T1543 (7.02) | T1004 (7.02) | T1547 (6.59),"[战术阶段评估]：攻击前缀序列显示攻击者首先通过 T1053 (Command and Scripting Interpreter) 执行初始载荷，随后利用 T1505 (Server Software Component) 植入持久化组件（如 Pikabot 的注册表项）。接着，攻击者执行 T1078 (Valid Accounts) 进行身份验证（极可能利用域账户），并再次确认 T1547 (Boot or Logon Autostart Execution) 以建立持久化（如 Reaver 的快捷方式）。最后一步 T1060 (Registry Keys) 表明攻击者正在深入检查或修改注册表，这通常是为了验证持久化是否生效、清理痕迹或配置新的持久化机制。整体处于‘持久化建立与验证’向‘横向移动/权限提升’过渡的阶段。

[已获资产推演]：攻击者已掌握系统级访问权限（通过 T1053/T1505），并成功利用域账户（T1078.002）在目标网络中建立了立足点。T1547 和 T1060 的操作表明攻击者已确认其代码在系统启动时能自动运行，且对注册表配置有完全控制权。此时，攻击者拥",cat3_interface_gap_proof,1
251,T1078,T1133 || T1078 || T1059 || T1059 || T1053 || T1053 || T1547 || T1133 || T1053 || T1053,2,1,2,1,8.070111274719238,4.41372013092041,8.070111274719238,7.411961078643799,T1505 (8.35) | T1078 (8.07) | T1547 (5.49),T1078 (4.41) | T1053 (3.71) | T1547 (3.40),T1505 (8.35) | T1078 (8.07) | T1547 (5.49),T1078 (7.41) | T1505 (7.22) | T1547 (5.11),"[战术阶段评估]：前缀序列以 T1133 (Remote Services) 开始，随后是 T1078 (Valid Accounts) 和 T1059 (Command and Scripting Interpreter)。这表明攻击者已经成功建立了远程连接并获取了执行权限。序列中多次出现 T1053 (Command and Scripting Interpreter: Scheduled Task/Job) 和 T1547 (Boot or Logon Autostart Execution)，特别是最后两步 T1133 || T1053 || T1053，显示攻击者在建立连接后，反复尝试或确认通过计划任务（Scheduled Task）进行持久化。结合 KG Context 中提到的 SpeakUp、Dragonfly 和 Rancor 等恶意软件均利用 T1053 进行持久化，可以判断当前战术阶段处于‘持久化 (Persistence)’的收尾或验证阶段，攻击者正在确保恶意负载在系统重启或用户登录时能自动运行。

[已获资产推演]：基于 T1078 和 T1059 的连续执行",cat3_interface_gap_proof,1
550,T1204,T1053 || T1204 || T1204,2,2,2,1,8.109890937805176,5.284889221191406,8.109890937805176,7.601390838623047,T1047 (8.11) | T1204 (8.11) | T1547 (7.73),T1547 (5.34) | T1204 (5.28) | T1047 (4.81),T1047 (8.11) | T1204 (8.11) | T1547 (7.73),T1204 (7.60) | T1047 (7.52) | T1547 (7.30),"[战术阶段评估]：前缀序列 T1053 (Scheduled Task/Job) 后接两次 T1204 (User Execution)。T1053 通常用于持久化或执行特定命令，而 T1204 代表攻击者诱导用户执行恶意文件（如文档宏、可执行文件）。序列显示攻击者先建立了某种执行机制（T1053），随后通过用户交互（T1204）触发了恶意载荷。这标志着攻击正处于从初始访问/执行向建立持久化或横向移动过渡的关键节点。

[已获资产推演]：基于 T1204 的连续执行，攻击者已经成功诱使用户打开了恶意文件，这意味着恶意代码（Payload）已经在受害者主机上运行。攻击者目前掌握了受害者主机的用户级权限（User Privilege），并可能已经获得了初始的远程访问通道（如 C2 连接）。

[意图图谱映射]：结合 KG Context，RedCurl、Magic Hound 和 RTM 等组织均利用恶意文件/链接作为初始入口。在成功执行恶意文件后，攻击者的标准战术路径是：1. 确保自身在系统中的持久存在（防止重启丢失）；2. 提升权限以获取系统级控制；3. 收集本地凭证或敏感数据；4. ",cat3_interface_gap_proof,1
626,T1057,T1552 || T1087 || T1087 || T1087 || T1217 || T1046 || T1201 || T1120 || T1069 || T1069 || T1069,2,1,2,1,9.907923698425293,7.03645133972168,9.907923698425293,9.391058921813965,T1069 (10.18) | T1057 (9.91) | T1012 (7.52),T1057 (7.04) | T1012 (4.88) | T1082 (4.48),T1069 (10.18) | T1057 (9.91) | T1012 (7.52),T1057 (9.39) | T1069 (9.12) | T1012 (7.05),"[战术阶段评估]：前缀序列以 T1069 (Permission Groups Discovery) 连续三次结束。这表明攻击者已经完成了对本地和域组信息的广泛收集，处于战术阶段 'Discovery' 的末端，正在为后续的权限提升或横向移动做最后的确认。连续三次执行该动作暗示攻击者可能在遍历不同的组别，或者在确认特定高价值组（如 Domain Admins）的成员资格。

[已获资产推演]：基于 T1552 (Credentials from Password Stores), T1087 (Account Discovery), T1217 (Browser), T1046 (Network Service Discovery), T1201 (Password Policy), T1120 (Automated Exfiltration - 此处可能为误标或特定上下文下的凭证扫描), T1069 的序列，攻击者目前掌握了：1. 本地及域账户列表；2. 浏览器中存储的凭证；3. 网络服务信息；4. 密码策略信息；5. 组结构及成员关系。攻击者目前最核心的资产是‘组与用户的映射关系’",cat3_interface_gap_proof,1
659,T1056,T1049 || T1033 || T1007 || T1497 || T1497 || T1021 || T1021 || T1119 || T1115 || T1005 || T1025 || T1074 || T1074,2,1,2,1,8.394099235534668,5.843515396118164,8.394099235534668,7.934994220733643,T1071 (8.94) | T1056 (8.39) | T1113 (8.17),T1056 (5.84) | T1114 (4.75) | T1074 (3.46),T1071 (8.94) | T1056 (8.39) | T1113 (8.17),T1056 (7.93) | T1071 (7.71) | T1113 (7.24),"[战术阶段评估]：前缀序列以 T1025 (Data from Local System) 和 T1074 (Data Staged) 结尾，且 T1074 连续出现两次。这表明攻击者已经完成了对本地数据的收集（T1025），并正在将收集到的数据（如凭证、文件等）集中存储到特定位置（T1074），这是典型的‘数据准备’阶段。结合 KG Context 中提到的 Kobalos 和 Chimera 等恶意软件利用 T1074 进行数据暂存，说明攻击者正在为最终的数据外传做最后的整理和打包。

[已获资产推演]：基于 T1049 (System Information Discovery) 到 T1025 (Data from Local System) 的序列，攻击者已经完成了对目标系统的广泛侦察，并成功获取了本地敏感数据（如 SSH 凭证、配置文件等）。连续执行 T1074 意味着攻击者已经掌握了这些数据的控制权，并将其移动到了攻击者指定的 staging 区域（如 /var/run 或临时目录），此时数据已准备好，但尚未离开目标网络。

[意图图谱映射]：在 ATT&CK 战术逻辑中",cat3_interface_gap_proof,1
795,T1132,T1087 || T1087 || T1083 || T1018 || T1518 || T1007 || T1124 || T1080 || T1550 || T1550 || T1560 || T1560 || T1005 || T1039 || T1113 || T1071 || T1071 || T1132,2,1,2,1,10.815732955932617,10.35965347290039,10.815732955932617,10.733638763427734,T1105 (11.29) | T1132 (10.82) | T1573 (9.67),T1132 (10.36) | T1001 (8.18) | T1573 (7.56),T1105 (11.29) | T1132 (10.82) | T1573 (9.67),T1132 (10.73) | T1105 (10.57) | T1573 (9.29),"[战术阶段评估]：前缀序列最后两步为 T1071 (T1071.001/003/004 等子技术，即网络通信) 和 T1132 (数据编码)。T1071 的重复出现表明攻击者正在建立或维持命令与控制（C2）通道，而紧随其后的 T1132 通常用于对即将传输的数据进行编码（如 Base64），这是典型的 C2 流量特征。这表明攻击者正处于 C2 通信建立或数据回传阶段，而非初始入侵或横向移动阶段。

[已获资产推演]：基于前缀中的 T1087 (账户发现)、T1083 (文件枚举)、T1018 (远程系统发现)、T1518 (软件发现)、T1007 (系统信息发现)、T1124 (系统时间)、T1080 (代理)、T1550 (凭证访问)、T1560 (归档)、T1005 (数据收集)、T1039 (数据从外部服务收集)，攻击者已经完成了广泛的侦察、凭证窃取、数据收集以及初步的代理配置。攻击者目前拥有目标系统的本地管理员或高权限访问权，并已成功收集了敏感数据（可能已打包在 T1560 中）。

[意图图谱映射]：结合 KG Context，T1071 的上下文强调了 Web (HTTP)",cat3_interface_gap_proof,1
752,T1598,T1595 || T1595 || T1592 || T1592 || T1589 || T1589 || T1589 || T1590 || T1590 || T1591 || T1591,2,1,2,1,10.384133338928223,3.6674578189849854,10.384133338928223,9.175130844116211,T1591 (10.84) | T1598 (10.38) | T1594 (8.17),T1598 (3.67) | T1583 (3.33) | T1596 (0.98),T1591 (10.84) | T1598 (10.38) | T1594 (8.17),T1598 (9.18) | T1591 (8.93) | T1583 (6.66),"[战术阶段评估]：前缀序列以 T1590 (收集目标信息) 和 T1591 (识别角色) 的重复操作结束。这表明攻击者正处于侦察阶段（Reconnaissance）的收尾期，且重点已从通用的网络信息收集（T1595, T1592）和外部资源收集（T1589）转向了针对特定组织内部人员结构和权限的精细化分析。最后两步的 T1591 重复出现，暗示攻击者正在验证或细化对关键人员（如管理员、IT 人员）的识别结果。

[已获资产推演]：基于前缀，攻击者目前尚未执行任何初始访问或执行代码的技术。他们掌握的“资产”是宏观的情报数据：目标组织的网络拓扑、域名信息、以及关键人员（特别是拥有高权限的 IT 和系统管理员）的身份、角色和职责。攻击者已经完成了“谁在管什么”的画像。

[意图图谱映射]：结合 KG Context，LAPSUS$、FIN7 和 Volt Typhoon 等高级威胁组织在识别关键角色（T1591）后，其核心意图是利用这些高权限人员的身份进行社会工程学攻击（如钓鱼）或直接利用其凭证进行初始访问。识别角色是实施针对性攻击（Targeted Attack）的前置条件。因此，下一步逻",cat3_interface_gap_proof,1
746,T1082,T1216 || T1216 || T1550 || T1075 || T1550 || T1078 || T1078 || T1056 || T1056 || T1003 || T1003 || T1552 || T1087 || T1087 || T1083 || T1046 || T1135 || T1012 || T1018,2,3,2,1,9.758235931396484,1.8384497165679932,9.758235931396484,8.332674980163574,T1518 (10.15) | T1082 (9.76) | T1210 (8.35),T1033 (2.61) | T1069 (1.84) | T1082 (1.84),T1518 (10.15) | T1082 (9.76) | T1210 (8.35),T1082 (8.33) | T1518 (8.31) | T1210 (7.15),"[战术阶段评估]：分析 Prefix 序列，攻击者经历了初始访问（T1216）、凭证获取（T1550, T1075, T1078）、凭证转储（T1056, T1003）以及信息收集（T1552, T1087, T1083, T1046, T1012）。序列的最后两步是 T1135（网络共享发现）和 T1018（远程系统发现）。这表明攻击者正处于‘侦察与发现’（Discovery）阶段的后期，正在从本地系统向整个网络域进行横向扩展前的关键扫描。T1135 和 T1018 的组合通常意味着攻击者正在绘制网络拓扑，寻找高价值目标（如域控制器、文件服务器）或可横向移动的路径。

[已获资产推演]：基于前缀中的 T1078（有效账户）、T1056/T1003（凭据转储）和 T1087（账户发现），攻击者已经掌握了本地或域内的高权限账户（如域管理员或具有域控权限的账户），并能够访问本地注册表、SAM 数据库及网络共享。他们目前拥有对当前受害主机的完全控制权，并具备向网络中其他主机发起连接的能力。

[意图图谱映射]：结合 KG Context，T1135 和 T1018 是典型的‘网络侦察’技术，",cat3_interface_gap_proof,1
713,T1078,T1543 || T1543 || T1068 || T1574 || T1574 || T1055 || T1053 || T1053 || T1078,2,1,2,1,7.973476886749268,7.119714736938477,7.973476886749268,7.819799423217773,T1134 (8.30) | T1078 (7.97) | T1140 (7.84),T1078 (7.12) | T1053 (3.85) | T1134 (3.25),T1134 (8.30) | T1078 (7.97) | T1140 (7.84),T1078 (7.82) | T1134 (7.39) | T1140 (6.72),"[战术阶段评估]：前缀序列以 T1053 (Scheduled Task) 重复两次，紧接着是 T1078 (Valid Accounts)。T1053 通常用于建立持久性，而 T1078 表示攻击者已经获取或正在使用有效的用户凭据。结合上下文，攻击者刚刚完成了持久化机制的部署（通过计划任务），并确认了有效账户的可用性。这标志着攻击者已从‘初始访问/持久化’阶段过渡到‘执行/权限提升’后的‘生存’阶段，并准备利用这些新建立的持久化通道和有效账户进行下一步操作。

[已获资产推演]：基于 T1053 和 T1078，攻击者目前掌握了：1) 一个或多个有效的用户账户（T1078）；2) 一个或多个已配置好的、具有自动执行能力的计划任务（T1053），这些任务通常以系统或用户权限运行；3) 根据前缀中的 T1543 (Create or Modify System Process) 和 T1068 (Exploit Privilege Escalation)，攻击者可能已经具备了一定的系统级权限或正在尝试维持这种权限。

[意图图谱映射]：在拥有有效账户和持久化计划任务后，攻击者的核心意图通",cat3_interface_gap_proof,1
924,T1053,T1559 || T1559 || T1106 || T1053 || T1053 || T1204 || T1204 || T1547 || T1053 || T1053 || T1548 || T1548 || T1547 || T1060 || T1055,2,1,2,1,9.890172958374023,6.885857582092285,9.890172958374023,9.349395751953125,T1093 (10.00) | T1053 (9.89) | T1140 (8.51),T1053 (6.89) | T1055 (4.65) | T1014 (3.90),T1093 (10.00) | T1053 (9.89) | T1140 (8.51),T1053 (9.35) | T1093 (8.52) | T1140 (7.64),"[战术阶段评估]：前缀序列显示攻击者经历了初始执行（T1559, T1106）、持久化建立（T1053, T1204, T1547）以及权限提升尝试（T1548）。序列末尾的 T1060 (Add to Shell Startup) 和 T1055 (Process Injection) 表明攻击者正在强化持久化机制并尝试在内存中隐藏或执行恶意负载。T1055 的出现通常意味着攻击者已经获得了执行代码的能力，并试图利用注入技术绕过检测或提升权限。结合 KG Context 中提到的 Pikabot 使用注册表启动项（T1547.001）以及 Orz/Malteiro 使用进程注入（T1055），当前阶段处于从‘建立持久化’向‘横向移动’或‘进一步权限提升’过渡的关键节点。

[已获资产推演]：基于 T1547 和 T1060 的连续执行，攻击者已确认拥有对目标系统的注册表写入权限，并成功将恶意组件注册为开机自启。T1055 的执行暗示攻击者已获取了至少一个合法进程的句柄，并具备在内存中注入代码的能力。此时，攻击者可能已经获得了中等权限（如用户级或系统级），但尚未完全控制整个域或关键基础",cat3_interface_gap_proof,1
1012,T1105,T1005 || T1056 || T1056 || T1071 || T1071,2,1,2,1,10.684523582458496,5.738310813903809,10.684523582458496,9.794205665588379,T1132 (10.96) | T1105 (10.68) | T1590 (9.77),T1105 (5.74) | T1132 (4.41) | T1590 (3.01),T1132 (10.96) | T1105 (10.68) | T1590 (9.77),T1105 (9.79) | T1132 (9.78) | T1590 (8.55),"[战术阶段评估]：前缀序列以 T1056 (凭证窃取) 开始，随后是 T1071 (应用层协议) 的重复执行。T1056 表明攻击者正在尝试获取凭据，而随后的 T1071 序列（特别是连续两次）强烈暗示攻击者正在建立或维持命令与控制（C2）通道。结合 KG Context 中提到的恶意软件（如 Explosive, Agent Tesla, NanHaiShu）均利用 T1071 的不同子技术（HTTP, SMTP, DNS）进行 C2 通信，可以判断当前战术阶段处于‘命令与控制 (C2)'的建立与稳定期，且刚刚完成了凭据窃取以辅助 C2 的持久化或横向移动。

[已获资产推演]：基于 T1056 的执行，攻击者目前极可能已经获取了本地或域内的用户凭据（如密码哈希、明文密码）。结合 T1071 的通信建立，攻击者已经拥有了一个稳定的 C2 通道。此时，攻击者掌握的资产包括：受控的 C2 通道、窃取的凭据、以及潜在的初始访问点。攻击者尚未进行明显的横向移动（如 T1021）或数据渗出（T1041），因为 C2 通道刚刚建立且依赖新获取的凭据。

[意图图谱映射]：在拥有 C2 通道和凭据",cat3_interface_gap_proof,1
906,T1056,T1552 || T1482 || T1615 || T1135 || T1018 || T1082 || T1534 || T1021 || T1021 || T1021 || T1560 || T1213 || T1213 || T1074 || T1074 || T1074,2,1,2,1,8.867616653442383,5.848339080810547,8.867616653442383,8.32414722442627,T1114 (9.30) | T1056 (8.87) | T1105 (7.92),T1056 (5.85) | T1114 (3.27) | T1071 (2.63),T1114 (9.30) | T1056 (8.87) | T1105 (7.92),T1056 (8.32) | T1114 (8.21) | T1105 (6.88),"[战术阶段评估]：攻击前缀序列以 T1074 (Data Staged) 连续三次结束。T1074 属于 'Collection' 战术阶段。连续三次执行该操作表明攻击者正在系统性地收集并暂存敏感数据（如凭证、日志或文件），这是典型的‘数据收集与暂存’行为，通常发生在数据窃取（Exfiltration）之前。前序的 T1021 (Remote Services) 和 T1560 (Archive Collected Data) 进一步证实了攻击者已建立持久连接并正在整理数据。[已获资产推演]：基于 T1552 (Credentials), T1482 (Cloud), T1615 (Group Policy), T1135 (Network Share), T1018/T1082 (Discovery), T1534 (Cloud), T1021 (Access), T1560 (Archive), T1213 (Data from Removable Media)，攻击者已掌握目标环境的本地及云环境访问权限，能够读取共享资源、云配置及本地凭证。连续执行 T1074 意味着攻击者已获取",cat3_interface_gap_proof,1
828,T1112,T1112 || T1053 || T1053 || T1078 || T1134 || T1134 || T1546 || T1546 || T1068 || T1055 || T1055 || T1053 || T1053 || T1078 || T1134 || T1134 || T1070 || T1070,2,1,2,1,8.653663635253906,3.150733709335327,8.653663635253906,7.663136005401611,T1036 (8.67) | T1112 (8.65) | T1070 (8.03),T1112 (3.15) | T1036 (2.64) | T1110 (2.44),T1036 (8.67) | T1112 (8.65) | T1070 (8.03),T1112 (7.66) | T1036 (7.59) | T1070 (7.02),"[战术阶段评估]：攻击前缀序列以 T1134 (Access Token Manipulation) 和 T1070 (Indicator Removal) 结尾。T1134 通常用于提升权限或维持访问，而 T1070 是典型的反取证操作，旨在清除日志以掩盖之前的活动。序列中 T1070 的重复出现（T1070 || T1070）表明攻击者正在执行深度的日志清理工作，这标志着‘初始访问与执行’阶段的结束，以及‘防御规避’阶段的收尾。此时，攻击者已完成权限维持（T1546）和进程注入（T1055/T1068），并正在清理痕迹。[已获资产推演]：基于 T1078 (Valid Accounts) 和 T1134 (Access Token Manipulation)，攻击者已获取了高权限（如 SYSTEM 或 Domain Admin）的访问令牌，并成功在目标主机上建立了持久化（T1546）。攻击者目前拥有对目标系统的完全控制权，且已清除关键的安全日志（Security, System, Application），使得基于日志的实时检测失效。[意图图谱映射]：在清理完日志（T1070）后，",cat3_interface_gap_proof,1
1083,T1204,T1559 || T1106 || T1204 || T1204,2,1,2,1,7.488482475280762,7.592507362365723,7.488482475280762,7.507206916809082,T1547 (7.54) | T1204 (7.49) | T1047 (5.90),T1204 (7.59) | T1547 (7.22) | T1047 (4.79),T1547 (7.54) | T1204 (7.49) | T1047 (5.90),T1204 (7.51) | T1547 (7.49) | T1047 (5.70),"[战术阶段评估]：前缀序列 T1559 (Sub-OS Commanding) -> T1106 (Native API) -> T1204 (User Execution) -> T1204 (User Execution) 显示攻击者已经完成了初始命令执行（T1559），并调用了系统原生 API（T1106）来辅助执行。随后连续两次出现 T1204（用户执行），结合 KG Context 中关于 RedCurl、Magic Hound 和 RTM 利用恶意文件或链接的描述，这表明攻击者正处于利用社会工程学诱导用户打开恶意载荷（如文档、压缩包）的关键阶段。最后两步的重复 T1204 暗示攻击者可能正在尝试不同的诱饵文件，或者在等待用户交互以触发后续的 Payload 执行。

[已获资产推演]：基于 T1559 和 T1106 的存在，攻击者已经成功在目标系统上执行了底层命令，并可能已经获取了初始的进程上下文。然而，T1204 的连续出现表明，虽然攻击者已经触发了恶意文件，但尚未确认是否获得了稳定的持久化权限或高权限访问。攻击者目前掌握的是“已触发但未完全确立控制”的中间状态，或者正",cat3_interface_gap_proof,1
1205,T1574,T1204 || T1204 || T1204 || T1574 || T1574 || T1574 || T1574 || T1574,2,1,2,1,8.32013988494873,5.6028594970703125,8.32013988494873,7.831029415130615,T1036 (8.45) | T1574 (8.32) | T1547 (7.00),T1574 (5.60) | T1053 (3.21) | T1562 (2.12),T1036 (8.45) | T1574 (8.32) | T1547 (7.00),T1574 (7.83) | T1036 (7.19) | T1547 (6.02),"[战术阶段评估]：前缀序列显示攻击者连续执行了多次 T1204（用户执行）和 T1574（组件篡改）。T1204 通常用于初始执行或维持访问，而 T1574 的连续出现（特别是最后三步）表明攻击者正在深入进行持久化配置，具体涉及 DLL 搜索顺序劫持（T1574.001）或动态链接器劫持（T1574.006）。这标志着攻击者已完成初始入侵，并正在构建或加固其持久化机制，确保恶意代码在系统重启或特定触发条件下能自动加载。

[已获资产推演]：基于 T1574 的连续执行，攻击者目前掌握了目标系统的文件系统写入权限（用于修改 DLL 搜索路径或 ld.so.preload 文件）以及系统级的配置修改权限。攻击者已经成功植入了恶意载荷的加载机制（如伪造的 version.dll 或修改的链接器配置），但尚未看到明确的横向移动或数据窃取行为。此时，攻击者最核心的资产是“已配置好的持久化加载点”。

[意图图谱映射]：根据 KG Context，FoggyWeb、Hildegard 和 Pcexter 等恶意软件均利用 T1574 作为加载器来执行后续恶意行为。在成功配置好 T1574 后，逻辑",cat3_interface_gap_proof,1
1257,T1078,T1133 || T1574 || T1574 || T1556 || T1556 || T1053 || T1053 || T1078 || T1078 || T1574 || T1574 || T1053 || T1053 || T1078,2,1,2,1,8.072875022888184,4.572242259979248,8.072875022888184,7.442761421203613,T1574 (8.81) | T1078 (8.07) | T1134 (7.40),T1078 (4.57) | T1564 (3.19) | T1134 (3.01),T1574 (8.81) | T1078 (8.07) | T1134 (7.40),T1078 (7.44) | T1574 (7.43) | T1134 (6.61),"[战术阶段评估]：前缀序列以 T1053 (Command and Scripting Interpreter: Scheduled Task/Job) 和 T1078 (Valid Accounts) 的交替重复结束。T1078 代表攻击者已获取或正在使用有效凭据进行登录，而 T1053 代表利用计划任务进行持久化。这种 '登录 -> 持久化 -> 登录 -> 持久化' 的循环模式，通常发生在攻击者试图在多个节点或不同会话中建立稳固的立足点，或者在初始访问后反复验证并加固其控制通道。最后两步 T1053 || T1053 || T1078 显示攻击者刚刚完成了一次计划任务的创建（或更新），并再次尝试登录或验证会话，这标志着‘持久化’阶段的收尾和‘命令与控制’或‘横向移动’准备阶段的开始。

[已获资产推演]：基于 T1078 的频繁出现，攻击者目前至少掌握了一个或多个有效用户账户的访问权限。结合 T1574 (Component Object Model) 和 T1556 (Modify Authentication Process) 的早期出现，攻击者可能已经修改了系统认证机制或劫",cat3_interface_gap_proof,1
1260,T1135,T1217 || T1482 || T1083 || T1680 || T1046,2,2,2,1,11.165902137756348,5.962374210357666,11.165902137756348,10.229267120361328,T1057 (11.73) | T1135 (11.17) | T1120 (10.68),T1012 (6.10) | T1135 (5.96) | T1046 (4.65),T1057 (11.73) | T1135 (11.17) | T1120 (10.68),T1135 (10.23) | T1057 (10.12) | T1120 (8.51),"[战术阶段评估]：前缀序列 T1217 (Browser) -> T1482 (System Info) -> T1083 (File Discovery) -> T1680 (Local Storage) -> T1046 (Network Service Discovery) 显示攻击者正处于侦察（Reconnaissance）阶段的深化期。最后两步 T1680 和 T1046 表明攻击者不仅完成了本地文件系统（T1083）和浏览器存储（T1680）的扫描，还刚刚转向了网络层面的服务发现（T1046）。这通常意味着攻击者正在绘制完整的攻击面，从本地存储转向网络拓扑。

[已获资产推演]：基于 T1083 和 T1680，攻击者已掌握本地文件结构、特定目录内容、驱动器类型以及浏览器缓存/存储数据。结合 T1046，攻击者现在已识别出网络中活跃的服务（如 SMB, RDP, HTTP 等）及其端口。此时，攻击者尚未执行凭证获取或横向移动，但已具备识别潜在跳板或高价值目标（如文件服务器、数据库服务）的能力。

[意图图谱映射]：在识别了网络服务（T1046）后，攻击者的逻辑下一步通常是利",cat3_interface_gap_proof,1
1265,T1069,T1217 || T1482 || T1083 || T1680 || T1046 || T1135 || T1201,2,1,2,1,11.566733360290527,6.414385795593262,11.566733360290527,10.639310836791992,T1057 (11.59) | T1069 (11.57) | T1120 (11.14),T1069 (6.41) | T1082 (4.71) | T1012 (3.65),T1057 (11.59) | T1069 (11.57) | T1120 (11.14),T1069 (10.64) | T1057 (10.06) | T1120 (9.06),"[战术阶段评估]：前缀序列 T1217 (Browser) -> T1482 (Discovery: Cloud) -> T1083 (File Discovery) -> T1680 (Command and Scripting Interpreter) -> T1046 (Network Service Discovery) -> T1135 (Network Share Discovery) -> T1201 (Compromised Credentials) 显示攻击者正处于从‘广域侦察’向‘深度横向移动’过渡的关键阶段。最后两步 T1046 和 T1135 是典型的网络层资产发现，旨在识别高价值目标（如数据库、共享存储）。T1201 的出现表明攻击者已经利用前序发现（如 T1046 发现的 SSH/Redis 或 T1135 发现的共享盘）成功获取了凭证，这是横向移动的前置条件。

[已获资产推演]：基于 T1046 和 T1135 的上下文（Rocke 扫描端口、Wocao/Stuxnet 枚举共享），攻击者目前掌握了网络拓扑中的关键节点信息（如 7001 端口、SSH 服",cat3_interface_gap_proof,1
1267,T1012,T1217 || T1482 || T1083 || T1680 || T1046 || T1135 || T1201 || T1069 || T1069 || T1057,2,1,2,1,11.421965599060059,7.334259033203125,11.421965599060059,10.686178207397461,T1018 (11.45) | T1012 (11.42) | T1082 (8.87),T1012 (7.33) | T1018 (6.26) | T1082 (5.86),T1018 (11.45) | T1012 (11.42) | T1082 (8.87),T1012 (10.69) | T1018 (10.51) | T1082 (8.33),"[战术阶段评估]：前缀序列以 T1069 (Local Groups) 重复两次，紧接着是 T1057 (Process Discovery)。T1069 属于 'Discovery' 战术，旨在识别本地权限组（如 Administrators）；T1057 同样属于 'Discovery'，用于枚举当前运行的进程。这表明攻击者正处于横向移动前的深度侦察阶段，重点在于确认当前账户的权限边界和系统运行状态。

[已获资产推演]：攻击者已经执行了 T1217 (Browser), T1482 (System Info), T1083 (File), T1680 (User), T1046 (Network), T1135 (Network Share), T1201 (Password), T1069 (Local Groups)。特别是 T1201 (Password) 和 T1069 的组合，暗示攻击者可能已经获取了凭据并正在验证这些凭据在本地组中的有效性。重复执行 T1069 可能意味着攻击者在尝试不同的上下文或确认权限提升的可行性。此时，攻击者已掌握当前主机的进程列表和权限组信息，",cat3_interface_gap_proof,1
1082,T1053,T1059 || T1059 || T1106 || T1053 || T1053 || T1072 || T1569 || T1569 || T1204 || T1204 || T1547 || T1112 || T1053 || T1053 || T1078 || T1547 || T1060 || T1055,2,1,2,1,9.877635955810547,8.373922348022461,9.877635955810547,9.60696792602539,T1093 (9.98) | T1053 (9.88) | T1055 (8.16),T1053 (8.37) | T1093 (6.64) | T1055 (5.60),T1093 (9.98) | T1053 (9.88) | T1055 (8.16),T1053 (9.61) | T1093 (9.38) | T1055 (7.70),"[战术阶段评估]：前缀序列以 T1547 (Persistence) 和 T1060 (Registry Run Keys) 结尾，随后紧跟 T1055 (Process Injection)。这表明攻击者刚刚完成了持久化机制的部署（通过注册表启动项），并立即尝试将恶意载荷注入到合法进程中。这是一个典型的从‘建立持久性’向‘执行/维持活跃’过渡的阶段。T1055 的出现标志着攻击者正在尝试在内存中执行代码，以规避磁盘扫描或隐藏自身。

[已获资产推演]：基于 T1059 (Command and Scripting Interpreter) 和 T1106 (Native API) 的早期出现，攻击者已具备系统级执行能力。T1078 (Valid Accounts) 和 T1053 (Scheduled Task) 的反复出现暗示攻击者可能已获取了本地管理员权限或已配置了高权限的定时任务。T1547 和 T1060 的确认意味着攻击者已确保在系统重启后能自动运行。当前，攻击者已掌握对目标系统的完全控制权，并正在利用进程注入技术（T1055）来隐藏其活动或加载未签名的 DLL。

[意图",cat3_interface_gap_proof,1
853,T1204,T1059 || T1203 || T1053 || T1053,2,2,2,1,8.423628807067871,7.099905014038086,8.423628807067871,8.185358047485352,T1053 (8.54) | T1204 (8.42) | T1047 (6.85),T1569 (7.55) | T1204 (7.10) | T1053 (6.38),T1053 (8.54) | T1204 (8.42) | T1047 (6.85),T1204 (8.19) | T1053 (8.15) | T1569 (6.74),"[战术阶段评估]：前缀序列 T1059 (Command and Scripting Interpreter) -> T1203 (Exploit Public-Facing Application) -> T1053 (Scheduled Task/Job) -> T1053。最后两步重复执行 T1053，且结合 KG Context 中关于 Lucifer、Saint Bot、NETWIRE 等恶意软件利用 T1053.005 (Scheduled Task) 建立持久性的描述，表明攻击者刚刚完成了初始入侵（T1203）和命令执行（T1059），并正在通过创建计划任务来确保在重启或时间推移后仍能维持访问权限。当前处于‘持久化’战术阶段的收尾或确认环节。

[已获资产推演]：攻击者通过 T1203 成功利用外部服务漏洞，通过 T1059 执行了载荷，并通过 T1053 成功部署了持久化机制。这意味着攻击者目前拥有目标系统的‘用户级’或‘服务级’执行权限，且该权限已具备‘持久性’特征。攻击者已初步站稳脚跟，但尚未进行横向移动或数据窃取。

[意图图谱映射]：在成功建立持久化（T1053",cat3_interface_gap_proof,1
1319,T1071,T1589 || T1589 || T1566 || T1566 || T1059 || T1059 || T1204 || T1204 || T1036 || T1027 || T1027 || T1027 || T1218 || T1218 || T1218 || T1071,2,1,2,1,10.213582038879395,5.082130432128906,10.213582038879395,9.289920806884766,T1590 (10.57) | T1071 (10.21) | T1105 (9.57),T1071 (5.08) | T1573 (2.29) | T1105 (1.96),T1590 (10.57) | T1071 (10.21) | T1105 (9.57),T1071 (9.29) | T1590 (9.00) | T1105 (8.20),"[战术阶段评估]：攻击前缀序列显示攻击者已完成侦察（T1589）、初始访问（T1566）和权限执行（T1059）。随后进行了持久化（T1204）和防御规避（T1036, T1027）。关键转折在于最后两步：T1218（通过系统二进制文件如 rundll32 执行）和 T1071（应用层协议通信）。这表明攻击者已经成功利用系统二进制文件（如 rundll32）加载了恶意组件，并正在建立与命令控制（C2）服务器的网络连接。当前处于‘执行恶意载荷’向‘建立C2通道’过渡的阶段。

[已获资产推演]：基于 T1218 和 T1071 的组合，攻击者目前掌握了目标系统的执行上下文（通过 rundll32 等系统进程），并成功建立了出站网络连接。这意味着攻击者已经获得了初步的远程访问能力，能够接收指令或传输数据。此时，攻击者通常已经部署了第二阶段的恶意软件（如 Ransomware, Stealer, 或 C2 Agent）。

[意图图谱映射]：结合 KG Context，Gamaredon、SDBbot 等组织常利用 T1218.011 (rundll32) 来启动后续组件。在成功建立 T10",cat3_interface_gap_proof,1
1271,T1033,T1217 || T1482 || T1083 || T1680 || T1046 || T1135 || T1201 || T1069 || T1069 || T1057 || T1012 || T1018 || T1016 || T1049,2,1,2,1,10.852684020996094,8.793937683105469,10.852684020996094,10.482109069824219,T1210 (11.36) | T1033 (10.85) | T1007 (10.70),T1033 (8.79) | T1007 (6.32) | T1021 (6.00),T1210 (11.36) | T1033 (10.85) | T1007 (10.70),T1033 (10.48) | T1210 (10.19) | T1007 (9.91),"[战术阶段评估]：前缀序列以 T1018 (System Information Discovery) 和 T1016 (System Network Configuration Discovery) 结尾，紧接着是 T1049 (System Network Connections Discovery)。这表明攻击者正处于‘侦察/发现’（Discovery）战术阶段的深化期。攻击者已经从基础的系统信息收集（T1018）过渡到了网络配置（T1016），并进一步细化到具体的网络连接状态（T1049）。

[已获资产推演]：基于 T1018、T1016 和 T1049 的组合，攻击者目前掌握了受害主机的操作系统版本、网络接口配置（IP、子网掩码、网关）、DNS 设置以及当前活跃的网络连接（包括远程 IP、端口、协议状态）。这意味着攻击者已经完成了对单点主机的‘网络拓扑’和‘通信路径’的初步测绘，能够识别出哪些服务正在监听，以及哪些外部连接是活跃的。

[意图图谱映射]：结合 KG Context，T1016 和 T1018 是典型的网络侦察手段，常用于确定内网位置、域环境特征或寻找跳板。在",cat3_interface_gap_proof,1
1333,T1059,T1589 || T1589 || T1566 || T1566,2,1,2,1,7.57454252243042,3.411623477935791,7.57454252243042,6.825217247009277,T1588 (8.00) | T1059 (7.57) | T1584 (6.68),T1059 (3.41) | T1078 (0.98) | T1110 (0.45),T1588 (8.00) | T1059 (7.57) | T1584 (6.68),T1059 (6.83) | T1588 (5.74) | T1204 (4.44),nan,cat3_interface_gap_proof,1
1346,T1569,T1609 || T1610 || T1569,2,2,2,1,6.286562919616699,1.3129758834838867,6.286562919616699,5.391317367553711,T1036 (6.47) | T1569 (6.29) | T1070 (5.01),T1204 (3.77) | T1569 (1.31) | T1059 (0.95),T1036 (6.47) | T1569 (6.29) | T1070 (5.01),T1569 (5.39) | T1036 (4.57) | T1204 (3.76),"[战术阶段评估]：前缀序列 T1609 (收集云凭据) -> T1610 (收集云配置) -> T1569 (执行系统服务) 显示攻击者正处于从‘信息收集’向‘初始访问/执行’过渡的关键节点。T1609 和 T1610 表明攻击者已获取了云环境或本地系统的凭证及配置信息，而 T1610 的收集往往是为了寻找配置弱点或提升权限的跳板。T1569 作为序列的结尾，明确指向了利用服务执行命令，这通常是攻击者为了在目标系统上建立持久性或执行恶意载荷（Payload）的直接手段。

[已获资产推演]：基于 T1609 和 T1610，攻击者目前掌握了高价值的身份凭证（可能是云管理员或本地管理员）以及系统配置信息。T1569 的执行表明攻击者已经成功利用这些凭证在目标系统上获得了执行权限（Execution Privileges），并且可能已经通过服务形式（如 PsExec, Winexe 等）在目标上建立了临时的或持久的执行通道。此时，攻击者已具备在目标系统上运行任意代码的能力。

[意图图谱映射]：T1569 作为执行手段，其后续逻辑必然指向‘利用已获得的执行能力进行更深层次的渗透’。在 Lo",cat3_interface_gap_proof,1
1444,T1595,T1595 || T1595,2,2,2,1,10.126285552978516,5.468452453613281,10.126285552978516,9.28787612915039,T1583 (10.18) | T1595 (10.13) | T1589 (9.23),T1589 (5.90) | T1595 (5.47) | T1583 (4.25),T1583 (10.18) | T1595 (10.13) | T1589 (9.23),T1595 (9.29) | T1583 (9.11) | T1589 (8.63),"[战术阶段评估]：前缀序列为 T1595 || T1595。T1595 (Active Scanning) 属于侦察阶段 (Reconnaissance)。连续两次执行该操作，表明攻击者正在进行深度的、多轮次的网络资产探测，旨在确认目标系统的存活状态、开放端口及具体服务版本。当前处于攻击生命周期的早期侦察阶段，尚未进入武器化或初始访问。

[已获资产推演]：基于连续扫描行为，攻击者目前掌握的资产信息仅限于网络层面的粗粒度数据，如 IP 地址、开放端口、服务指纹（如 Web 服务器类型、数据库版本）以及潜在的漏洞列表。攻击者尚未获得任何主机层面的执行权限、凭证或文件访问能力。

[意图图谱映射]：结合 KG Context，APT41、SharePoint ToolShell 和 Winter Vivern 等组织在 T1595 之后，通常利用扫描结果（特别是 T1595.002 漏洞扫描结果）来筛选高价值目标。逻辑上，扫描的目的是为了寻找可利用的漏洞（Vulnerabilities），以便下一步执行利用操作。因此，攻击面已锁定在“已识别的漏洞”上，下一步必然从“发现漏洞”转向“利用漏洞",cat3_interface_gap_proof,1
1489,T1003,T1027 || T1027 || T1218 || T1218 || T1003 || T1003,2,1,2,1,8.513943672180176,7.183455467224121,8.513943672180176,8.274456024169922,T1083 (8.79) | T1003 (8.51) | T1082 (7.50),T1003 (7.18) | T1552 (4.25) | T1087 (4.11),T1083 (8.79) | T1003 (8.51) | T1082 (7.50),T1003 (8.27) | T1083 (7.71) | T1539 (6.51),"[战术阶段评估]：前缀序列以 T1027 (Obfuscated Files or Information) 开始，随后是 T1218 (System Binary Proxy Execution)，最后两步为 T1003 (OS Credential Dumping) 的重复执行。这表明攻击者已经完成了初始载荷的混淆与执行，并成功进入了凭证窃取阶段。T1003 的重复出现暗示攻击者可能正在尝试获取不同用户的凭证，或者在验证已获取凭证的有效性，这是典型的‘凭证获取’战术阶段。

[已获资产推演]：基于 T1003 的执行，攻击者目前最可能已经获取了本地系统的 LSASS 内存转储或明文/哈希形式的凭据。这意味着攻击者拥有了当前受害主机的本地管理员权限或特定用户的高权限凭证。然而，攻击者尚未表现出明显的横向移动（如 T1021）或远程执行（如 T1059）行为，说明其当前资产仅限于单点主机，但已具备向外扩展的‘钥匙’。

[意图图谱映射]：结合 KG Context，Axiom、FIN6、Agrius 等组织在 T1003 之后通常利用获取的凭据进行横向移动或远程访问。攻击者获取凭据的逻",cat3_interface_gap_proof,1
1348,T1204,T1609 || T1610 || T1569 || T1569,2,1,2,1,7.295616149902344,5.2391462326049805,7.295616149902344,6.925451278686523,T1569 (7.58) | T1204 (7.30) | T1047 (7.16),T1204 (5.24) | T1047 (2.02) | T1133 (1.74),T1569 (7.58) | T1204 (7.30) | T1047 (7.16),T1204 (6.93) | T1569 (6.25) | T1047 (6.24),"[战术阶段评估]：前缀序列 T1609 (收集云凭据) -> T1610 (收集云凭据) -> T1569 (执行系统命令) -> T1569 (执行系统命令)。最后两步重复 T1569，表明攻击者已经完成了初步的凭据收集（可能是云环境或本地），并正在利用这些凭据在目标系统上执行具体的命令。这标志着攻击者正处于从‘侦察/收集’向‘执行/横向移动’过渡的关键阶段，且已经成功触发了远程执行机制。

[已获资产推演]：基于 T1609/T1610 的连续执行，攻击者已获取了有效的身份验证凭据（可能是云 API 密钥、IAM 角色或本地服务账户）。结合 T1569 的上下文（Service Execution），攻击者目前掌握了在目标系统上以特定服务账户或系统权限执行任意命令的能力。他们可能已经建立了临时的服务通道（如 PsExec 或 ZxShell 创建的临时服务），或者正在利用现有的服务执行机制进行持续控制。

[意图图谱映射]：在成功执行命令（T1569）后，攻击者的逻辑意图通常是利用这些命令来部署更持久的工具、提升权限或向网络深处移动。KG Context 明确提到 LockBit ",cat3_interface_gap_proof,1
1379,T1027,T1222 || T1222 || T1562 || T1562 || T1562 || T1070 || T1070 || T1070 || T1036 || T1036,2,1,2,1,10.014833450317383,7.454843521118164,10.014833450317383,9.554035186767578,T1112 (10.30) | T1027 (10.01) | T1036 (9.71),T1027 (7.45) | T1218 (6.44) | T1036 (5.78),T1112 (10.30) | T1027 (10.01) | T1036 (9.71),T1027 (9.55) | T1112 (9.22) | T1036 (9.00),"[战术阶段评估]：前缀序列显示攻击者经历了重复的 T1222 (File and Directory Permissions Modification) 和 T1562 (Impair Defenses)，随后是 T1070 (Indicator Removal) 的三次执行，最后以 T1036 (Masquerading) 的两次执行结束。这表明攻击者已经完成了对防御机制的削弱、日志的清理以及自身存在的伪装。当前处于攻击链的‘持久化建立’或‘横向移动准备’阶段，即‘清理现场并伪装身份’后的下一步行动。

[已获资产推演]：攻击者通过 T1222 和 T1562 获得了修改权限和禁用防御的能力。T1070 的执行意味着攻击者已经清除了部分痕迹，降低了被检测的风险。T1036 的重复执行（特别是结合 KG Context 中提到的将恶意文件伪装成合法服务或 DLL，如 svchost.exe 或 hha.dll）表明攻击者已经成功将恶意载荷伪装成系统合法组件，并可能已经将其注册为服务或放置在系统路径下。此时，攻击者拥有的是‘伪装后的恶意文件’或‘伪装的服务’，但尚未确认其是否已完全激活或",cat3_interface_gap_proof,1
1745,T1562,T1133 || T1078 || T1059 || T1059 || T1133 || T1078 || T1078 || T1562,2,1,2,1,9.979486465454102,6.338799953460693,9.979486465454102,9.324163436889648,T1070 (10.32) | T1562 (9.98) | T1656 (7.32),T1562 (6.34) | T1070 (4.51) | T1656 (3.02),T1070 (10.32) | T1562 (9.98) | T1656 (7.32),T1562 (9.32) | T1070 (9.28) | T1656 (6.55),"[战术阶段评估]：前缀序列以 T1078 (Valid Accounts) 的重复出现开始，随后是 T1059 (Command and Scripting Interpreter) 的执行，最后以 T1562 (Impair Defenses) 结束。T1562 通常用于禁用安全软件（如杀毒软件、EDR）或关闭日志记录，这标志着攻击者正在清理环境，为后续更敏感或更持久的操作做准备。最后两步的 T1078 重复出现暗示攻击者可能正在尝试切换不同的凭证上下文，或者在禁用防御后重新建立连接以确保稳定性。整体处于从‘初始访问/执行’向‘持久化/防御规避’过渡，并准备进入‘横向移动’或‘数据窃取’的关键节点。

[已获资产推演]：攻击者已经成功获取了域账户（T1078.002）或本地管理员账户（T1078.003）的权限，并能够执行命令（T1059）。T1562 的执行表明攻击者已经获得了对目标系统的控制权，并成功削弱了防御机制。此时，攻击者拥有较高的权限，但尚未进行大规模的横向移动或数据外传。

[意图图谱映射]：结合 KG Context，Cobalt Strike 和 FIN10 等组织",cat3_interface_gap_proof,1
1554,T1562,T1564 || T1564 || T1562,2,1,2,1,10.176111221313477,8.195512771606445,10.176111221313477,9.819602966308594,T1070 (11.03) | T1562 (10.18) | T1036 (9.02),T1562 (8.20) | T1564 (3.30) | T1574 (3.29),T1070 (11.03) | T1562 (10.18) | T1036 (9.02),T1562 (9.82) | T1070 (9.44) | T1036 (7.80),"[战术阶段评估]：前缀序列 T1564 (T1564.001/003) 重复出现后接 T1562 (Disable or Modify Tools)，表明攻击者正处于攻击的‘防御规避’与‘持久化巩固’阶段。T1564 用于隐藏恶意文件、进程或窗口，T1562 用于禁用安全软件或系统工具。这种组合通常发生在初始访问成功并部署了载荷（如 QuasarRAT）之后，攻击者正在清理痕迹并防止被检测，以确保长期驻留。

[已获资产推演]：基于 T1564 和 T1562 的执行，攻击者目前至少已经获得了目标主机的本地执行权限（Local Execution），并成功部署了恶意载荷（如 QuasarRAT 或类似 RAT）。攻击者已具备修改文件系统属性（隐藏文件）和干扰安全机制的能力。此时，攻击者通常已经建立了初步的持久化机制，但尚未进行横向移动或数据窃取。

[意图图谱映射]：在成功隐藏自身（T1564）并禁用防御工具（T1562）后，攻击者的逻辑下一步通常是利用已建立的立足点进行‘价值挖掘’。根据 ATT&CK 逻辑，防御规避后的标准流程是：1. 收集更多数据（T1005/T1008/T103",cat3_interface_gap_proof,1
1809,T1598,T1589 || T1589 || T1591,2,3,2,1,10.93567180633545,4.067533493041992,10.93567180633545,9.699406623840332,T1591 (11.12) | T1598 (10.94) | T1583 (9.01),T1583 (4.61) | T1594 (4.48) | T1598 (4.07),T1591 (11.12) | T1598 (10.94) | T1583 (9.01),T1598 (9.70) | T1591 (9.50) | T1583 (8.22),"[战术阶段评估]：前缀序列 T1589 (Reconnaissance) 重复两次后接 T1591 (Gather Victim Identity Information)，表明攻击者正处于初始侦察阶段。T1589 侧重于收集公开信息（如邮箱、社交媒体），而 T1591 侧重于收集受害者身份细节（如姓名、职位、组织关系）。这两步操作高度聚焦于‘受害者画像’的构建，尚未进入武器化或投递阶段。

[已获资产推演]：基于 T1589 和 T1591 的连续执行，攻击者目前掌握的粗粒度资产主要是‘受害者身份数据’（如邮箱地址、姓名、职位、所属组织）。这些是进行社会工程学攻击（特别是鱼叉式网络钓鱼）的核心素材。攻击者尚未获得对目标系统的访问权限或内部网络拓扑信息。

[意图图谱映射]：结合 KG Context，Sandworm、APT32 和 Quad7 等组织在收集邮箱和身份后，明确将其用于 'spearphishing'（鱼叉式网络钓鱼）。在 ATT&CK 图谱中，收集到的身份数据是执行 T1566 (Phishing) 的前置必要条件。因此，逻辑上的下一步必然是利用这些身份数据发起定向攻",cat3_interface_gap_proof,1
1746,T1036,T1133 || T1078 || T1059 || T1059 || T1133 || T1078 || T1078 || T1562 || T1562 || T1036,2,1,2,1,9.028514862060547,11.761978149414062,9.028514862060547,9.520538330078125,T1027 (9.90) | T1036 (9.03) | T1078 (8.18),T1036 (11.76) | T1112 (7.65) | T1027 (7.59),T1027 (9.90) | T1036 (9.03) | T1078 (8.18),T1036 (9.52) | T1027 (9.48) | T1078 (7.27),"[战术阶段评估]：前缀序列以 T1562 (Disable or Modify System Firewall) 的重复执行开始，紧接着是 T1036 (Masquerading)。T1562 表明攻击者正在清除或修改系统防御机制（特别是防火墙），这是典型的防御规避（Defense Evasion）行为。随后的 T1036 表明攻击者正在通过伪装进程名或文件属性来隐藏自身。最后两步（T1562 || T1036）显示攻击者正处于‘清理痕迹’和‘确保持久化通道畅通’的收尾阶段，为后续更隐蔽的操作做准备。

[已获资产推演]：基于 T1133 (Accessible External Remote Services) 和 T1078 (Valid Accounts) 的早期出现，攻击者已经成功获取了外部访问权限并建立了初始立足点。T1059 (Command and Scripting Interpreter) 的多次出现表明攻击者已经能够执行命令。当前的 T1562 和 T1036 操作意味着攻击者已经控制了目标系统的关键防御组件，并正在隐藏其活动。此时，攻击者通常已经拥有了较高的权限（",cat3_interface_gap_proof,1
1816,T1056,T1005 || T1039 || T1114 || T1114,2,1,2,1,9.940680503845215,7.159217834472656,9.940680503845215,9.440016746520996,T1113 (10.27) | T1056 (9.94) | T1071 (9.16),T1056 (7.16) | T1114 (6.08) | T1105 (3.96),T1113 (10.27) | T1056 (9.94) | T1071 (9.16),T1056 (9.44) | T1113 (8.87) | T1114 (8.21),"[战术阶段评估]：前缀序列以 T1039 (Collection: Local Data from Cloud Storage) 开始，随后连续两次执行 T1114 (Collection: Email Data)。T1039 表明攻击者已具备访问云端存储的权限并进行了数据收集。随后的 T1114 重复执行两次，强烈暗示攻击者正在系统性地收集本地邮件数据，且可能涉及不同邮箱账户或不同存储位置（如 OST/PST 文件）。这标志着攻击者正处于‘数据收集’阶段的尾声，且重心从云端转移到了本地敏感数据（邮件）。

[已获资产推演]：基于 T1039 和 T1114 的执行，攻击者目前掌握了：1) 云端存储的访问权限及已获取的云端数据；2) 本地邮件客户端的访问权限及已获取的本地邮件数据（包含联系人、历史对话、附件等）。这些邮件数据是构建社会工程学攻击（特别是钓鱼）的核心素材。

[意图图谱映射]：KG Context 明确指出 RedCurl、QakBot、Sea Turtle 等威胁组织在收集本地邮件（T1114）后，其核心意图是用于‘未来的钓鱼活动’（future phishing ca",cat3_interface_gap_proof,1
1933,T1078,T1027 || T1055 || T1014 || T1218 || T1218 || T1205 || T1205,2,1,2,1,7.537572383880615,3.8973195552825928,7.537572383880615,6.882327079772949,T1550 (8.58) | T1078 (7.54) | T1003 (7.44),T1078 (3.90) | T1547 (1.01) | T1205 (0.53),T1550 (8.58) | T1078 (7.54) | T1003 (7.44),T1078 (6.88) | T1550 (6.37) | T1557 (5.66),"[战术阶段评估]：前缀序列以 T1218 (Signed Binary Proxy Execution) 和 T1205 (Compromise and Defense Evasion via Traffic Signaling/Port Knocking) 结尾。T1218 表明攻击者正在利用合法系统工具（如 rundll32, cscript 等）执行恶意载荷，这通常发生在初始访问或执行阶段。紧接着的 T1205 重复出现，结合 KG Context 中关于 SYNful Knock、metaMain 和 Chaos 的描述，明确指向攻击者正在利用特殊的网络流量信号（如 TCP SYN 标志位、特定端口序列）来触发、唤醒或控制已植入的恶意软件（Implant）。这标志着攻击者已从单纯的‘执行’阶段过渡到‘命令与控制’（C2）的激活与通信阶段，正在建立或维持隐蔽的 C2 通道。

[已获资产推演]：基于 T1027 (Obfuscated Files or Information) 和 T1055 (Process Injection) 的早期步骤，攻击者已经成功将恶意代码注入到合法",cat3_interface_gap_proof,1
1959,T1543,T1189 || T1566 || T1195 || T1195 || T1078 || T1203 || T1559 || T1543 || T1543 || T1546 || T1546 || T1574 || T1574 || T1078 || T1543,2,1,2,1,8.672532081604004,5.575784206390381,8.672532081604004,8.115118026733398,T1574 (8.87) | T1543 (8.67) | T1078 (6.83),T1543 (5.58) | T1546 (4.25) | T1484 (4.15),T1574 (8.87) | T1543 (8.67) | T1078 (6.83),T1543 (8.12) | T1574 (7.65) | T1078 (6.14),"[战术阶段评估]：攻击前缀序列显示攻击者经历了初始访问（T1189, T1566, T1195），随后进行了凭证获取（T1078）和权限提升（T1203, T1559）。关键转折在于序列后半段：攻击者反复执行 T1543（创建服务/启动项）和 T1546（修改启动项），并穿插 T1574（组件组件）。最后两步是 T1574（组件组件）和 T1078（有效账户），紧接着又是 T1543。这表明攻击者刚刚完成了持久化机制的部署（T1543），并可能利用新建立的持久化或已知凭证（T1078）重新建立了会话或验证了权限。当前处于‘持久化建立后验证’或‘利用持久化机制进行二次登录’的阶段。

[已获资产推演]：基于 T1543.003（Windows Service）和 T1078（有效账户）的上下文，攻击者目前极可能已经获得了目标系统的 SYSTEM 权限（通过服务）或高权限域账户权限。攻击者已经成功将恶意载荷注册为系统服务，这意味着他们拥有在系统重启或特定触发条件下自动执行代码的能力，且具备在本地或域内以高权限运行命令的通道。

[意图图谱映射]：结合 KG Context 中提到的 Car",cat3_interface_gap_proof,1
2019,T1608,T1587 || T1587 || T1585 || T1588 || T1588 || T1588,2,2,2,1,7.840619087219238,4.249831199645996,7.840619087219238,7.194277286529541,T1566 (8.13) | T1608 (7.84) | T1596 (7.69),T1588 (5.19) | T1608 (4.25) | T1190 (3.76),T1566 (8.13) | T1608 (7.84) | T1596 (7.69),T1608 (7.19) | T1566 (7.12) | T1190 (6.83),"[战术阶段评估]：前缀序列以 T1587 (获取漏洞) 开始，随后是 T1585 (建立能力) 和连续的 T1588 (获取能力)。最后三步均为 T1588，表明攻击者正处于高强度的‘能力获取’阶段，特别是针对特定工具、代码签名证书或恶意载荷的获取。结合 KG Context，Mustang Panda 和 Andariel 等组织利用 T1588 获取代码签名证书或公开工具，这通常是为了绕过防御或降低检测率，为后续执行做准备。

[已获资产推演]：基于连续的 T1588 操作，攻击者目前极可能已经获取了关键的‘攻击载荷’（如带有有效签名的恶意软件、RAT 工具）或‘信任凭证’（如代码签名证书）。此时，攻击者尚未进入执行阶段，但已具备执行所需的‘弹药’。资产状态为：拥有可执行的恶意代码或工具，但尚未在目标环境中运行。

[意图图谱映射]：在 ATT&CK 战术图谱中，获取能力（T1588）的直接逻辑后续是执行（Execution, T1204）或初始访问（Initial Access, T1190/T1133 等，如果获取的是漏洞利用工具）。考虑到攻击者已经完成了‘获取’动作，下一步必",cat3_interface_gap_proof,1
