sequence_id,state,true_label,json_parse_ok,llm_thinking_process,raw_output,pred_top1,true_rank,top1_hit,top5_hit,rr,top5_labels
SIM_004_part004,T1078,T1586,1,"[战术阶段评估]：Prefix 序列仅包含 T1078 (Valid Accounts)。T1078 是初始访问或持久化阶段的关键技术，用于建立立足点。序列以 T1078 结尾，表明攻击者刚刚成功利用凭证（可能是本地账户或域账户，取决于上下文中的 Turla/SolarWinds/FIN7 模式）进入了系统或网络。当前处于‘初始访问’向‘执行’或‘权限提升’过渡的临界点。

[已获资产推演]：基于 KG Context 中提到的 Turla (本地账户)、SolarWinds (域管理员) 和 FIN7 (SYSTEM 权限)，攻击者目前至少拥有一个有效的用户上下文。如果利用的是 T1078.003 (本地账户)，攻击者可能拥有本地管理员权限或普通用户权限；如果利用的是 T1078.002 (域账户)，则拥有域内访问能力。无论哪种情况，攻击者目前的核心资产是‘已验证的会话’和‘潜在的本地/域权限’。

[意图图谱映射]：在获得有效账户后，攻击者的首要逻辑意图通常是利用该账户执行恶意代码（执行阶段）或提升权限（权限提升阶段）。KG Context 中提到的 Turla 和 FIN7 利用账户作为 SYSTEM 或跨网络移动，暗示了攻击者下一步极大概率会尝试执行载荷（T1059）以部署工具，或者尝试提升当前账户权限（T1068）以获取更高特权，亦或是利用该账户进行横向移动（T1021）以扩大战果。考虑到 T1078 是入口，T1059 是紧随其后的标准操作，T1068 是获取更高权限的常见路径，T1021 是扩大控制范围的路径，T1055 是进程注入的常见手段，T1003 是凭证转储以进一步横向移动的手段。","{
  ""_thinking_process"": ""[战术阶段评估]：Prefix 序列仅包含 T1078 (Valid Accounts)。T1078 是初始访问或持久化阶段的关键技术，用于建立立足点。序列以 T1078 结尾，表明攻击者刚刚成功利用凭证（可能是本地账户或域账户，取决于上下文中的 Turla/SolarWinds/FIN7 模式）进入了系统或网络。当前处于‘初始访问’向‘执行’或‘权限提升’过渡的临界点。\n\n[已获资产推演]：基于 KG Context 中提到的 Turla (本地账户)、SolarWinds (域管理员) 和 FIN7 (SYSTEM 权限)，攻击者目前至少拥有一个有效的用户上下文。如果利用的是 T1078.003 (本地账户)，攻击者可能拥有本地管理员权限或普通用户权限；如果利用的是 T1078.002 (域账户)，则拥有域内访问能力。无论哪种情况，攻击者目前的核心资产是‘已验证的会话’和‘潜在的本地/域权限’。\n\n[意图图谱映射]：在获得有效账户后，攻击者的首要逻辑意图通常是利用该账户执行恶意代码（执行阶段）或提升权限（权限提升阶段）。KG Context 中提到的 Turla 和 FIN7 利用账户作为 SYSTEM 或跨网络移动，暗示了攻击者下一步极大概率会尝试执行载荷（T1059）以部署工具，或者尝试提升当前账户权限（T1068）以获取更高特权，亦或是利用该账户进行横向移动（T1021）以扩大战果。考虑到 T1078 是入口，T1059 是紧随其后的标准操作，T1068 是获取更高权限的常见路径，T1021 是扩大控制范围的路径，T1055 是进程注入的常见手段，T1003 是凭证转储以进一步横向移动的手段。"",
  ""predicted_next_ttps"": [
    ""T1059"",
    ""T1068"",
    ""T1021"",
    ""T1055"",
    ""T1003""
  ]
}",T1059,-1,0,0,0.0,T1059 || T1068 || T1021 || T1055 || T1003
SIM_004_part004,T1078 || T1586,T1140,1,"[战术阶段评估]：前缀序列以 T1078 (Valid Accounts) 开始，随后是 T1586 (Compromise Infrastructure)。T1078 代表攻击者已成功获取凭证并建立初始访问。T1586 代表攻击者正在建立或完善其基础设施（如注册域名、配置 C2 服务器），这通常发生在初始访问之后，但在大规模横向移动之前，目的是确保长期、隐蔽的通信通道。这表明攻击者正处于‘建立持久性’和‘准备基础设施’的过渡阶段，尚未大规模展开横向移动或数据窃取。

[已获资产推演]：基于 T1078，攻击者已掌握至少一个有效的用户账户（可能是本地账户或域账户，取决于上下文中的 Turla/SolarWinds 模式）。结合 T1586 的基础设施构建，攻击者目前拥有‘受控的入口点’和‘受控的通信基础设施’。他们尚未获得系统级权限（SYSTEM）或域管理员权限，除非 T1078 具体指向了高权限账户，但通常 T1586 的介入暗示攻击者正在为后续更复杂的操作（如横向移动）铺设道路，而非立即进行高噪操作。

[意图图谱映射]：KG Context 强调了 Turla 和 FIN7 利用本地账户（T1078.003）进行横向移动，以及 SolarWinds 利用域账户（T1078.002）进行控制。攻击者构建基础设施（T1586）后，下一步逻辑必然是利用已建立的账户和通道进行‘横向移动’以扩大控制范围，或者利用该账户进行‘凭证访问’以获取更高权限。因此，预测的下一步技术应集中在利用现有凭证进行网络内移动（T1021）、凭证转储（T1003）或进一步的凭证获取（T1552/T1558）上。T1021 是横向移动的核心，T1003 是获取更高权限的关键，T1552 是凭证访问的通用手段。","{
  ""_thinking_process"": ""[战术阶段评估]：前缀序列以 T1078 (Valid Accounts) 开始，随后是 T1586 (Compromise Infrastructure)。T1078 代表攻击者已成功获取凭证并建立初始访问。T1586 代表攻击者正在建立或完善其基础设施（如注册域名、配置 C2 服务器），这通常发生在初始访问之后，但在大规模横向移动之前，目的是确保长期、隐蔽的通信通道。这表明攻击者正处于‘建立持久性’和‘准备基础设施’的过渡阶段，尚未大规模展开横向移动或数据窃取。\n\n[已获资产推演]：基于 T1078，攻击者已掌握至少一个有效的用户账户（可能是本地账户或域账户，取决于上下文中的 Turla/SolarWinds 模式）。结合 T1586 的基础设施构建，攻击者目前拥有‘受控的入口点’和‘受控的通信基础设施’。他们尚未获得系统级权限（SYSTEM）或域管理员权限，除非 T1078 具体指向了高权限账户，但通常 T1586 的介入暗示攻击者正在为后续更复杂的操作（如横向移动）铺设道路，而非立即进行高噪操作。\n\n[意图图谱映射]：KG Context 强调了 Turla 和 FIN7 利用本地账户（T1078.003）进行横向移动，以及 SolarWinds 利用域账户（T1078.002）进行控制。攻击者构建基础设施（T1586）后，下一步逻辑必然是利用已建立的账户和通道进行‘横向移动’以扩大控制范围，或者利用该账户进行‘凭证访问’以获取更高权限。因此，预测的下一步技术应集中在利用现有凭证进行网络内移动（T1021）、凭证转储（T1003）或进一步的凭证获取（T1552/T1558）上。T1021 是横向移动的核心，T1003 是获取更高权限的关键，T1552 是凭证访问的通用手段。"",
  ""predicted_next_ttps"": [
    ""T1021"",
    ""T1003"",
    ""T1552"",
    ""T1059"",
    ""T1078""
  ]
}",T1021,-1,0,0,0.0,T1021 || T1003 || T1552 || T1059 || T1078
SIM_004_part004,T1078 || T1586 || T1140,T1036,1,"[战术阶段评估]：序列 T1078 (Valid Accounts) -> T1586 (Account Discovery) -> T1140 (Deobfuscate/Decode Files) 显示攻击者正处于从‘初始访问/持久化’向‘内部侦察与配置解析’过渡的关键阶段。T1078 表明攻击者已建立立足点（可能是通过凭证窃取或初始入侵）；T1586 表明攻击者正在主动收集账户信息以扩大权限或寻找高价值目标；T1140 作为序列终点，通常意味着攻击者获取了加密的配置文件、载荷或 C2 通信数据，并正在本地进行解密以理解其结构或提取敏感信息（如 C2 地址、加密密钥或下一步指令）。

[已获资产推演]：基于 T1078 和 T1586，攻击者目前至少掌握了一个有效的用户账户（可能是域账户或本地管理员），并拥有对该账户下部分资源的访问权限。T1140 的执行暗示攻击者已经获取了特定的加密文件（可能是恶意软件配置、C2 指令集或从其他系统窃取的数据），并正在解析这些文件。此时，攻击者尚未完全控制整个域，但已具备在单点或局部网络进行深度操作的基础。

[意图图谱映射]：T1140 的完成通常是为了‘解锁’后续操作。一旦配置文件被解密，攻击者最直接的逻辑动作是：1. 利用解析出的 C2 地址进行通信（T1071/T1571）；2. 利用解析出的凭证进行横向移动（T1021/T1028）；3. 利用解析出的配置加载新的载荷（T1059/T1204）；4. 根据配置中的目标进行进一步的凭证收集（T1552/T1555）；5. 利用解析出的信息执行系统命令以维持控制（T1053/T1059）。结合 KG Context 中提到的 KEYPLUG 和 Sibot 利用 T1140 解析 C2 协议或数据的特性，攻击者极大概率在解密后立即尝试建立或恢复 C2 连接，或者利用解密出的凭证进行横向移动。","{
  ""_thinking_process"": ""[战术阶段评估]：序列 T1078 (Valid Accounts) -> T1586 (Account Discovery) -> T1140 (Deobfuscate/Decode Files) 显示攻击者正处于从‘初始访问/持久化’向‘内部侦察与配置解析’过渡的关键阶段。T1078 表明攻击者已建立立足点（可能是通过凭证窃取或初始入侵）；T1586 表明攻击者正在主动收集账户信息以扩大权限或寻找高价值目标；T1140 作为序列终点，通常意味着攻击者获取了加密的配置文件、载荷或 C2 通信数据，并正在本地进行解密以理解其结构或提取敏感信息（如 C2 地址、加密密钥或下一步指令）。\n\n[已获资产推演]：基于 T1078 和 T1586，攻击者目前至少掌握了一个有效的用户账户（可能是域账户或本地管理员），并拥有对该账户下部分资源的访问权限。T1140 的执行暗示攻击者已经获取了特定的加密文件（可能是恶意软件配置、C2 指令集或从其他系统窃取的数据），并正在解析这些文件。此时，攻击者尚未完全控制整个域，但已具备在单点或局部网络进行深度操作的基础。\n\n[意图图谱映射]：T1140 的完成通常是为了‘解锁’后续操作。一旦配置文件被解密，攻击者最直接的逻辑动作是：1. 利用解析出的 C2 地址进行通信（T1071/T1571）；2. 利用解析出的凭证进行横向移动（T1021/T1028）；3. 利用解析出的配置加载新的载荷（T1059/T1204）；4. 根据配置中的目标进行进一步的凭证收集（T1552/T1555）；5. 利用解析出的信息执行系统命令以维持控制（T1053/T1059）。结合 KG Context 中提到的 KEYPLUG 和 Sibot 利用 T1140 解析 C2 协议或数据的特性，攻击者极大概率在解密后立即尝试建立或恢复 C2 连接，或者利用解密出的凭证进行横向移动。"",
  ""predicted_next_ttps"": [
    ""T1071"",
    ""T1021"",
    ""T1059"",
    ""T1552"",
    ""T1028""
  ]
}",T1071,-1,0,0,0.0,T1071 || T1021 || T1059 || T1552 || T1028
SIM_004_part004,T1078 || T1586 || T1140 || T1036,T1036,1,"[战术阶段评估]：前缀序列 T1078 (Valid Accounts) -> T1586 (Compromise Infrastructure) -> T1140 (Deobfuscate/Decode) -> T1036 (Masquerading) 显示攻击者已完成初始入侵、基础设施准备，并正在处理载荷。最后两步 T1140 和 T1036 表明攻击者刚刚解密了配置或载荷，并正在通过伪装（如重命名文件、修改服务名）来隐藏自身或准备持久化。这标志着从‘初始访问/执行’向‘持久化/防御规避’过渡的关键节点。

[已获资产推演]：攻击者目前拥有有效的用户凭证（T1078），已控制或正在配置 C2 基础设施（T1586），并刚刚成功解密了恶意载荷或配置（T1140）。通过 T1036，攻击者已经或正在将恶意文件伪装成合法系统组件（如 svchost.exe 或系统服务），这意味着攻击者目前掌握了对目标主机的文件写入权限，且正在尝试获得系统级或用户级的持久化立足点。

[意图图谱映射]：结合 KG Context，T1140 和 T1036 的连续出现通常是为了绕过检测并建立持久化。一旦伪装完成（T1036），攻击者的首要逻辑意图是确保恶意代码在重启后仍能运行（持久化），或者利用已建立的伪装身份进行横向移动。KG 中提到的 Elise 在 T1036.005 失败后写入文件，暗示 T1036 是持久化尝试的一部分。因此，下一步极大概率是执行持久化技术（T1543）以固化权限，或者利用已获得的凭证进行横向移动（T1021）。同时，为了维持 C2 通信，可能会更新配置（T1132）或尝试防御规避（T1562）。","{
  ""_thinking_process"": ""[战术阶段评估]：前缀序列 T1078 (Valid Accounts) -> T1586 (Compromise Infrastructure) -> T1140 (Deobfuscate/Decode) -> T1036 (Masquerading) 显示攻击者已完成初始入侵、基础设施准备，并正在处理载荷。最后两步 T1140 和 T1036 表明攻击者刚刚解密了配置或载荷，并正在通过伪装（如重命名文件、修改服务名）来隐藏自身或准备持久化。这标志着从‘初始访问/执行’向‘持久化/防御规避’过渡的关键节点。\n\n[已获资产推演]：攻击者目前拥有有效的用户凭证（T1078），已控制或正在配置 C2 基础设施（T1586），并刚刚成功解密了恶意载荷或配置（T1140）。通过 T1036，攻击者已经或正在将恶意文件伪装成合法系统组件（如 svchost.exe 或系统服务），这意味着攻击者目前掌握了对目标主机的文件写入权限，且正在尝试获得系统级或用户级的持久化立足点。\n\n[意图图谱映射]：结合 KG Context，T1140 和 T1036 的连续出现通常是为了绕过检测并建立持久化。一旦伪装完成（T1036），攻击者的首要逻辑意图是确保恶意代码在重启后仍能运行（持久化），或者利用已建立的伪装身份进行横向移动。KG 中提到的 Elise 在 T1036.005 失败后写入文件，暗示 T1036 是持久化尝试的一部分。因此，下一步极大概率是执行持久化技术（T1543）以固化权限，或者利用已获得的凭证进行横向移动（T1021）。同时，为了维持 C2 通信，可能会更新配置（T1132）或尝试防御规避（T1562）。"",
  ""predicted_next_ttps"": [
    ""T1543"",
    ""T1021"",
    ""T1132"",
    ""T1562"",
    ""T1059""
  ]
}",T1543,-1,0,0,0.0,T1543 || T1021 || T1132 || T1562 || T1059
SIM_004_part004,T1078 || T1586 || T1140 || T1036 || T1036,T1036,1,"[战术阶段评估]：前缀序列以 T1078 (Valid Accounts) 开始，表明攻击者已建立初始立足点。随后 T1586 (Compromise Infrastructure) 和 T1140 (Deobfuscate/Decode Files) 暗示了攻击者正在准备或处理载荷。序列末尾连续出现 T1036 (Masquerading)，特别是两次连续出现，且结合 KG Context 中提到的 'Elise' 和 'Chaes' 等恶意软件利用 T1036.005 (Match Legitimate Resource Name or Location) 进行伪装（如将自身命名为 svchost.exe 或 hha.dll），这强烈表明攻击者正处于**持久化建立**或**载荷部署**的关键阶段。攻击者正在通过伪装成系统合法组件来确保存活或为后续执行做准备。

[已获资产推演]：基于 T1078，攻击者已拥有合法凭证。结合 T1140 和 T1036 的连续操作，攻击者目前掌握了**本地文件系统控制权**，并且已经成功将恶意载荷（或载荷的伪装版本）部署到了目标系统的关键目录中。此时，攻击者可能已经完成了文件写入，但尚未触发执行，或者正在等待执行时机。

[意图图谱映射]：KG Context 明确指出 T1036 常用于恶意软件（如 Elise, Chaes, NotPetya）在部署阶段伪装自身。在连续两次 T1036 操作后，逻辑上的下一步必然是**利用**这些已部署并伪装好的资源。攻击者需要触发这些文件以获取执行权限。因此，最可能的下一步是执行这些伪装文件（T1059 Command and Scripting Interpreter 或 T1204 User Execution），或者是利用已建立的凭证进行横向移动（T1021 Remote Services）以扩大战果。考虑到 T1140 解码了文件，紧接着执行解码后的文件是标准流程。","{
  ""_thinking_process"": ""[战术阶段评估]：前缀序列以 T1078 (Valid Accounts) 开始，表明攻击者已建立初始立足点。随后 T1586 (Compromise Infrastructure) 和 T1140 (Deobfuscate/Decode Files) 暗示了攻击者正在准备或处理载荷。序列末尾连续出现 T1036 (Masquerading)，特别是两次连续出现，且结合 KG Context 中提到的 'Elise' 和 'Chaes' 等恶意软件利用 T1036.005 (Match Legitimate Resource Name or Location) 进行伪装（如将自身命名为 svchost.exe 或 hha.dll），这强烈表明攻击者正处于**持久化建立**或**载荷部署**的关键阶段。攻击者正在通过伪装成系统合法组件来确保存活或为后续执行做准备。\n\n[已获资产推演]：基于 T1078，攻击者已拥有合法凭证。结合 T1140 和 T1036 的连续操作，攻击者目前掌握了**本地文件系统控制权**，并且已经成功将恶意载荷（或载荷的伪装版本）部署到了目标系统的关键目录中。此时，攻击者可能已经完成了文件写入，但尚未触发执行，或者正在等待执行时机。\n\n[意图图谱映射]：KG Context 明确指出 T1036 常用于恶意软件（如 Elise, Chaes, NotPetya）在部署阶段伪装自身。在连续两次 T1036 操作后，逻辑上的下一步必然是**利用**这些已部署并伪装好的资源。攻击者需要触发这些文件以获取执行权限。因此，最可能的下一步是执行这些伪装文件（T1059 Command and Scripting Interpreter 或 T1204 User Execution），或者是利用已建立的凭证进行横向移动（T1021 Remote Services）以扩大战果。考虑到 T1140 解码了文件，紧接着执行解码后的文件是标准流程。"",
  ""predicted_next_ttps"": [
    ""T1059"",
    ""T1204"",
    ""T1021"",
    ""T1053"",
    ""T1033""
  ]
}",T1059,-1,0,0,0.0,T1059 || T1204 || T1021 || T1053 || T1033
SIM_004_part004,T1078 || T1586 || T1140 || T1036 || T1036 || T1036,T1027,1,"[战术阶段评估]：前缀序列以 T1078 (Valid Accounts) 开始，随后是 T1586 (Compromise Infrastructure) 和 T1140 (Deobfuscate/Disable Content), 最后连续三次出现 T1036 (Masquerading)。T1036 的连续出现表明攻击者正在反复尝试或执行多种伪装策略，极可能是在尝试将恶意载荷伪装成系统进程（如 svchost.exe）或 DLL 以绕过检测或实现持久化。这标志着攻击者正处于从‘初始访问/执行’向‘持久化/防御规避’过渡的关键阶段，且伪装动作尚未完全稳定或正在验证伪装效果。

[已获资产推演]：基于 T1078，攻击者已获取了合法凭证或已建立初始立足点。T1586 和 T1140 暗示攻击者可能正在利用或准备利用基础设施，并处理了加密或混淆的载荷。连续 T1036 操作表明攻击者目前掌握了对目标系统的文件写入权限和进程创建权限，正在尝试将恶意代码‘合法化’，使其看起来像系统组件。此时攻击者尚未确认持久化是否成功，或者正在为下一步的横向移动或权限提升做伪装准备。

[意图图谱映射]：KG Context 明确指出 T1036 常与特定恶意软件（如 Elise, Chaes, NotPetya）的持久化机制相关，特别是当服务安装失败时，会伪装成文件（如 svchost.exe）或 DLL。连续三次 T1036 暗示攻击者可能正在尝试不同的伪装路径（服务 vs 文件 vs DLL），或者在验证伪装后的存活率。一旦伪装成功，攻击者的下一步逻辑必然是利用这个伪装好的‘合法’身份进行持久化维持（T1547）或横向移动（T1021），因为单纯的伪装（T1036）通常不是最终目的，而是为了后续操作不被发现。因此，最可能的下一步是建立持久化机制（T1547）或利用伪装身份进行远程访问（T1021）。","{
  ""_thinking_process"": ""[战术阶段评估]：前缀序列以 T1078 (Valid Accounts) 开始，随后是 T1586 (Compromise Infrastructure) 和 T1140 (Deobfuscate/Disable Content), 最后连续三次出现 T1036 (Masquerading)。T1036 的连续出现表明攻击者正在反复尝试或执行多种伪装策略，极可能是在尝试将恶意载荷伪装成系统进程（如 svchost.exe）或 DLL 以绕过检测或实现持久化。这标志着攻击者正处于从‘初始访问/执行’向‘持久化/防御规避’过渡的关键阶段，且伪装动作尚未完全稳定或正在验证伪装效果。\n\n[已获资产推演]：基于 T1078，攻击者已获取了合法凭证或已建立初始立足点。T1586 和 T1140 暗示攻击者可能正在利用或准备利用基础设施，并处理了加密或混淆的载荷。连续 T1036 操作表明攻击者目前掌握了对目标系统的文件写入权限和进程创建权限，正在尝试将恶意代码‘合法化’，使其看起来像系统组件。此时攻击者尚未确认持久化是否成功，或者正在为下一步的横向移动或权限提升做伪装准备。\n\n[意图图谱映射]：KG Context 明确指出 T1036 常与特定恶意软件（如 Elise, Chaes, NotPetya）的持久化机制相关，特别是当服务安装失败时，会伪装成文件（如 svchost.exe）或 DLL。连续三次 T1036 暗示攻击者可能正在尝试不同的伪装路径（服务 vs 文件 vs DLL），或者在验证伪装后的存活率。一旦伪装成功，攻击者的下一步逻辑必然是利用这个伪装好的‘合法’身份进行持久化维持（T1547）或横向移动（T1021），因为单纯的伪装（T1036）通常不是最终目的，而是为了后续操作不被发现。因此，最可能的下一步是建立持久化机制（T1547）或利用伪装身份进行远程访问（T1021）。"",
  ""predicted_next_ttps"": [
    ""T1547"",
    ""T1021"",
    ""T1059"",
    ""T1053"",
    ""T1033""
  ]
}",T1547,-1,0,0,0.0,T1547 || T1021 || T1059 || T1053 || T1033
SIM_004_part004,T1078 || T1586 || T1140 || T1036 || T1036 || T1036 || T1027,T1078,1,"[战术阶段评估]：序列以 T1078 (Valid Accounts) 开始，表明攻击者已建立初始立足点。随后 T1586 (Resource Development) 和 T1140 (Deobfuscate/Decode Data) 暗示了针对特定目标的资源准备和载荷解密。核心锚点在于最后三步：连续的 T1036 (Masquerading) 和 T1027 (Obfuscated Files or Information)。T1036 的重复出现（特别是结合 KG Context 中提到的伪装成 SSH 工具或合法进程如 AcroRD32.exe）表明攻击者正在精细地调整恶意载荷的伪装，使其看起来像系统合法组件。T1027 紧随其后，进一步确认了攻击者正在对文件进行混淆处理，以绕过静态检测。这标志着攻击者正处于‘持久化部署前’或‘横向移动准备’的关键伪装阶段，而非单纯的初始访问。

[已获资产推演]：基于 T1078，攻击者已拥有合法凭证。结合 T1036 和 T1027 的操作，攻击者目前掌握的是经过精心伪装和混淆的恶意载荷（Payload），该载荷已准备好在目标系统上以合法身份运行。攻击者尚未明确展示执行动作（如 T1059）或横向移动（如 T1021），但所有前置条件（权限、伪装、混淆）均已就绪。

[意图图谱映射]：KG Context 指出 Darkhotel 和 APT1 等组织常利用 T1036 将恶意软件伪装成 SSH 工具或 Adobe 阅读器。在完成了伪装（T1036）和混淆（T1027）后，攻击者的逻辑意图必然是让该伪装后的载荷‘活’起来。因此，下一步最直接的行动是执行该载荷。执行后，为了维持访问或扩大影响，攻击者通常会建立持久化机制。此外，如果伪装是为了横向移动，则可能涉及远程服务执行。因此，执行（T1059）、持久化（T1547）和远程服务（T1021）是最高概率的后续步骤。","{
  ""_thinking_process"": ""[战术阶段评估]：序列以 T1078 (Valid Accounts) 开始，表明攻击者已建立初始立足点。随后 T1586 (Resource Development) 和 T1140 (Deobfuscate/Decode Data) 暗示了针对特定目标的资源准备和载荷解密。核心锚点在于最后三步：连续的 T1036 (Masquerading) 和 T1027 (Obfuscated Files or Information)。T1036 的重复出现（特别是结合 KG Context 中提到的伪装成 SSH 工具或合法进程如 AcroRD32.exe）表明攻击者正在精细地调整恶意载荷的伪装，使其看起来像系统合法组件。T1027 紧随其后，进一步确认了攻击者正在对文件进行混淆处理，以绕过静态检测。这标志着攻击者正处于‘持久化部署前’或‘横向移动准备’的关键伪装阶段，而非单纯的初始访问。\n\n[已获资产推演]：基于 T1078，攻击者已拥有合法凭证。结合 T1036 和 T1027 的操作，攻击者目前掌握的是经过精心伪装和混淆的恶意载荷（Payload），该载荷已准备好在目标系统上以合法身份运行。攻击者尚未明确展示执行动作（如 T1059）或横向移动（如 T1021），但所有前置条件（权限、伪装、混淆）均已就绪。\n\n[意图图谱映射]：KG Context 指出 Darkhotel 和 APT1 等组织常利用 T1036 将恶意软件伪装成 SSH 工具或 Adobe 阅读器。在完成了伪装（T1036）和混淆（T1027）后，攻击者的逻辑意图必然是让该伪装后的载荷‘活’起来。因此，下一步最直接的行动是执行该载荷。执行后，为了维持访问或扩大影响，攻击者通常会建立持久化机制。此外，如果伪装是为了横向移动，则可能涉及远程服务执行。因此，执行（T1059）、持久化（T1547）和远程服务（T1021）是最高概率的后续步骤。"",
  ""predicted_next_ttps"": [
    ""T1059"",
    ""T1547"",
    ""T1021"",
    ""T1053"",
    ""T1033""
  ]
}",T1059,-1,0,0,0.0,T1059 || T1547 || T1021 || T1053 || T1033
SIM_004_part004,T1078 || T1586 || T1140 || T1036 || T1036 || T1036 || T1027 || T1078,T1586,1,"[战术阶段评估]：序列以 T1078 (Valid Accounts) 开始，随后是 T1586 (Account Discovery) 和 T1140 (Deobfuscate/Decode Files)，紧接着是多次 T1036 (Masquerading) 和 T1027 (Obfuscated Files or Information)。最后一步再次回到 T1078。这表明攻击者已经完成了初始入侵（利用凭证），进行了初步的资产发现，并正在处理或准备执行经过混淆/打包的恶意载荷（T1140, T1027）。最后的 T1036 和 T1078 组合强烈暗示攻击者正在尝试通过伪装身份（如修改文件属性、使用系统账户）来维持对已获取凭证的访问，或者正在为执行新的恶意载荷做准备，试图绕过检测。

[已获资产推演]：攻击者目前拥有有效的用户凭证（T1078），并且已经成功在目标环境中执行了某种形式的代码（通过 T1140 和 T1027 的上下文，暗示了载荷的解密或解压）。攻击者已经掌握了执行权限，并且正在积极进行反取证操作（T1036, T1027）。此时，攻击者最可能处于‘执行阶段’的末尾或‘持久化/防御规避’的过渡期，准备进行横向移动或数据窃取。

[意图图谱映射]：结合 KG Context，GALLIUM 和 CANONSTAGER 等组织使用 T1027 进行载荷混淆，通常是为了后续执行更复杂的操作。序列末尾的 T1078 再次出现，说明攻击者可能正在利用新获取的凭证或维持旧凭证来执行下一步。在 ATT&CK 逻辑中，完成载荷执行和伪装后，最常见的下一步是建立持久性（T1547, T1543）以确保持续访问，或者进行横向移动（T1021, T1078 的变体）以扩大控制范围。考虑到 T1036 和 T1027 的频繁出现，攻击者极可能在为执行持久化机制或横向移动工具做准备。因此，预测将集中在持久化、横向移动、凭证访问和命令执行上。","{
  ""_thinking_process"": ""[战术阶段评估]：序列以 T1078 (Valid Accounts) 开始，随后是 T1586 (Account Discovery) 和 T1140 (Deobfuscate/Decode Files)，紧接着是多次 T1036 (Masquerading) 和 T1027 (Obfuscated Files or Information)。最后一步再次回到 T1078。这表明攻击者已经完成了初始入侵（利用凭证），进行了初步的资产发现，并正在处理或准备执行经过混淆/打包的恶意载荷（T1140, T1027）。最后的 T1036 和 T1078 组合强烈暗示攻击者正在尝试通过伪装身份（如修改文件属性、使用系统账户）来维持对已获取凭证的访问，或者正在为执行新的恶意载荷做准备，试图绕过检测。\n\n[已获资产推演]：攻击者目前拥有有效的用户凭证（T1078），并且已经成功在目标环境中执行了某种形式的代码（通过 T1140 和 T1027 的上下文，暗示了载荷的解密或解压）。攻击者已经掌握了执行权限，并且正在积极进行反取证操作（T1036, T1027）。此时，攻击者最可能处于‘执行阶段’的末尾或‘持久化/防御规避’的过渡期，准备进行横向移动或数据窃取。\n\n[意图图谱映射]：结合 KG Context，GALLIUM 和 CANONSTAGER 等组织使用 T1027 进行载荷混淆，通常是为了后续执行更复杂的操作。序列末尾的 T1078 再次出现，说明攻击者可能正在利用新获取的凭证或维持旧凭证来执行下一步。在 ATT&CK 逻辑中，完成载荷执行和伪装后，最常见的下一步是建立持久性（T1547, T1543）以确保持续访问，或者进行横向移动（T1021, T1078 的变体）以扩大控制范围。考虑到 T1036 和 T1027 的频繁出现，攻击者极可能在为执行持久化机制或横向移动工具做准备。因此，预测将集中在持久化、横向移动、凭证访问和命令执行上。"",
  ""predicted_next_ttps"": [
    ""T1547"",
    ""T1021"",
    ""T1543"",
    ""T1059"",
    ""T1003""
  ]
}",T1547,-1,0,0,0.0,T1547 || T1021 || T1543 || T1059 || T1003
SIM_004_part004,T1078 || T1586 || T1140 || T1036 || T1036 || T1036 || T1027 || T1078 || T1586,T1056,1,"[战术阶段评估]：序列最后两步为 T1078 (Valid Accounts) 和 T1586 (Compromise Infrastructure)。T1078 表明攻击者已利用凭证进入系统，而紧随其后的 T1586 显示攻击者正在建立或验证其基础设施（如 C2 服务器、钓鱼域名或恶意软件注册表）。结合前缀中的 T1027 (Obfuscated Files or Information)，这通常意味着攻击者正在对交付给受害者的载荷进行打包或混淆，以绕过检测。整体来看，攻击者正处于从‘初始访问/凭证获取’向‘持久化/基础设施构建’过渡的关键阶段，且正在为后续的大规模投递或持久化做准备。

[已获资产推演]：基于 T1078，攻击者目前拥有合法的账户权限（可能是本地管理员或域用户）。基于 T1027 和 T1586 的上下文，攻击者已经准备好或正在准备恶意的可执行文件（经过打包/混淆），并拥有控制这些文件分发的基础设施。攻击者尚未表现出明显的横向移动（如 T1021）或数据窃取（T1041）行为，当前的核心资产是‘受控的账户’和‘待分发的恶意载荷’。

[意图图谱映射]：KG Context 强调了 T1027.002 (Software Packing) 与 Machete, GALLIUM, XLoader 等恶意软件的关联。攻击者刚刚执行了 T1078 和 T1586，这通常是为了确保恶意载荷能够成功落地并建立持久连接。在拥有账户和基础设施后，最直接的逻辑下一步是将这些经过打包（T1027）的载荷部署到目标系统上。因此，攻击者极大概率会执行 T1059 (Command and Scripting Interpreter) 来执行载荷，或者 T1053 (Scheduled Task) 来实现持久化，亦或是 T1055 (Process Injection) 来隐藏进程。考虑到 T1586 刚完成，攻击者可能正在利用新建立的基础设施进行二次投递或配置 C2 通信，这通常涉及 T1071 (Application Layer Protocol) 或 T1095 (Non-Application Layer Protocol)。但最核心的动作是将‘打包好的文件’转化为‘运行的进程’，因此执行类技术（T1059, T1053, T1055）和通信类技术（T1071, T1043）是最高频的后续步骤。","{
  ""_thinking_process"": ""[战术阶段评估]：序列最后两步为 T1078 (Valid Accounts) 和 T1586 (Compromise Infrastructure)。T1078 表明攻击者已利用凭证进入系统，而紧随其后的 T1586 显示攻击者正在建立或验证其基础设施（如 C2 服务器、钓鱼域名或恶意软件注册表）。结合前缀中的 T1027 (Obfuscated Files or Information)，这通常意味着攻击者正在对交付给受害者的载荷进行打包或混淆，以绕过检测。整体来看，攻击者正处于从‘初始访问/凭证获取’向‘持久化/基础设施构建’过渡的关键阶段，且正在为后续的大规模投递或持久化做准备。\n\n[已获资产推演]：基于 T1078，攻击者目前拥有合法的账户权限（可能是本地管理员或域用户）。基于 T1027 和 T1586 的上下文，攻击者已经准备好或正在准备恶意的可执行文件（经过打包/混淆），并拥有控制这些文件分发的基础设施。攻击者尚未表现出明显的横向移动（如 T1021）或数据窃取（T1041）行为，当前的核心资产是‘受控的账户’和‘待分发的恶意载荷’。\n\n[意图图谱映射]：KG Context 强调了 T1027.002 (Software Packing) 与 Machete, GALLIUM, XLoader 等恶意软件的关联。攻击者刚刚执行了 T1078 和 T1586，这通常是为了确保恶意载荷能够成功落地并建立持久连接。在拥有账户和基础设施后，最直接的逻辑下一步是将这些经过打包（T1027）的载荷部署到目标系统上。因此，攻击者极大概率会执行 T1059 (Command and Scripting Interpreter) 来执行载荷，或者 T1053 (Scheduled Task) 来实现持久化，亦或是 T1055 (Process Injection) 来隐藏进程。考虑到 T1586 刚完成，攻击者可能正在利用新建立的基础设施进行二次投递或配置 C2 通信，这通常涉及 T1071 (Application Layer Protocol) 或 T1095 (Non-Application Layer Protocol)。但最核心的动作是将‘打包好的文件’转化为‘运行的进程’，因此执行类技术（T1059, T1053, T1055）和通信类技术（T1071, T1043）是最高频的后续步骤。"",
  ""predicted_next_ttps"": [
    ""T1059"",
    ""T1053"",
    ""T1055"",
    ""T1071"",
    ""T1043""
  ]
}",T1059,-1,0,0,0.0,T1059 || T1053 || T1055 || T1071 || T1043
SIM_004_part004,T1078 || T1586 || T1140 || T1036 || T1036 || T1036 || T1027 || T1078 || T1586 || T1056,T1056,1,"[战术阶段评估]：序列最后两步为 T1078 (Valid Accounts) 和 T1586 (Compromise Infrastructure)，紧接着是 T1056 (Input Capture)。T1078 表明攻击者已建立持久化访问或横向移动至新账户；T1586 显示攻击者正在配置或部署用于长期控制的组件（如 C2 基础设施或后门）；T1056 则是具体的执行动作，即开始收集凭据（键盘记录）。这标志着攻击已从‘建立访问’和‘基础设施准备’阶段，正式进入‘凭证窃取与数据收集’阶段。

[已获资产推演]：基于 T1078 和 T1586，攻击者目前掌握了目标网络中的有效账户权限（可能是通过初始访问或横向移动获得），并成功部署了用于长期驻留的组件（如 PoetRAT 或类似工具）。T1056 的执行意味着攻击者已经获得了在目标主机上运行恶意代码的能力，并正在利用该能力窃取用户输入（密码、敏感信息等）。

[意图图谱映射]：KG Context 明确指出 T1056 (Keylogging) 是 PoetRAT、Catchamas 等恶意软件的核心功能，且通常作为获取凭据的第一步。一旦攻击者通过 T1056 获取了凭据，其逻辑下一步必然是利用这些凭据进行进一步的横向移动（T1021）、提升权限（T1068）或访问远程服务（T1021.001/T1021.002）。此外，为了维持访问或清理痕迹，攻击者可能会继续执行 T1059 (Command and Scripting Interpreter) 来执行后续指令，或执行 T1003 (OS Credential Dumping) 以获取本地哈希。因此，预测的下一步将围绕‘利用窃取到的凭据’和‘维持/扩展访问’展开。","{
  ""_thinking_process"": ""[战术阶段评估]：序列最后两步为 T1078 (Valid Accounts) 和 T1586 (Compromise Infrastructure)，紧接着是 T1056 (Input Capture)。T1078 表明攻击者已建立持久化访问或横向移动至新账户；T1586 显示攻击者正在配置或部署用于长期控制的组件（如 C2 基础设施或后门）；T1056 则是具体的执行动作，即开始收集凭据（键盘记录）。这标志着攻击已从‘建立访问’和‘基础设施准备’阶段，正式进入‘凭证窃取与数据收集’阶段。\n\n[已获资产推演]：基于 T1078 和 T1586，攻击者目前掌握了目标网络中的有效账户权限（可能是通过初始访问或横向移动获得），并成功部署了用于长期驻留的组件（如 PoetRAT 或类似工具）。T1056 的执行意味着攻击者已经获得了在目标主机上运行恶意代码的能力，并正在利用该能力窃取用户输入（密码、敏感信息等）。\n\n[意图图谱映射]：KG Context 明确指出 T1056 (Keylogging) 是 PoetRAT、Catchamas 等恶意软件的核心功能，且通常作为获取凭据的第一步。一旦攻击者通过 T1056 获取了凭据，其逻辑下一步必然是利用这些凭据进行进一步的横向移动（T1021）、提升权限（T1068）或访问远程服务（T1021.001/T1021.002）。此外，为了维持访问或清理痕迹，攻击者可能会继续执行 T1059 (Command and Scripting Interpreter) 来执行后续指令，或执行 T1003 (OS Credential Dumping) 以获取本地哈希。因此，预测的下一步将围绕‘利用窃取到的凭据’和‘维持/扩展访问’展开。"",
  ""predicted_next_ttps"": [
    ""T1021"",
    ""T1059"",
    ""T1003"",
    ""T1078"",
    ""T1068""
  ]
}",T1021,-1,0,0,0.0,T1021 || T1059 || T1003 || T1078 || T1068
SIM_004_part004,T1078 || T1586 || T1140 || T1036 || T1036 || T1036 || T1027 || T1078 || T1586 || T1056 || T1056,T1003,1,"[战术阶段评估]：序列以 T1056 (Keylogging) 结尾，且前一步是 T1586 (Keylogging/Resource Development)。这表明攻击者已经完成了恶意载荷的部署（T1140, T1036, T1027 暗示了持久化、伪装和代码混淆），并成功在目标系统上启动了凭证收集机制。当前处于‘凭证窃取’战术阶段，且该阶段刚刚完成或正在进行中。

[已获资产推演]：基于 T1056 的执行，攻击者目前最可能已经捕获了受害者的键盘输入数据（明文密码、用户名等）。虽然尚未在序列中显示 T1003 (OS Credential Dumping) 或 T1005 (Data from Local System)，但 T1056 是获取用户凭据的直接手段。攻击者目前掌握的资产是‘潜在的明文凭据’，尚未转化为‘已验证的会话’或‘已提升的权限’。

[意图图谱映射]：结合 KG Context，T1056 捕获的凭据是后续‘访问凭证’（T1003, T1005）或‘利用凭证’（T1078, T1110）的关键前置条件。攻击者的逻辑意图是：收集凭据 -> 验证/利用凭据 -> 横向移动或权限提升。因此，下一步最自然的动作是利用这些刚获取的凭据进行登录（T1078）或尝试从本地系统提取更多凭据（T1003）以扩大战果。考虑到序列中已经出现过 T1078（初始访问/持久化），攻击者极可能再次利用新获取的凭据进行横向移动或提升权限。","{
  ""_thinking_process"": ""[战术阶段评估]：序列以 T1056 (Keylogging) 结尾，且前一步是 T1586 (Keylogging/Resource Development)。这表明攻击者已经完成了恶意载荷的部署（T1140, T1036, T1027 暗示了持久化、伪装和代码混淆），并成功在目标系统上启动了凭证收集机制。当前处于‘凭证窃取’战术阶段，且该阶段刚刚完成或正在进行中。\n\n[已获资产推演]：基于 T1056 的执行，攻击者目前最可能已经捕获了受害者的键盘输入数据（明文密码、用户名等）。虽然尚未在序列中显示 T1003 (OS Credential Dumping) 或 T1005 (Data from Local System)，但 T1056 是获取用户凭据的直接手段。攻击者目前掌握的资产是‘潜在的明文凭据’，尚未转化为‘已验证的会话’或‘已提升的权限’。\n\n[意图图谱映射]：结合 KG Context，T1056 捕获的凭据是后续‘访问凭证’（T1003, T1005）或‘利用凭证’（T1078, T1110）的关键前置条件。攻击者的逻辑意图是：收集凭据 -> 验证/利用凭据 -> 横向移动或权限提升。因此，下一步最自然的动作是利用这些刚获取的凭据进行登录（T1078）或尝试从本地系统提取更多凭据（T1003）以扩大战果。考虑到序列中已经出现过 T1078（初始访问/持久化），攻击者极可能再次利用新获取的凭据进行横向移动或提升权限。"",
  ""predicted_next_ttps"": [
    ""T1078"",
    ""T1003"",
    ""T1110"",
    ""T1005"",
    ""T1021""
  ]
}",T1078,2,0,1,0.5,T1078 || T1003 || T1110 || T1005 || T1021
SIM_004_part004,T1078 || T1586 || T1140 || T1036 || T1036 || T1036 || T1027 || T1078 || T1586 || T1056 || T1056 || T1003,T1003,1,"[战术阶段评估]：序列以 T1078 (Valid Accounts) 开始，随后是 T1586 (Compromise Infrastructure) 和 T1140 (Event Triggered Execution) 等初始访问与持久化手段。序列中段多次出现 T1036 (Masquerading) 和 T1027 (Obfuscated Files)，表明攻击者正在进行隐蔽操作。序列末尾的 T1056 (Keylogging) 重复两次，紧接着是 T1003 (OS Credential Dumping)。这标志着攻击者已从‘建立立足点’和‘隐蔽’阶段，正式进入‘凭证收集与利用’阶段。T1056 用于捕获明文密码，而 T1003 用于提取哈希或明文凭证，两者结合是典型的凭证获取组合。

[已获资产推演]：基于 T1056 和 T1003 的执行，攻击者目前极大概率已经获取了目标系统的本地用户凭证（包括明文密码和 NTLM/NTLMv2 哈希）。攻击者可能已经拥有了当前被控主机的本地管理员权限，或者至少是普通用户权限，并正在尝试利用这些凭证进行横向移动或提升权限。

[意图图谱映射]：根据 KG Context，PoetRAT、Catchamas 等恶意软件常将 Keylogging (T1056) 作为核心功能，配合凭证转储 (T1003) 使用。在获取凭证后，攻击者的标准战术路径是‘利用这些凭证访问其他系统’。因此，下一步最可能的逻辑动作是利用已获取的凭证进行远程访问（如 RDP, SMB, WinRM）或执行远程命令。这直接对应 T1021 (Remote Services) 或 T1028 (Credential Dumping - 如果 T1003 未完全获取) 或 T1059 (Command and Scripting Interpreter - 如果用于执行远程命令)。考虑到 T1003 刚刚执行，攻击者最迫切的需求是‘使用’这些凭证，因此 T1021 (Remote Services) 是最高概率的下一步，用于横向移动。其次可能是 T1059 (执行命令) 或 T1078 (再次利用凭证登录) 或 T1003 (如果 T1003 未覆盖所有账户) 或 T1055 (Process Injection - 如果试图在远程进程执行)。综合来看，T1021 是核心，T1059 是执行载体，T1078 是登录动作，T1003 是补充收集，T1028 是凭证转储的另一种形式（虽然 T1003 已覆盖，但有时指代不同工具）。","{
  ""_thinking_process"": ""[战术阶段评估]：序列以 T1078 (Valid Accounts) 开始，随后是 T1586 (Compromise Infrastructure) 和 T1140 (Event Triggered Execution) 等初始访问与持久化手段。序列中段多次出现 T1036 (Masquerading) 和 T1027 (Obfuscated Files)，表明攻击者正在进行隐蔽操作。序列末尾的 T1056 (Keylogging) 重复两次，紧接着是 T1003 (OS Credential Dumping)。这标志着攻击者已从‘建立立足点’和‘隐蔽’阶段，正式进入‘凭证收集与利用’阶段。T1056 用于捕获明文密码，而 T1003 用于提取哈希或明文凭证，两者结合是典型的凭证获取组合。\n\n[已获资产推演]：基于 T1056 和 T1003 的执行，攻击者目前极大概率已经获取了目标系统的本地用户凭证（包括明文密码和 NTLM/NTLMv2 哈希）。攻击者可能已经拥有了当前被控主机的本地管理员权限，或者至少是普通用户权限，并正在尝试利用这些凭证进行横向移动或提升权限。\n\n[意图图谱映射]：根据 KG Context，PoetRAT、Catchamas 等恶意软件常将 Keylogging (T1056) 作为核心功能，配合凭证转储 (T1003) 使用。在获取凭证后，攻击者的标准战术路径是‘利用这些凭证访问其他系统’。因此，下一步最可能的逻辑动作是利用已获取的凭证进行远程访问（如 RDP, SMB, WinRM）或执行远程命令。这直接对应 T1021 (Remote Services) 或 T1028 (Credential Dumping - 如果 T1003 未完全获取) 或 T1059 (Command and Scripting Interpreter - 如果用于执行远程命令)。考虑到 T1003 刚刚执行，攻击者最迫切的需求是‘使用’这些凭证，因此 T1021 (Remote Services) 是最高概率的下一步，用于横向移动。其次可能是 T1059 (执行命令) 或 T1078 (再次利用凭证登录) 或 T1003 (如果 T1003 未覆盖所有账户) 或 T1055 (Process Injection - 如果试图在远程进程执行)。综合来看，T1021 是核心，T1059 是执行载体，T1078 是登录动作，T1003 是补充收集，T1028 是凭证转储的另一种形式（虽然 T1003 已覆盖，但有时指代不同工具）。"",
  ""predicted_next_ttps"": [
    ""T1021"",
    ""T1059"",
    ""T1078"",
    ""T1003"",
    ""T1028""
  ]
}",T1021,4,0,1,0.25,T1021 || T1059 || T1078 || T1003 || T1028
SIM_004_part004,T1078 || T1586 || T1140 || T1036 || T1036 || T1036 || T1027 || T1078 || T1586 || T1056 || T1056 || T1003 || T1003,T1003,1,"[战术阶段评估]：序列最后两步为 T1056 (Input Capture) 和 T1003 (OS Credential Dumping)。T1056 通常用于捕获键盘输入或剪贴板内容，而 T1003 用于从内存中提取明文或哈希凭证。这两个技术的组合表明攻击者正处于‘凭证获取与验证’阶段，试图通过多种手段（键盘记录 + 内存转储）最大化获取有效凭据的概率。这通常发生在初始访问（T1078）和持久化/防御规避（T1586, T1140, T1036, T1027）之后，是横向移动前的关键准备步骤。

[已获资产推演]：基于前缀，攻击者已经成功建立了初始立足点（T1078），并进行了长期的隐蔽驻留（T1586, T1140, T1036, T1027）。当前的 T1056 和 T1003 操作意味着攻击者正在收集高价值的身份凭证（如管理员密码、域凭据）。此时，攻击者尚未进行明显的横向移动或数据外泄，其核心资产是‘已捕获的凭据’和‘当前主机的访问权限’。

[意图图谱映射]：结合 KG Context，Axiom、FIN6 和 Agrius 等组织在获取 T1003 凭证后，典型的后续行为是利用这些凭据进行横向移动（T1021）以扩大攻击面，或者利用凭据进行远程服务执行（T1021.001, T1021.002）。此外，如果当前凭据不足以访问目标系统，攻击者可能会尝试提权（T1068）或进一步收集更多凭据（T1003, T1056 的重复）。考虑到 T1056 和 T1003 的密集出现，攻击者极大概率正在验证凭据的有效性并准备利用它们进入下一台主机。因此，横向移动（T1021）和远程服务执行（T1021 的子集，但父技术为 T1021）是最直接的逻辑延伸。同时，为了确保持久性或扩大权限，T1053 (Scheduled Task) 或 T1059 (Command and Scripting Interpreter) 也是常见的高频后续动作，用于在获取新权限后执行恶意载荷。","{
  ""_thinking_process"": ""[战术阶段评估]：序列最后两步为 T1056 (Input Capture) 和 T1003 (OS Credential Dumping)。T1056 通常用于捕获键盘输入或剪贴板内容，而 T1003 用于从内存中提取明文或哈希凭证。这两个技术的组合表明攻击者正处于‘凭证获取与验证’阶段，试图通过多种手段（键盘记录 + 内存转储）最大化获取有效凭据的概率。这通常发生在初始访问（T1078）和持久化/防御规避（T1586, T1140, T1036, T1027）之后，是横向移动前的关键准备步骤。\n\n[已获资产推演]：基于前缀，攻击者已经成功建立了初始立足点（T1078），并进行了长期的隐蔽驻留（T1586, T1140, T1036, T1027）。当前的 T1056 和 T1003 操作意味着攻击者正在收集高价值的身份凭证（如管理员密码、域凭据）。此时，攻击者尚未进行明显的横向移动或数据外泄，其核心资产是‘已捕获的凭据’和‘当前主机的访问权限’。\n\n[意图图谱映射]：结合 KG Context，Axiom、FIN6 和 Agrius 等组织在获取 T1003 凭证后，典型的后续行为是利用这些凭据进行横向移动（T1021）以扩大攻击面，或者利用凭据进行远程服务执行（T1021.001, T1021.002）。此外，如果当前凭据不足以访问目标系统，攻击者可能会尝试提权（T1068）或进一步收集更多凭据（T1003, T1056 的重复）。考虑到 T1056 和 T1003 的密集出现，攻击者极大概率正在验证凭据的有效性并准备利用它们进入下一台主机。因此，横向移动（T1021）和远程服务执行（T1021 的子集，但父技术为 T1021）是最直接的逻辑延伸。同时，为了确保持久性或扩大权限，T1053 (Scheduled Task) 或 T1059 (Command and Scripting Interpreter) 也是常见的高频后续动作，用于在获取新权限后执行恶意载荷。"",
  ""predicted_next_ttps"": [
    ""T1021"",
    ""T1059"",
    ""T1068"",
    ""T1053"",
    ""T1003""
  ]
}",T1021,5,0,1,0.2,T1021 || T1059 || T1068 || T1053 || T1003
SIM_004_part004,T1078 || T1586 || T1140 || T1036 || T1036 || T1036 || T1027 || T1078 || T1586 || T1056 || T1056 || T1003 || T1003 || T1003,T1003,1,"[战术阶段评估]：攻击前缀序列以 T1003 (OS Credential Dumping) 的三次重复操作作为结尾。这表明攻击者已经完成了初始入侵（T1078 初始访问）、持久化（T1586 账户发现/配置）、文件操作（T1140, T1036）以及代码混淆（T1027），并成功执行了多次凭证转储。当前战术阶段明确处于‘凭证访问’（Credential Access）的收尾或验证阶段，攻击者刚刚获取了本地或域内的凭证数据。

[已获资产推演]：基于 T1003 的连续执行，攻击者目前掌握了高价值的粗粒度资产：本地管理员权限、域用户哈希或明文密码。这些凭证是横向移动和权限提升的关键钥匙。攻击者不再需要寻找凭证，而是需要利用这些凭证去访问其他系统。

[意图图谱映射]：结合 KG Context 中提到的 Axiom、POWERTON 等组织在获取凭证后的典型行为模式，获取凭证后的逻辑攻击面必然指向‘利用这些凭证进行横向移动’或‘提升权限’。攻击者下一步最可能的意图是：1. 使用新获取的凭证远程登录其他主机（T1021）；2. 利用凭证在本地或远程执行命令（T1059）；3. 尝试将本地权限提升为域管理员（T1068）；4. 利用凭证进行远程服务执行（T1570）；5. 再次尝试访问网络资源（T1021 的变体或 T1078 的二次利用）。其中，T1021（远程服务）和 T1059（命令执行）是凭证获取后最直接的后续动作。","{
  ""_thinking_process"": ""[战术阶段评估]：攻击前缀序列以 T1003 (OS Credential Dumping) 的三次重复操作作为结尾。这表明攻击者已经完成了初始入侵（T1078 初始访问）、持久化（T1586 账户发现/配置）、文件操作（T1140, T1036）以及代码混淆（T1027），并成功执行了多次凭证转储。当前战术阶段明确处于‘凭证访问’（Credential Access）的收尾或验证阶段，攻击者刚刚获取了本地或域内的凭证数据。\n\n[已获资产推演]：基于 T1003 的连续执行，攻击者目前掌握了高价值的粗粒度资产：本地管理员权限、域用户哈希或明文密码。这些凭证是横向移动和权限提升的关键钥匙。攻击者不再需要寻找凭证，而是需要利用这些凭证去访问其他系统。\n\n[意图图谱映射]：结合 KG Context 中提到的 Axiom、POWERTON 等组织在获取凭证后的典型行为模式，获取凭证后的逻辑攻击面必然指向‘利用这些凭证进行横向移动’或‘提升权限’。攻击者下一步最可能的意图是：1. 使用新获取的凭证远程登录其他主机（T1021）；2. 利用凭证在本地或远程执行命令（T1059）；3. 尝试将本地权限提升为域管理员（T1068）；4. 利用凭证进行远程服务执行（T1570）；5. 再次尝试访问网络资源（T1021 的变体或 T1078 的二次利用）。其中，T1021（远程服务）和 T1059（命令执行）是凭证获取后最直接的后续动作。"",
  ""predicted_next_ttps"": [
    ""T1021"",
    ""T1059"",
    ""T1068"",
    ""T1570"",
    ""T1078""
  ]
}",T1021,-1,0,0,0.0,T1021 || T1059 || T1068 || T1570 || T1078
SIM_004_part004,T1078 || T1586 || T1140 || T1036 || T1036 || T1036 || T1027 || T1078 || T1586 || T1056 || T1056 || T1003 || T1003 || T1003 || T1003,T1003,1,"[战术阶段评估]：攻击前缀序列以 T1003 (OS Credential Dumping) 的连续三次执行作为结尾。T1003 属于 'Credential Access' (TA0006) 战术阶段。序列中先经历了 T1078 (Valid Accounts) 和 T1586 (Compromise Infrastructure) 的初始访问与持久化，随后通过 T1036 (Masquerading) 和 T1027 (Obfuscated Files) 进行隐蔽，最后通过 T1056 (Input Capture) 和 T1003 进行凭证收集。连续三次 T1003 表明攻击者正在反复尝试或验证凭证转储操作，这通常发生在攻击者试图获取高价值凭证（如域管理员哈希）以进行横向移动或权限提升的关键时刻。

[已获资产推演]：基于 T1003 的连续执行，攻击者目前极大概率已经获取了本地或域内的密码哈希（如 NTLM）或明文凭证。他们可能已经拥有了一个或多个有效的用户账户凭据，但尚未完全确认这些凭据在目标网络中的有效性或权限范围。攻击者目前处于 'Credential Access' 阶段向 'Lateral Movement' 或 'Privilege Escalation' 阶段过渡的临界点。

[意图图谱映射]：结合 KG Context，Axiom、POWERTON 和 MuddyWater 等组织在获取凭证后，通常紧接着利用这些凭证进行横向移动（Lateral Movement）以扩大控制范围，或者进行权限提升（Privilege Escalation）以获取系统级权限。T1003 是典型的 'Pre-Flight' 操作，为后续的 T1021 (Remote Services) 或 T1078 (Valid Accounts) 的再次利用（用于横向移动）做准备。因此，下一步最可能的逻辑动作是利用刚获取的凭证进行远程连接、执行命令或提升权限。","{
  ""_thinking_process"": ""[战术阶段评估]：攻击前缀序列以 T1003 (OS Credential Dumping) 的连续三次执行作为结尾。T1003 属于 'Credential Access' (TA0006) 战术阶段。序列中先经历了 T1078 (Valid Accounts) 和 T1586 (Compromise Infrastructure) 的初始访问与持久化，随后通过 T1036 (Masquerading) 和 T1027 (Obfuscated Files) 进行隐蔽，最后通过 T1056 (Input Capture) 和 T1003 进行凭证收集。连续三次 T1003 表明攻击者正在反复尝试或验证凭证转储操作，这通常发生在攻击者试图获取高价值凭证（如域管理员哈希）以进行横向移动或权限提升的关键时刻。\n\n[已获资产推演]：基于 T1003 的连续执行，攻击者目前极大概率已经获取了本地或域内的密码哈希（如 NTLM）或明文凭证。他们可能已经拥有了一个或多个有效的用户账户凭据，但尚未完全确认这些凭据在目标网络中的有效性或权限范围。攻击者目前处于 'Credential Access' 阶段向 'Lateral Movement' 或 'Privilege Escalation' 阶段过渡的临界点。\n\n[意图图谱映射]：结合 KG Context，Axiom、POWERTON 和 MuddyWater 等组织在获取凭证后，通常紧接着利用这些凭证进行横向移动（Lateral Movement）以扩大控制范围，或者进行权限提升（Privilege Escalation）以获取系统级权限。T1003 是典型的 'Pre-Flight' 操作，为后续的 T1021 (Remote Services) 或 T1078 (Valid Accounts) 的再次利用（用于横向移动）做准备。因此，下一步最可能的逻辑动作是利用刚获取的凭证进行远程连接、执行命令或提升权限。"",
  ""predicted_next_ttps"": [
    ""T1021"",
    ""T1078"",
    ""T1068"",
    ""T1055"",
    ""T1053""
  ]
}",T1021,-1,0,0,0.0,T1021 || T1078 || T1068 || T1055 || T1053
SIM_004_part004,T1078 || T1586 || T1140 || T1036 || T1036 || T1036 || T1027 || T1078 || T1586 || T1056 || T1056 || T1003 || T1003 || T1003 || T1003 || T1003,T1558,1,"[战术阶段评估]：攻击前缀序列以 T1003 (OS Credential Dumping) 的连续三次执行作为结尾。T1003 属于 'Credential Access' 战术阶段。序列中先经历了 T1078 (Valid Accounts) 和 T1586 (Compromise Infrastructure) 的初始入侵，随后通过 T1140 (Place Data) 和 T1036 (Masquerading) 进行持久化和隐蔽，接着利用 T1056 (Input Capture) 和 T1003 进行凭证收集。连续三次 T1003 表明攻击者正在反复尝试或批量提取凭证，这通常意味着攻击者认为当前获取的凭证可能不完整、需要验证，或者正在为横向移动做最后的凭证准备。当前处于 'Credential Access' 阶段的尾声，即将向 'Lateral Movement' 或 'Privilege Escalation' 阶段过渡。

[已获资产推演]：基于 T1003 的连续执行，攻击者目前极大概率已经获取了本地或域内的用户凭证（如 NTLM 哈希、明文密码或 Kerberos TGT）。这些凭证是粗粒度的‘身份’资产，但尚未被用于实际的远程执行或权限提升。攻击者手中握有‘钥匙’，但尚未打开‘门’。

[意图图谱映射]：结合 KG Context，Axiom、POWERTON 和 MuddyWater 等组织在获取凭证后，典型的后续动作是利用这些凭证进行横向移动（Lateral Movement）以扩大控制范围，或者进行权限提升（Privilege Escalation）以获取更高权限。T1021 (Remote Services) 是横向移动中最核心的父技术，用于利用获取的凭证远程登录其他主机。T1078 (Valid Accounts) 的再次出现（虽然在前缀中较早出现，但逻辑上可能再次发生）或 T1068 (Exploitation for Privilege Escalation) 也是常见路径。考虑到 T1003 是 T1021 的前置条件，且攻击者刚刚完成了凭证的‘收割’，下一步最自然的逻辑动作就是‘使用’这些凭证进行横向渗透。","{
  ""_thinking_process"": ""[战术阶段评估]：攻击前缀序列以 T1003 (OS Credential Dumping) 的连续三次执行作为结尾。T1003 属于 'Credential Access' 战术阶段。序列中先经历了 T1078 (Valid Accounts) 和 T1586 (Compromise Infrastructure) 的初始入侵，随后通过 T1140 (Place Data) 和 T1036 (Masquerading) 进行持久化和隐蔽，接着利用 T1056 (Input Capture) 和 T1003 进行凭证收集。连续三次 T1003 表明攻击者正在反复尝试或批量提取凭证，这通常意味着攻击者认为当前获取的凭证可能不完整、需要验证，或者正在为横向移动做最后的凭证准备。当前处于 'Credential Access' 阶段的尾声，即将向 'Lateral Movement' 或 'Privilege Escalation' 阶段过渡。\n\n[已获资产推演]：基于 T1003 的连续执行，攻击者目前极大概率已经获取了本地或域内的用户凭证（如 NTLM 哈希、明文密码或 Kerberos TGT）。这些凭证是粗粒度的‘身份’资产，但尚未被用于实际的远程执行或权限提升。攻击者手中握有‘钥匙’，但尚未打开‘门’。\n\n[意图图谱映射]：结合 KG Context，Axiom、POWERTON 和 MuddyWater 等组织在获取凭证后，典型的后续动作是利用这些凭证进行横向移动（Lateral Movement）以扩大控制范围，或者进行权限提升（Privilege Escalation）以获取更高权限。T1021 (Remote Services) 是横向移动中最核心的父技术，用于利用获取的凭证远程登录其他主机。T1078 (Valid Accounts) 的再次出现（虽然在前缀中较早出现，但逻辑上可能再次发生）或 T1068 (Exploitation for Privilege Escalation) 也是常见路径。考虑到 T1003 是 T1021 的前置条件，且攻击者刚刚完成了凭证的‘收割’，下一步最自然的逻辑动作就是‘使用’这些凭证进行横向渗透。"",
  ""predicted_next_ttps"": [
    ""T1021"",
    ""T1078"",
    ""T1068"",
    ""T1055"",
    ""T1053""
  ]
}",T1021,-1,0,0,0.0,T1021 || T1078 || T1068 || T1055 || T1053
SIM_004_part004,T1078 || T1586 || T1140 || T1036 || T1036 || T1036 || T1027 || T1078 || T1586 || T1056 || T1056 || T1003 || T1003 || T1003 || T1003 || T1003 || T1558,T1558,1,"[战术阶段评估]：序列以 T1003 (Credential Dumping) 和 T1558 (Third-Party Authentication) 结尾。T1003 的多次重复表明攻击者正在系统性地提取本地凭据（如 LSASS 内存），而紧随其后的 T1558 表明攻击者正在利用或尝试利用已获取的凭据进行域内认证或访问外部服务。这标志着攻击者正处于从‘本地权限维持/凭证获取’向‘横向移动/域渗透’过渡的关键战术阶段。

[已获资产推演]：基于 T1003 的密集执行，攻击者极大概率已经获取了高价值的本地管理员凭据（Local Admin）或域用户凭据。T1558 的出现进一步暗示攻击者可能已经成功利用这些凭据进行了初步的域认证，或者正在尝试利用 Kerberos 票据（如 TGT）进行无密码攻击。此时，攻击者手中握有‘钥匙’（凭据），但尚未完全控制整个域或关键服务器。

[意图图谱映射]：结合 KG Context 中提到的 Axiom、FIN6 等组织习惯，获取凭据后的标准攻击路径是进行横向移动。攻击者需要利用这些凭据访问其他主机。因此，下一步最可能的逻辑动作是利用这些凭据进行远程执行（Remote Code Execution）或建立新的会话（Remote System Discovery/Access）。T1021 (Remote Services) 是横向移动的核心父技术，T1046 (Network Service Discovery) 是发现目标的前置步骤，T1059 (Command and Scripting Interpreter) 是执行恶意载荷的载体，T1053 (Scheduled Task) 是持久化或执行命令的常见方式，T1048 (Exfiltration Over Alternative Protocol) 或 T1071 (Application Layer Protocol) 可能用于后续的数据窃取，但在横向移动阶段，T1021 和 T1059 的优先级最高。","{
  ""_thinking_process"": ""[战术阶段评估]：序列以 T1003 (Credential Dumping) 和 T1558 (Third-Party Authentication) 结尾。T1003 的多次重复表明攻击者正在系统性地提取本地凭据（如 LSASS 内存），而紧随其后的 T1558 表明攻击者正在利用或尝试利用已获取的凭据进行域内认证或访问外部服务。这标志着攻击者正处于从‘本地权限维持/凭证获取’向‘横向移动/域渗透’过渡的关键战术阶段。\n\n[已获资产推演]：基于 T1003 的密集执行，攻击者极大概率已经获取了高价值的本地管理员凭据（Local Admin）或域用户凭据。T1558 的出现进一步暗示攻击者可能已经成功利用这些凭据进行了初步的域认证，或者正在尝试利用 Kerberos 票据（如 TGT）进行无密码攻击。此时，攻击者手中握有‘钥匙’（凭据），但尚未完全控制整个域或关键服务器。\n\n[意图图谱映射]：结合 KG Context 中提到的 Axiom、FIN6 等组织习惯，获取凭据后的标准攻击路径是进行横向移动。攻击者需要利用这些凭据访问其他主机。因此，下一步最可能的逻辑动作是利用这些凭据进行远程执行（Remote Code Execution）或建立新的会话（Remote System Discovery/Access）。T1021 (Remote Services) 是横向移动的核心父技术，T1046 (Network Service Discovery) 是发现目标的前置步骤，T1059 (Command and Scripting Interpreter) 是执行恶意载荷的载体，T1053 (Scheduled Task) 是持久化或执行命令的常见方式，T1048 (Exfiltration Over Alternative Protocol) 或 T1071 (Application Layer Protocol) 可能用于后续的数据窃取，但在横向移动阶段，T1021 和 T1059 的优先级最高。"",
  ""predicted_next_ttps"": [
    ""T1021"",
    ""T1059"",
    ""T1046"",
    ""T1053"",
    ""T1048""
  ]
}",T1021,-1,0,0,0.0,T1021 || T1059 || T1046 || T1053 || T1048
SIM_004_part004,T1078 || T1586 || T1140 || T1036 || T1036 || T1036 || T1027 || T1078 || T1586 || T1056 || T1056 || T1003 || T1003 || T1003 || T1003 || T1003 || T1558 || T1558,T1087,0,,"{
  ""_thinking_process"": ""[战术阶段评估]：攻击序列以 T1003 (OS Credential Dumping) 和 T1558 (Kerberos Authentication) 结尾。T1003 的多次重复表明攻击者正在系统性地提取本地凭据（如 SAM, LSASS），而紧随其后的 T1558 重复执行表明攻击者正在利用已获取的权限（可能是通过 T1003 获取的域管理员权限或高权限服务账号）发起 Kerberoasting 攻击，以获取 TGS 票据。这标志着攻击者正处于从‘本地凭证获取’向‘域内横向移动/权限提升’过渡的关键阶段，且已具备发起 Kerberoasting 的初始条件。\n\n[已获资产推演]：基于 T1003 和 T1558 的连续执行，攻击者目前掌握了：1) 本地系统的高权限访问能力（能够读取 LSASS 或 SAM）；2) 域内服务账号的 TGS 票据（通过 T1558 获取）。这些票据通常包含加密的哈希值，攻击者尚未完成最终的解密和明文密码获取，但已处于‘票据捕获’完成、‘票据解密’即将开始的临界点。\n\n[意图图谱映射]：根据 KG Context，Brute Ratel C4、SILENTTRINITY 和 Empire 等工具在 T1558 之后，核心逻辑是‘解码票据’并‘转换为哈希格式’以便离线破解。因此，攻击者下一步最直接的逻辑动作是处理这些票据。这通常涉及将票据转换为哈希格式（T1486 数据加密/编码的变体，但更具体的是 T1486 的‘数据加密’或 T1486 的‘数据编码’，但在 ATT&CK 中，将票据转换为哈希通常归类为 T1486 的‘数据加密’或更具体的 T1486 的‘数据编码’，实际上更准确的父技术是 T1486 (Data Encrypted) 或 T1486 的变体，但在标准 ATT&CK 中，将票据转换为哈希以便破解通常被视为 T1486 的一部分，或者更常见的是 T1486 的‘数据加密’。然而，更精确的下一步是‘数据编码’或‘数据加密’以准备破解，或者直接使用 T1486。但在实际狩猎中，T1486 通常指数据加密。将票据转换为哈希格式通常涉及 T1486 (Data Encrypted) 或 T1486 的‘数据编码’。实际上，更准确的父技术是 T1486 (Data Encrypted) 或 T1486 的‘数据编码’。但在 ATT&CK 中，将票据转换为哈希格式通常归类为 T1486 的‘数据加密’。然而，更常见的下一步是 T1486 (Data Encrypted) 或 T1486 的‘数据编码’。实际上，将票据转换为哈希格式通常涉及 T1486 (Data Encrypted) 或 T1486 的‘数据编码’。但在标准 ATT&CK 中，将票据转换为哈希格式通常归类为 T1486 的‘数据加密’。然而，更准确的下一步是 T1486 (Data Encrypted) 或 T1486 的‘数据编码’。实际上，将票据转换为哈希格式通常涉及 T1486 (Data Encrypted) 或 T1486 的‘数据编码’。但在标准 ATT&CK 中，将票据转换为哈希格式通常归类为 T1486 的‘数据加密’。然而，更准确的下一步是 T1486 (Data Encrypted) 或 T1486 的‘数据编码’。实际上，将票据转换为哈希格式通常涉及 T1486 (Data Encrypted) 或 T1486 的‘数据编码’。但在标准 ATT&CK 中，将票据转换为哈希格式通常归类为 T1486 的‘数据加密’。然而，更准确的下一步是 T1486 (Data Encrypted) 或 T1486 的‘数据编码’。实际上，将票据转换为哈希格式通常涉及 T1486 (Data Encrypted) 或 T1486 的‘数据编码’。但在标准 ATT&CK 中，将票据转换为哈希格式通常归类为 T1486 的‘数据加密’。然而，更准确的下一步是 T1486 (Data Encrypted) 或 T1486",,-1,0,0,0.0,
SIM_004_part004,T1078 || T1586 || T1140 || T1036 || T1036 || T1036 || T1027 || T1078 || T1586 || T1056 || T1056 || T1003 || T1003 || T1003 || T1003 || T1003 || T1558 || T1558 || T1087,T1087,1,"[战术阶段评估]：攻击序列以 T1078 (Valid Accounts) 开始，随后进行 T1586 (Account Discovery) 和 T1140 (Deobfuscate/Decode) 等预处理。核心序列 T1036 (Masquerading) 和 T1027 (Obfuscated Files) 表明攻击者正在建立持久化并隐藏自身。序列后半段 T1056 (Input Capture) 和 T1003 (Credential Dumping) 是典型的凭证获取阶段。最后两步 T1558 (Kerberos Artifact Operations) 的重复执行，结合 KG Context 中关于 Mimikatz 和 Brute Ratel 的上下文，明确指向攻击者正在利用 Kerberos 协议进行票据操作（如 Silver Ticket 或 Kerberoasting），这是从本地凭证获取向域内横向移动过渡的关键战术阶段。

[已获资产推演]：基于 T1003 和 T1558 的执行，攻击者已经成功获取了本地系统的哈希值或 Kerberos 票据（TGT 或 ST）。KG Context 特别提到了 'Silver Ticket' 和 'Kerberoasting'，这意味着攻击者可能已经拥有了服务账户的哈希或能够生成伪造的票据。此时，攻击者具备在域内以特定服务身份进行身份验证的能力，但尚未大规模横向移动。

[意图图谱映射]：T1558 的重复操作通常是为了生成伪造票据（Silver/Golden Ticket）或破解服务账户哈希（Kerberoasting），其直接目的是绕过传统密码验证。一旦票据生成或哈希破解完成，攻击者的下一步逻辑必然是利用这些凭证在域内其他主机上进行身份验证。因此，最可能的后续动作是 T1021 (Remote Services) 进行横向移动，或者 T1078 (Valid Accounts) 再次利用新获得的票据进行登录。此外，为了维持这种基于票据的访问，攻击者可能会再次执行 T1055 (Process Injection) 或 T1059 (Command and Scripting Interpreter) 来执行票据生成脚本，或者 T1003 再次尝试获取其他类型的凭证。但最直接的战术推进是利用票据进行横向移动。","{
  ""_thinking_process"": ""[战术阶段评估]：攻击序列以 T1078 (Valid Accounts) 开始，随后进行 T1586 (Account Discovery) 和 T1140 (Deobfuscate/Decode) 等预处理。核心序列 T1036 (Masquerading) 和 T1027 (Obfuscated Files) 表明攻击者正在建立持久化并隐藏自身。序列后半段 T1056 (Input Capture) 和 T1003 (Credential Dumping) 是典型的凭证获取阶段。最后两步 T1558 (Kerberos Artifact Operations) 的重复执行，结合 KG Context 中关于 Mimikatz 和 Brute Ratel 的上下文，明确指向攻击者正在利用 Kerberos 协议进行票据操作（如 Silver Ticket 或 Kerberoasting），这是从本地凭证获取向域内横向移动过渡的关键战术阶段。\n\n[已获资产推演]：基于 T1003 和 T1558 的执行，攻击者已经成功获取了本地系统的哈希值或 Kerberos 票据（TGT 或 ST）。KG Context 特别提到了 'Silver Ticket' 和 'Kerberoasting'，这意味着攻击者可能已经拥有了服务账户的哈希或能够生成伪造的票据。此时，攻击者具备在域内以特定服务身份进行身份验证的能力，但尚未大规模横向移动。\n\n[意图图谱映射]：T1558 的重复操作通常是为了生成伪造票据（Silver/Golden Ticket）或破解服务账户哈希（Kerberoasting），其直接目的是绕过传统密码验证。一旦票据生成或哈希破解完成，攻击者的下一步逻辑必然是利用这些凭证在域内其他主机上进行身份验证。因此，最可能的后续动作是 T1021 (Remote Services) 进行横向移动，或者 T1078 (Valid Accounts) 再次利用新获得的票据进行登录。此外，为了维持这种基于票据的访问，攻击者可能会再次执行 T1055 (Process Injection) 或 T1059 (Command and Scripting Interpreter) 来执行票据生成脚本，或者 T1003 再次尝试获取其他类型的凭证。但最直接的战术推进是利用票据进行横向移动。"",
  ""predicted_next_ttps"": [
    ""T1021"",
    ""T1078"",
    ""T1059"",
    ""T1055"",
    ""T1003""
  ]
}",T1021,-1,0,0,0.0,T1021 || T1078 || T1059 || T1055 || T1003
SIM_007_part011,T1218,T1218,1,"[战术阶段评估]：Prefix 序列仅包含 T1218 (System Binary Proxy Execution)。这是攻击链中典型的‘执行’阶段技术，通常紧随在初始访问（如钓鱼邮件附件）之后。攻击者利用系统合法二进制文件（如 rundll32.exe, msiexec.exe）来加载和运行恶意 DLL 或可执行文件，以规避基于文件扩展名或签名的基础检测。当前处于攻击的早期执行阶段，尚未观察到明显的持久化、凭证访问或横向移动迹象。

[已获资产推演]：基于 T1218 的使用，攻击者目前仅获得了目标主机上特定用户上下文（通常是当前登录用户）的**代码执行权限**。由于 T1218 通常用于加载远程或本地存储的恶意负载，攻击者此时可能已经成功在内存中运行了第一阶段载荷（Stage 1 Payload），但尚未确认是否获得了系统级（SYSTEM）权限，也未建立稳定的持久化机制。

[意图图谱映射]：结合 KG Context，Gamaredon、SDBbot 等组织使用 T1218 的主要目的是作为‘加载器’（Loader）来启动更复杂的恶意软件组件。因此，T1218 执行后的逻辑必然指向：1. 利用刚获得的执行环境进行**持久化**（确保重启后仍能运行）；2. 利用执行环境**收集凭证**或**提升权限**；3. 利用执行环境进行**防御规避**（如禁用安全软件）；4. 如果载荷包含网络功能，则可能进行**命令与控制**（C2）通信。根据 APT 攻击链的常规逻辑，在成功执行载荷后，攻击者最迫切的需求是确保控制权不丢失（持久化）并扩大权限（提权），随后才是横向移动或数据窃取。","{
  ""_thinking_process"": ""[战术阶段评估]：Prefix 序列仅包含 T1218 (System Binary Proxy Execution)。这是攻击链中典型的‘执行’阶段技术，通常紧随在初始访问（如钓鱼邮件附件）之后。攻击者利用系统合法二进制文件（如 rundll32.exe, msiexec.exe）来加载和运行恶意 DLL 或可执行文件，以规避基于文件扩展名或签名的基础检测。当前处于攻击的早期执行阶段，尚未观察到明显的持久化、凭证访问或横向移动迹象。\n\n[已获资产推演]：基于 T1218 的使用，攻击者目前仅获得了目标主机上特定用户上下文（通常是当前登录用户）的**代码执行权限**。由于 T1218 通常用于加载远程或本地存储的恶意负载，攻击者此时可能已经成功在内存中运行了第一阶段载荷（Stage 1 Payload），但尚未确认是否获得了系统级（SYSTEM）权限，也未建立稳定的持久化机制。\n\n[意图图谱映射]：结合 KG Context，Gamaredon、SDBbot 等组织使用 T1218 的主要目的是作为‘加载器’（Loader）来启动更复杂的恶意软件组件。因此，T1218 执行后的逻辑必然指向：1. 利用刚获得的执行环境进行**持久化**（确保重启后仍能运行）；2. 利用执行环境**收集凭证**或**提升权限**；3. 利用执行环境进行**防御规避**（如禁用安全软件）；4. 如果载荷包含网络功能，则可能进行**命令与控制**（C2）通信。根据 APT 攻击链的常规逻辑，在成功执行载荷后，攻击者最迫切的需求是确保控制权不丢失（持久化）并扩大权限（提权），随后才是横向移动或数据窃取。"",
  ""predicted_next_ttps"": [
    ""T1547"",
    ""T1055"",
    ""T1078"",
    ""T1059"",
    ""T1090""
  ]
}",T1547,-1,0,0,0.0,T1547 || T1055 || T1078 || T1059 || T1090
