sample_id,source,campaign_id,prefix_len,prefix,raw_prefix,true_label,target_raw_id,profile_file,profile_name
stockpile::01c96671-afd3-47d4-8d31-8c116cc0221a::0001,stockpile,01c96671-afd3-47d4-8d31-8c116cc0221a,1,"[""T1119""]","[""T1119""]",T1560,T1560.001,data/adversaries/01c96671-afd3-47d4-8d31-8c116cc0221a.yml,Advanced Thief via DropBox
stockpile::01c96671-afd3-47d4-8d31-8c116cc0221a::0002,stockpile,01c96671-afd3-47d4-8d31-8c116cc0221a,2,"[""T1119"",""T1560""]","[""T1119"",""T1560.001""]",T1567,T1567.002,data/adversaries/01c96671-afd3-47d4-8d31-8c116cc0221a.yml,Advanced Thief via DropBox
stockpile::01d77744-2515-401a-a497-d9f7241aac3c::0001,stockpile,01d77744-2515-401a-a497-d9f7241aac3c,1,"[""T1033""]","[""T1033""]",T1083,T1083,data/adversaries/01d77744-2515-401a-a497-d9f7241aac3c.yml,Check
stockpile::01d77744-2515-401a-a497-d9f7241aac3c::0002,stockpile,01d77744-2515-401a-a497-d9f7241aac3c,2,"[""T1033"",""T1083""]","[""T1033"",""T1083""]",T1083,T1083,data/adversaries/01d77744-2515-401a-a497-d9f7241aac3c.yml,Check
stockpile::01d77744-2515-401a-a497-d9f7241aac3c::0003,stockpile,01d77744-2515-401a-a497-d9f7241aac3c,3,"[""T1033"",""T1083"",""T1083""]","[""T1033"",""T1083"",""T1083""]",T1016,T1016,data/adversaries/01d77744-2515-401a-a497-d9f7241aac3c.yml,Check
stockpile::01d77744-2515-401a-a497-d9f7241aac3c::0004,stockpile,01d77744-2515-401a-a497-d9f7241aac3c,4,"[""T1033"",""T1083"",""T1083"",""T1016""]","[""T1033"",""T1083"",""T1083"",""T1016""]",T1518,T1518,data/adversaries/01d77744-2515-401a-a497-d9f7241aac3c.yml,Check
stockpile::01d77744-2515-401a-a497-d9f7241aac3c::0005,stockpile,01d77744-2515-401a-a497-d9f7241aac3c,5,"[""T1033"",""T1083"",""T1083"",""T1016"",""T1518""]","[""T1033"",""T1083"",""T1083"",""T1016"",""T1518""]",T1518,T1518,data/adversaries/01d77744-2515-401a-a497-d9f7241aac3c.yml,Check
stockpile::01d77744-2515-401a-a497-d9f7241aac3c::0006,stockpile,01d77744-2515-401a-a497-d9f7241aac3c,6,"[""T1033"",""T1083"",""T1083"",""T1016"",""T1518"",""T1518""]","[""T1033"",""T1083"",""T1083"",""T1016"",""T1518"",""T1518""]",T1518,T1518,data/adversaries/01d77744-2515-401a-a497-d9f7241aac3c.yml,Check
stockpile::09ad625e-6cba-490f-afe3-5417e7edb9c6::0001,stockpile,09ad625e-6cba-490f-afe3-5417e7edb9c6,1,"[""T1119""]","[""T1119""]",T1560,T1560.001,data/adversaries/09ad625e-6cba-490f-afe3-5417e7edb9c6.yml,Advanced Thief via GitHub Repo
stockpile::09ad625e-6cba-490f-afe3-5417e7edb9c6::0002,stockpile,09ad625e-6cba-490f-afe3-5417e7edb9c6,2,"[""T1119"",""T1560""]","[""T1119"",""T1560.001""]",T1567,T1567.001,data/adversaries/09ad625e-6cba-490f-afe3-5417e7edb9c6.yml,Advanced Thief via GitHub Repo
stockpile::0b73bf34-fc5b-48f7-9194-dce993b915b1::0001,stockpile,0b73bf34-fc5b-48f7-9194-dce993b915b1,1,"[""T1070""]","[""T1070.003""]",T1033,T1033,data/adversaries/0b73bf34-fc5b-48f7-9194-dce993b915b1.yml,Nosy Neighbor
stockpile::0b73bf34-fc5b-48f7-9194-dce993b915b1::0002,stockpile,0b73bf34-fc5b-48f7-9194-dce993b915b1,2,"[""T1070"",""T1033""]","[""T1070.003"",""T1033""]",T1018,T1018,data/adversaries/0b73bf34-fc5b-48f7-9194-dce993b915b1.yml,Nosy Neighbor
stockpile::0b73bf34-fc5b-48f7-9194-dce993b915b1::0003,stockpile,0b73bf34-fc5b-48f7-9194-dce993b915b1,3,"[""T1070"",""T1033"",""T1018""]","[""T1070.003"",""T1033"",""T1018""]",T1016,T1016.002,data/adversaries/0b73bf34-fc5b-48f7-9194-dce993b915b1.yml,Nosy Neighbor
stockpile::0b73bf34-fc5b-48f7-9194-dce993b915b1::0004,stockpile,0b73bf34-fc5b-48f7-9194-dce993b915b1,4,"[""T1070"",""T1033"",""T1018"",""T1016""]","[""T1070.003"",""T1033"",""T1018"",""T1016.002""]",T1016,T1016.002,data/adversaries/0b73bf34-fc5b-48f7-9194-dce993b915b1.yml,Nosy Neighbor
stockpile::1bac97ca-77fc-4c9a-835e-4de1b1b7f639::0001,stockpile,1bac97ca-77fc-4c9a-835e-4de1b1b7f639,1,"[""T1082""]","[""T1082""]",T1018,T1018,data/adversaries/1bac97ca-77fc-4c9a-835e-4de1b1b7f639.yml,Lateral Movement - Esentutl
stockpile::1bac97ca-77fc-4c9a-835e-4de1b1b7f639::0002,stockpile,1bac97ca-77fc-4c9a-835e-4de1b1b7f639,2,"[""T1082"",""T1018""]","[""T1082"",""T1018""]",T1564,T1564.004,data/adversaries/1bac97ca-77fc-4c9a-835e-4de1b1b7f639.yml,Lateral Movement - Esentutl
stockpile::50855e29-3b4e-4562-aa55-b3d7f93c26b8::0001,stockpile,50855e29-3b4e-4562-aa55-b3d7f93c26b8,1,"[""T1018""]","[""T1018""]",T1003,T1003.001,data/adversaries/50855e29-3b4e-4562-aa55-b3d7f93c26b8.yml,Alice 2.0
stockpile::50855e29-3b4e-4562-aa55-b3d7f93c26b8::0002,stockpile,50855e29-3b4e-4562-aa55-b3d7f93c26b8,2,"[""T1018"",""T1003""]","[""T1018"",""T1003.001""]",T1016,T1016,data/adversaries/50855e29-3b4e-4562-aa55-b3d7f93c26b8.yml,Alice 2.0
stockpile::50855e29-3b4e-4562-aa55-b3d7f93c26b8::0003,stockpile,50855e29-3b4e-4562-aa55-b3d7f93c26b8,3,"[""T1018"",""T1003"",""T1016""]","[""T1018"",""T1003.001"",""T1016""]",T1069,T1069.002,data/adversaries/50855e29-3b4e-4562-aa55-b3d7f93c26b8.yml,Alice 2.0
stockpile::50855e29-3b4e-4562-aa55-b3d7f93c26b8::0004,stockpile,50855e29-3b4e-4562-aa55-b3d7f93c26b8,4,"[""T1018"",""T1003"",""T1016"",""T1069""]","[""T1018"",""T1003.001"",""T1016"",""T1069.002""]",T1069,T1069.002,data/adversaries/50855e29-3b4e-4562-aa55-b3d7f93c26b8.yml,Alice 2.0
stockpile::50855e29-3b4e-4562-aa55-b3d7f93c26b8::0005,stockpile,50855e29-3b4e-4562-aa55-b3d7f93c26b8,5,"[""T1018"",""T1003"",""T1016"",""T1069"",""T1069""]","[""T1018"",""T1003.001"",""T1016"",""T1069.002"",""T1069.002""]",T1016,T1016,data/adversaries/50855e29-3b4e-4562-aa55-b3d7f93c26b8.yml,Alice 2.0
stockpile::50855e29-3b4e-4562-aa55-b3d7f93c26b8::0006,stockpile,50855e29-3b4e-4562-aa55-b3d7f93c26b8,6,"[""T1018"",""T1003"",""T1016"",""T1069"",""T1069"",""T1016""]","[""T1018"",""T1003.001"",""T1016"",""T1069.002"",""T1069.002"",""T1016""]",T1021,T1021.002,data/adversaries/50855e29-3b4e-4562-aa55-b3d7f93c26b8.yml,Alice 2.0
stockpile::50855e29-3b4e-4562-aa55-b3d7f93c26b8::0007,stockpile,50855e29-3b4e-4562-aa55-b3d7f93c26b8,7,"[""T1018"",""T1003"",""T1016"",""T1069"",""T1069"",""T1016"",""T1021""]","[""T1018"",""T1003.001"",""T1016"",""T1069.002"",""T1069.002"",""T1016"",""T1021.002""]",T1021,T1021.002,data/adversaries/50855e29-3b4e-4562-aa55-b3d7f93c26b8.yml,Alice 2.0
stockpile::50855e29-3b4e-4562-aa55-b3d7f93c26b8::0008,stockpile,50855e29-3b4e-4562-aa55-b3d7f93c26b8,8,"[""T1018"",""T1003"",""T1016"",""T1069"",""T1069"",""T1016"",""T1021"",""T1021""]","[""T1018"",""T1003.001"",""T1016"",""T1069.002"",""T1069.002"",""T1016"",""T1021.002"",""T1021.002""]",T1047,T1047,data/adversaries/50855e29-3b4e-4562-aa55-b3d7f93c26b8.yml,Alice 2.0
stockpile::564ae20d-778d-4965-93dc-b523be2e2ab4::0001,stockpile,564ae20d-778d-4965-93dc-b523be2e2ab4,1,"[""T1113""]","[""T1113""]",T1115,T1115,data/adversaries/564ae20d-778d-4965-93dc-b523be2e2ab4.yml,Super Spy
stockpile::564ae20d-778d-4965-93dc-b523be2e2ab4::0002,stockpile,564ae20d-778d-4965-93dc-b523be2e2ab4,2,"[""T1113"",""T1115""]","[""T1113"",""T1115""]",T1217,T1217,data/adversaries/564ae20d-778d-4965-93dc-b523be2e2ab4.yml,Super Spy
stockpile::564ae20d-778d-4965-93dc-b523be2e2ab4::0003,stockpile,564ae20d-778d-4965-93dc-b523be2e2ab4,3,"[""T1113"",""T1115"",""T1217""]","[""T1113"",""T1115"",""T1217""]",T1496,T1496,data/adversaries/564ae20d-778d-4965-93dc-b523be2e2ab4.yml,Super Spy
stockpile::564ae20d-778d-4965-93dc-b523be2e2ab4::0004,stockpile,564ae20d-778d-4965-93dc-b523be2e2ab4,4,"[""T1113"",""T1115"",""T1217"",""T1496""]","[""T1113"",""T1115"",""T1217"",""T1496""]",T1074,T1074.001,data/adversaries/564ae20d-778d-4965-93dc-b523be2e2ab4.yml,Super Spy
stockpile::564ae20d-778d-4965-93dc-b523be2e2ab4::0005,stockpile,564ae20d-778d-4965-93dc-b523be2e2ab4,5,"[""T1113"",""T1115"",""T1217"",""T1496"",""T1074""]","[""T1113"",""T1115"",""T1217"",""T1496"",""T1074.001""]",T1005,T1005,data/adversaries/564ae20d-778d-4965-93dc-b523be2e2ab4.yml,Super Spy
stockpile::564ae20d-778d-4965-93dc-b523be2e2ab4::0006,stockpile,564ae20d-778d-4965-93dc-b523be2e2ab4,6,"[""T1113"",""T1115"",""T1217"",""T1496"",""T1074"",""T1005""]","[""T1113"",""T1115"",""T1217"",""T1496"",""T1074.001"",""T1005""]",T1074,T1074.001,data/adversaries/564ae20d-778d-4965-93dc-b523be2e2ab4.yml,Super Spy
stockpile::564ae20d-778d-4965-93dc-b523be2e2ab4::0007,stockpile,564ae20d-778d-4965-93dc-b523be2e2ab4,7,"[""T1113"",""T1115"",""T1217"",""T1496"",""T1074"",""T1005"",""T1074""]","[""T1113"",""T1115"",""T1217"",""T1496"",""T1074.001"",""T1005"",""T1074.001""]",T1560,T1560.001,data/adversaries/564ae20d-778d-4965-93dc-b523be2e2ab4.yml,Super Spy
stockpile::564ae20d-778d-4965-93dc-b523be2e2ab4::0008,stockpile,564ae20d-778d-4965-93dc-b523be2e2ab4,8,"[""T1113"",""T1115"",""T1217"",""T1496"",""T1074"",""T1005"",""T1074"",""T1560""]","[""T1113"",""T1115"",""T1217"",""T1496"",""T1074.001"",""T1005"",""T1074.001"",""T1560.001""]",T1041,T1041,data/adversaries/564ae20d-778d-4965-93dc-b523be2e2ab4.yml,Super Spy
stockpile::564ae20d-778d-4965-93dc-b523be2e2ab4::0009,stockpile,564ae20d-778d-4965-93dc-b523be2e2ab4,9,"[""T1113"",""T1115"",""T1217"",""T1496"",""T1074"",""T1005"",""T1074"",""T1560"",""T1041""]","[""T1113"",""T1115"",""T1217"",""T1496"",""T1074.001"",""T1005"",""T1074.001"",""T1560.001"",""T1041""]",T1005,T1005,data/adversaries/564ae20d-778d-4965-93dc-b523be2e2ab4.yml,Super Spy
stockpile::564ae20d-778d-4965-93dc-b523be2e2ab4::0010,stockpile,564ae20d-778d-4965-93dc-b523be2e2ab4,10,"[""T1113"",""T1115"",""T1217"",""T1496"",""T1074"",""T1005"",""T1074"",""T1560"",""T1041"",""T1005""]","[""T1113"",""T1115"",""T1217"",""T1496"",""T1074.001"",""T1005"",""T1074.001"",""T1560.001"",""T1041"",""T1005""]",T1518,T1518.001,data/adversaries/564ae20d-778d-4965-93dc-b523be2e2ab4.yml,Super Spy
stockpile::564ae20d-778d-4965-93dc-b523be2e2ab4::0011,stockpile,564ae20d-778d-4965-93dc-b523be2e2ab4,11,"[""T1113"",""T1115"",""T1217"",""T1496"",""T1074"",""T1005"",""T1074"",""T1560"",""T1041"",""T1005"",""T1518""]","[""T1113"",""T1115"",""T1217"",""T1496"",""T1074.001"",""T1005"",""T1074.001"",""T1560.001"",""T1041"",""T1005"",""T1518.001""]",T1016,T1016.002,data/adversaries/564ae20d-778d-4965-93dc-b523be2e2ab4.yml,Super Spy
stockpile::564ae20d-778d-4965-93dc-b523be2e2ab4::0012,stockpile,564ae20d-778d-4965-93dc-b523be2e2ab4,12,"[""T1113"",""T1115"",""T1217"",""T1496"",""T1074"",""T1005"",""T1074"",""T1560"",""T1041"",""T1005"",""T1518"",""T1016""]","[""T1113"",""T1115"",""T1217"",""T1496"",""T1074.001"",""T1005"",""T1074.001"",""T1560.001"",""T1041"",""T1005"",""T1518.001"",""T1016.002""]",T1016,T1016.002,data/adversaries/564ae20d-778d-4965-93dc-b523be2e2ab4.yml,Super Spy
stockpile::564ae20d-778d-4965-93dc-b523be2e2ab4::0013,stockpile,564ae20d-778d-4965-93dc-b523be2e2ab4,13,"[""T1113"",""T1115"",""T1217"",""T1496"",""T1074"",""T1005"",""T1074"",""T1560"",""T1041"",""T1005"",""T1518"",""T1016"",""T1016""]","[""T1113"",""T1115"",""T1217"",""T1496"",""T1074.001"",""T1005"",""T1074.001"",""T1560.001"",""T1041"",""T1005"",""T1518.001"",""T1016.002"",""T1016.002""]",T1040,T1040,data/adversaries/564ae20d-778d-4965-93dc-b523be2e2ab4.yml,Super Spy
stockpile::564ae20d-778d-4965-93dc-b523be2e2ab4::0014,stockpile,564ae20d-778d-4965-93dc-b523be2e2ab4,14,"[""T1113"",""T1115"",""T1217"",""T1496"",""T1074"",""T1005"",""T1074"",""T1560"",""T1041"",""T1005"",""T1518"",""T1016"",""T1016"",""T1040""]","[""T1113"",""T1115"",""T1217"",""T1496"",""T1074.001"",""T1005"",""T1074.001"",""T1560.001"",""T1041"",""T1005"",""T1518.001"",""T1016.002"",""T1016.002"",""T1040""]",T1059,T1059.002,data/adversaries/564ae20d-778d-4965-93dc-b523be2e2ab4.yml,Super Spy
stockpile::78e7504d-968f-477d-8806-4d6c04b94431::0001,stockpile,78e7504d-968f-477d-8806-4d6c04b94431,1,"[""T1005""]","[""T1005""]",T1552,T1552.003,data/adversaries/78e7504d-968f-477d-8806-4d6c04b94431.yml,Worm
stockpile::78e7504d-968f-477d-8806-4d6c04b94431::0002,stockpile,78e7504d-968f-477d-8806-4d6c04b94431,2,"[""T1005"",""T1552""]","[""T1005"",""T1552.003""]",T1135,T1135,data/adversaries/78e7504d-968f-477d-8806-4d6c04b94431.yml,Worm
stockpile::78e7504d-968f-477d-8806-4d6c04b94431::0003,stockpile,78e7504d-968f-477d-8806-4d6c04b94431,3,"[""T1005"",""T1552"",""T1135""]","[""T1005"",""T1552.003"",""T1135""]",T1018,T1018,data/adversaries/78e7504d-968f-477d-8806-4d6c04b94431.yml,Worm
stockpile::78e7504d-968f-477d-8806-4d6c04b94431::0004,stockpile,78e7504d-968f-477d-8806-4d6c04b94431,4,"[""T1005"",""T1552"",""T1135"",""T1018""]","[""T1005"",""T1552.003"",""T1135"",""T1018""]",T1003,T1003.001,data/adversaries/78e7504d-968f-477d-8806-4d6c04b94431.yml,Worm
stockpile::78e7504d-968f-477d-8806-4d6c04b94431::0005,stockpile,78e7504d-968f-477d-8806-4d6c04b94431,5,"[""T1005"",""T1552"",""T1135"",""T1018"",""T1003""]","[""T1005"",""T1552.003"",""T1135"",""T1018"",""T1003.001""]",T1018,T1018,data/adversaries/78e7504d-968f-477d-8806-4d6c04b94431.yml,Worm
stockpile::78e7504d-968f-477d-8806-4d6c04b94431::0006,stockpile,78e7504d-968f-477d-8806-4d6c04b94431,6,"[""T1005"",""T1552"",""T1135"",""T1018"",""T1003"",""T1018""]","[""T1005"",""T1552.003"",""T1135"",""T1018"",""T1003.001"",""T1018""]",T1018,T1018,data/adversaries/78e7504d-968f-477d-8806-4d6c04b94431.yml,Worm
stockpile::78e7504d-968f-477d-8806-4d6c04b94431::0007,stockpile,78e7504d-968f-477d-8806-4d6c04b94431,7,"[""T1005"",""T1552"",""T1135"",""T1018"",""T1003"",""T1018"",""T1018""]","[""T1005"",""T1552.003"",""T1135"",""T1018"",""T1003.001"",""T1018"",""T1018""]",T1021,T1021.002,data/adversaries/78e7504d-968f-477d-8806-4d6c04b94431.yml,Worm
stockpile::78e7504d-968f-477d-8806-4d6c04b94431::0008,stockpile,78e7504d-968f-477d-8806-4d6c04b94431,8,"[""T1005"",""T1552"",""T1135"",""T1018"",""T1003"",""T1018"",""T1018"",""T1021""]","[""T1005"",""T1552.003"",""T1135"",""T1018"",""T1003.001"",""T1018"",""T1018"",""T1021.002""]",T1021,T1021.002,data/adversaries/78e7504d-968f-477d-8806-4d6c04b94431.yml,Worm
stockpile::78e7504d-968f-477d-8806-4d6c04b94431::0009,stockpile,78e7504d-968f-477d-8806-4d6c04b94431,9,"[""T1005"",""T1552"",""T1135"",""T1018"",""T1003"",""T1018"",""T1018"",""T1021"",""T1021""]","[""T1005"",""T1552.003"",""T1135"",""T1018"",""T1003.001"",""T1018"",""T1018"",""T1021.002"",""T1021.002""]",T1570,T1570,data/adversaries/78e7504d-968f-477d-8806-4d6c04b94431.yml,Worm
stockpile::78e7504d-968f-477d-8806-4d6c04b94431::0010,stockpile,78e7504d-968f-477d-8806-4d6c04b94431,10,"[""T1005"",""T1552"",""T1135"",""T1018"",""T1003"",""T1018"",""T1018"",""T1021"",""T1021"",""T1570""]","[""T1005"",""T1552.003"",""T1135"",""T1018"",""T1003.001"",""T1018"",""T1018"",""T1021.002"",""T1021.002"",""T1570""]",T1047,T1047,data/adversaries/78e7504d-968f-477d-8806-4d6c04b94431.yml,Worm
stockpile::78e7504d-968f-477d-8806-4d6c04b94431::0011,stockpile,78e7504d-968f-477d-8806-4d6c04b94431,11,"[""T1005"",""T1552"",""T1135"",""T1018"",""T1003"",""T1018"",""T1018"",""T1021"",""T1021"",""T1570"",""T1047""]","[""T1005"",""T1552.003"",""T1135"",""T1018"",""T1003.001"",""T1018"",""T1018"",""T1021.002"",""T1021.002"",""T1570"",""T1047""]",T1021,T1021.006,data/adversaries/78e7504d-968f-477d-8806-4d6c04b94431.yml,Worm
stockpile::78e7504d-968f-477d-8806-4d6c04b94431::0012,stockpile,78e7504d-968f-477d-8806-4d6c04b94431,12,"[""T1005"",""T1552"",""T1135"",""T1018"",""T1003"",""T1018"",""T1018"",""T1021"",""T1021"",""T1570"",""T1047"",""T1021""]","[""T1005"",""T1552.003"",""T1135"",""T1018"",""T1003.001"",""T1018"",""T1018"",""T1021.002"",""T1021.002"",""T1570"",""T1047"",""T1021.006""]",T1021,T1021.004,data/adversaries/78e7504d-968f-477d-8806-4d6c04b94431.yml,Worm
stockpile::bcdbf6b9-14c5-495c-be84-37bce32c312b::0001,stockpile,bcdbf6b9-14c5-495c-be84-37bce32c312b,1,"[""T1003""]","[""T1003.001""]",T1218,T1218.008,data/adversaries/bcdbf6b9-14c5-495c-be84-37bce32c312b.yml,Signed Binary Proxy Execution
stockpile::bcdbf6b9-14c5-495c-be84-37bce32c312b::0002,stockpile,bcdbf6b9-14c5-495c-be84-37bce32c312b,2,"[""T1003"",""T1218""]","[""T1003.001"",""T1218.008""]",T1218,T1218.013,data/adversaries/bcdbf6b9-14c5-495c-be84-37bce32c312b.yml,Signed Binary Proxy Execution
stockpile::c220a8e6-609c-4d5b-9e1c-068ca01c2eec::0001,stockpile,c220a8e6-609c-4d5b-9e1c-068ca01c2eec,1,"[""T1082""]","[""T1082""]",T1018,T1018,data/adversaries/c220a8e6-609c-4d5b-9e1c-068ca01c2eec.yml,Lateral Movement - Certutil
stockpile::c220a8e6-609c-4d5b-9e1c-068ca01c2eec::0002,stockpile,c220a8e6-609c-4d5b-9e1c-068ca01c2eec,2,"[""T1082"",""T1018""]","[""T1082"",""T1018""]",T1570,T1570,data/adversaries/c220a8e6-609c-4d5b-9e1c-068ca01c2eec.yml,Lateral Movement - Certutil
stockpile::c724545d-a4cc-492e-8075-2ab9a699c847::0001,stockpile,c724545d-a4cc-492e-8075-2ab9a699c847,1,"[""T1548""]","[""T1548.002""]",T1548,T1548.002,data/adversaries/c724545d-a4cc-492e-8075-2ab9a699c847.yml,You Shall (Not) Bypass
stockpile::c724545d-a4cc-492e-8075-2ab9a699c847::0002,stockpile,c724545d-a4cc-492e-8075-2ab9a699c847,2,"[""T1548"",""T1548""]","[""T1548.002"",""T1548.002""]",T1548,T1548.002,data/adversaries/c724545d-a4cc-492e-8075-2ab9a699c847.yml,You Shall (Not) Bypass
stockpile::c724545d-a4cc-492e-8075-2ab9a699c847::0003,stockpile,c724545d-a4cc-492e-8075-2ab9a699c847,3,"[""T1548"",""T1548"",""T1548""]","[""T1548.002"",""T1548.002"",""T1548.002""]",T1548,T1548.002,data/adversaries/c724545d-a4cc-492e-8075-2ab9a699c847.yml,You Shall (Not) Bypass
stockpile::d6ea4c1e-7959-4eb1-a292-b6fd2b06c73e::0001,stockpile,d6ea4c1e-7959-4eb1-a292-b6fd2b06c73e,1,"[""T1047""]","[""T1047""]",T1057,T1057,data/adversaries/d6ea4c1e-7959-4eb1-a292-b6fd2b06c73e.yml,Enumerator
stockpile::d6ea4c1e-7959-4eb1-a292-b6fd2b06c73e::0002,stockpile,d6ea4c1e-7959-4eb1-a292-b6fd2b06c73e,2,"[""T1047"",""T1057""]","[""T1047"",""T1057""]",T1057,T1057,data/adversaries/d6ea4c1e-7959-4eb1-a292-b6fd2b06c73e.yml,Enumerator
stockpile::d6ea4c1e-7959-4eb1-a292-b6fd2b06c73e::0003,stockpile,d6ea4c1e-7959-4eb1-a292-b6fd2b06c73e,3,"[""T1047"",""T1057"",""T1057""]","[""T1047"",""T1057"",""T1057""]",T1518,T1518.001,data/adversaries/d6ea4c1e-7959-4eb1-a292-b6fd2b06c73e.yml,Enumerator
stockpile::d6ea4c1e-7959-4eb1-a292-b6fd2b06c73e::0004,stockpile,d6ea4c1e-7959-4eb1-a292-b6fd2b06c73e,4,"[""T1047"",""T1057"",""T1057"",""T1518""]","[""T1047"",""T1057"",""T1057"",""T1518.001""]",T1057,T1057,data/adversaries/d6ea4c1e-7959-4eb1-a292-b6fd2b06c73e.yml,Enumerator
stockpile::dbd49a4a-ba2d-40d0-9348-2db24fc4b0b6::0001,stockpile,dbd49a4a-ba2d-40d0-9348-2db24fc4b0b6,1,"[""T1135""]","[""T1135""]",T1021,T1021.002,data/adversaries/dbd49a4a-ba2d-40d0-9348-2db24fc4b0b6.yml,Service Creation Lateral Movement
stockpile::dbd49a4a-ba2d-40d0-9348-2db24fc4b0b6::0002,stockpile,dbd49a4a-ba2d-40d0-9348-2db24fc4b0b6,2,"[""T1135"",""T1021""]","[""T1135"",""T1021.002""]",T1569,T1569.002,data/adversaries/dbd49a4a-ba2d-40d0-9348-2db24fc4b0b6.yml,Service Creation Lateral Movement
stockpile::de07f52d-9928-4071-9142-cb1d3bd851e8::0001,stockpile,de07f52d-9928-4071-9142-cb1d3bd851e8,1,"[""T1005""]","[""T1005""]",T1033,T1033,data/adversaries/de07f52d-9928-4071-9142-cb1d3bd851e8.yml,Ransack
stockpile::de07f52d-9928-4071-9142-cb1d3bd851e8::0002,stockpile,de07f52d-9928-4071-9142-cb1d3bd851e8,2,"[""T1005"",""T1033""]","[""T1005"",""T1033""]",T1087,T1087.001,data/adversaries/de07f52d-9928-4071-9142-cb1d3bd851e8.yml,Ransack
stockpile::de07f52d-9928-4071-9142-cb1d3bd851e8::0003,stockpile,de07f52d-9928-4071-9142-cb1d3bd851e8,3,"[""T1005"",""T1033"",""T1087""]","[""T1005"",""T1033"",""T1087.001""]",T1087,T1087.001,data/adversaries/de07f52d-9928-4071-9142-cb1d3bd851e8.yml,Ransack
stockpile::de07f52d-9928-4071-9142-cb1d3bd851e8::0004,stockpile,de07f52d-9928-4071-9142-cb1d3bd851e8,4,"[""T1005"",""T1033"",""T1087"",""T1087""]","[""T1005"",""T1033"",""T1087.001"",""T1087.001""]",T1016,T1016,data/adversaries/de07f52d-9928-4071-9142-cb1d3bd851e8.yml,Ransack
stockpile::de07f52d-9928-4071-9142-cb1d3bd851e8::0005,stockpile,de07f52d-9928-4071-9142-cb1d3bd851e8,5,"[""T1005"",""T1033"",""T1087"",""T1087"",""T1016""]","[""T1005"",""T1033"",""T1087.001"",""T1087.001"",""T1016""]",T1057,T1057,data/adversaries/de07f52d-9928-4071-9142-cb1d3bd851e8.yml,Ransack
stockpile::de07f52d-9928-4071-9142-cb1d3bd851e8::0006,stockpile,de07f52d-9928-4071-9142-cb1d3bd851e8,6,"[""T1005"",""T1033"",""T1087"",""T1087"",""T1016"",""T1057""]","[""T1005"",""T1033"",""T1087.001"",""T1087.001"",""T1016"",""T1057""]",T1135,T1135,data/adversaries/de07f52d-9928-4071-9142-cb1d3bd851e8.yml,Ransack
stockpile::de07f52d-9928-4071-9142-cb1d3bd851e8::0007,stockpile,de07f52d-9928-4071-9142-cb1d3bd851e8,7,"[""T1005"",""T1033"",""T1087"",""T1087"",""T1016"",""T1057"",""T1135""]","[""T1005"",""T1033"",""T1087.001"",""T1087.001"",""T1016"",""T1057"",""T1135""]",T1018,T1018,data/adversaries/de07f52d-9928-4071-9142-cb1d3bd851e8.yml,Ransack
stockpile::de07f52d-9928-4071-9142-cb1d3bd851e8::0008,stockpile,de07f52d-9928-4071-9142-cb1d3bd851e8,8,"[""T1005"",""T1033"",""T1087"",""T1087"",""T1016"",""T1057"",""T1135"",""T1018""]","[""T1005"",""T1033"",""T1087.001"",""T1087.001"",""T1016"",""T1057"",""T1135"",""T1018""]",T1518,T1518.001,data/adversaries/de07f52d-9928-4071-9142-cb1d3bd851e8.yml,Ransack
stockpile::de07f52d-9928-4071-9142-cb1d3bd851e8::0009,stockpile,de07f52d-9928-4071-9142-cb1d3bd851e8,9,"[""T1005"",""T1033"",""T1087"",""T1087"",""T1016"",""T1057"",""T1135"",""T1018"",""T1518""]","[""T1005"",""T1033"",""T1087.001"",""T1087.001"",""T1016"",""T1057"",""T1135"",""T1018"",""T1518.001""]",T1069,T1069.001,data/adversaries/de07f52d-9928-4071-9142-cb1d3bd851e8.yml,Ransack
stockpile::de07f52d-9928-4071-9142-cb1d3bd851e8::0010,stockpile,de07f52d-9928-4071-9142-cb1d3bd851e8,10,"[""T1005"",""T1033"",""T1087"",""T1087"",""T1016"",""T1057"",""T1135"",""T1018"",""T1518"",""T1069""]","[""T1005"",""T1033"",""T1087.001"",""T1087.001"",""T1016"",""T1057"",""T1135"",""T1018"",""T1518.001"",""T1069.001""]",T1518,T1518.001,data/adversaries/de07f52d-9928-4071-9142-cb1d3bd851e8.yml,Ransack
stockpile::de07f52d-9928-4071-9142-cb1d3bd851e8::0011,stockpile,de07f52d-9928-4071-9142-cb1d3bd851e8,11,"[""T1005"",""T1033"",""T1087"",""T1087"",""T1016"",""T1057"",""T1135"",""T1018"",""T1518"",""T1069"",""T1518""]","[""T1005"",""T1033"",""T1087.001"",""T1087.001"",""T1016"",""T1057"",""T1135"",""T1018"",""T1518.001"",""T1069.001"",""T1518.001""]",T1018,T1018,data/adversaries/de07f52d-9928-4071-9142-cb1d3bd851e8.yml,Ransack
stockpile::de07f52d-9928-4071-9142-cb1d3bd851e8::0012,stockpile,de07f52d-9928-4071-9142-cb1d3bd851e8,12,"[""T1005"",""T1033"",""T1087"",""T1087"",""T1016"",""T1057"",""T1135"",""T1018"",""T1518"",""T1069"",""T1518"",""T1018""]","[""T1005"",""T1033"",""T1087.001"",""T1087.001"",""T1016"",""T1057"",""T1135"",""T1018"",""T1518.001"",""T1069.001"",""T1518.001"",""T1018""]",T1217,T1217,data/adversaries/de07f52d-9928-4071-9142-cb1d3bd851e8.yml,Ransack
stockpile::de07f52d-9928-4071-9142-cb1d3bd851e8::0013,stockpile,de07f52d-9928-4071-9142-cb1d3bd851e8,13,"[""T1005"",""T1033"",""T1087"",""T1087"",""T1016"",""T1057"",""T1135"",""T1018"",""T1518"",""T1069"",""T1518"",""T1018"",""T1217""]","[""T1005"",""T1033"",""T1087.001"",""T1087.001"",""T1016"",""T1057"",""T1135"",""T1018"",""T1518.001"",""T1069.001"",""T1518.001"",""T1018"",""T1217""]",T1074,T1074.001,data/adversaries/de07f52d-9928-4071-9142-cb1d3bd851e8.yml,Ransack
stockpile::de07f52d-9928-4071-9142-cb1d3bd851e8::0014,stockpile,de07f52d-9928-4071-9142-cb1d3bd851e8,14,"[""T1005"",""T1033"",""T1087"",""T1087"",""T1016"",""T1057"",""T1135"",""T1018"",""T1518"",""T1069"",""T1518"",""T1018"",""T1217"",""T1074""]","[""T1005"",""T1033"",""T1087.001"",""T1087.001"",""T1016"",""T1057"",""T1135"",""T1018"",""T1518.001"",""T1069.001"",""T1518.001"",""T1018"",""T1217"",""T1074.001""]",T1005,T1005,data/adversaries/de07f52d-9928-4071-9142-cb1d3bd851e8.yml,Ransack
stockpile::de07f52d-9928-4071-9142-cb1d3bd851e8::0015,stockpile,de07f52d-9928-4071-9142-cb1d3bd851e8,15,"[""T1005"",""T1033"",""T1087"",""T1087"",""T1016"",""T1057"",""T1135"",""T1018"",""T1518"",""T1069"",""T1518"",""T1018"",""T1217"",""T1074"",""T1005""]","[""T1005"",""T1033"",""T1087.001"",""T1087.001"",""T1016"",""T1057"",""T1135"",""T1018"",""T1518.001"",""T1069.001"",""T1518.001"",""T1018"",""T1217"",""T1074.001"",""T1005""]",T1074,T1074.001,data/adversaries/de07f52d-9928-4071-9142-cb1d3bd851e8.yml,Ransack
stockpile::de07f52d-9928-4071-9142-cb1d3bd851e8::0016,stockpile,de07f52d-9928-4071-9142-cb1d3bd851e8,16,"[""T1005"",""T1033"",""T1087"",""T1087"",""T1016"",""T1057"",""T1135"",""T1018"",""T1518"",""T1069"",""T1518"",""T1018"",""T1217"",""T1074"",""T1005"",""T1074""]","[""T1005"",""T1033"",""T1087.001"",""T1087.001"",""T1016"",""T1057"",""T1135"",""T1018"",""T1518.001"",""T1069.001"",""T1518.001"",""T1018"",""T1217"",""T1074.001"",""T1005"",""T1074.001""]",T1560,T1560.001,data/adversaries/de07f52d-9928-4071-9142-cb1d3bd851e8.yml,Ransack
stockpile::de07f52d-9928-4071-9142-cb1d3bd851e8::0017,stockpile,de07f52d-9928-4071-9142-cb1d3bd851e8,17,"[""T1005"",""T1033"",""T1087"",""T1087"",""T1016"",""T1057"",""T1135"",""T1018"",""T1518"",""T1069"",""T1518"",""T1018"",""T1217"",""T1074"",""T1005"",""T1074"",""T1560""]","[""T1005"",""T1033"",""T1087.001"",""T1087.001"",""T1016"",""T1057"",""T1135"",""T1018"",""T1518.001"",""T1069.001"",""T1518.001"",""T1018"",""T1217"",""T1074.001"",""T1005"",""T1074.001"",""T1560.001""]",T1041,T1041,data/adversaries/de07f52d-9928-4071-9142-cb1d3bd851e8.yml,Ransack
stockpile::e4324b88-8836-4803-b6b7-09b3c6cd4e94::0001,stockpile,e4324b88-8836-4803-b6b7-09b3c6cd4e94,1,"[""T1120""]","[""T1120""]",T1083,T1083,data/adversaries/e4324b88-8836-4803-b6b7-09b3c6cd4e94.yml,Printer Queue
stockpile::e89a10d3-004f-4c15-b0eb-d1ba76a4b67f::0001,stockpile,e89a10d3-004f-4c15-b0eb-d1ba76a4b67f,1,"[""T1119""]","[""T1119""]",T1560,T1560.001,data/adversaries/e89a10d3-004f-4c15-b0eb-d1ba76a4b67f.yml,Advanced Thief via GitHub Gist
stockpile::e89a10d3-004f-4c15-b0eb-d1ba76a4b67f::0002,stockpile,e89a10d3-004f-4c15-b0eb-d1ba76a4b67f,2,"[""T1119"",""T1560""]","[""T1119"",""T1560.001""]",T1567,T1567.001,data/adversaries/e89a10d3-004f-4c15-b0eb-d1ba76a4b67f.yml,Advanced Thief via GitHub Gist
stockpile::ef4d997c-a0d1-4067-9efa-87c58682db71::0001,stockpile,ef4d997c-a0d1-4067-9efa-87c58682db71,1,"[""T1070""]","[""T1070.003""]",T1562,T1562.001,data/adversaries/ef4d997c-a0d1-4067-9efa-87c58682db71.yml,Defense Evasion
stockpile::ef4d997c-a0d1-4067-9efa-87c58682db71::0002,stockpile,ef4d997c-a0d1-4067-9efa-87c58682db71,2,"[""T1070"",""T1562""]","[""T1070.003"",""T1562.001""]",T1036,T1036.003,data/adversaries/ef4d997c-a0d1-4067-9efa-87c58682db71.yml,Defense Evasion
stockpile::ef4d997c-a0d1-4067-9efa-87c58682db71::0003,stockpile,ef4d997c-a0d1-4067-9efa-87c58682db71,3,"[""T1070"",""T1562"",""T1036""]","[""T1070.003"",""T1562.001"",""T1036.003""]",T1070,T1070.001,data/adversaries/ef4d997c-a0d1-4067-9efa-87c58682db71.yml,Defense Evasion
stockpile::fbc41624-1052-490c-b5ec-4fd718e2501d::0001,stockpile,fbc41624-1052-490c-b5ec-4fd718e2501d,1,"[""T1119""]","[""T1119""]",T1560,T1560.001,data/adversaries/fbc41624-1052-490c-b5ec-4fd718e2501d.yml,Advanced Thief via FTP
stockpile::fbc41624-1052-490c-b5ec-4fd718e2501d::0002,stockpile,fbc41624-1052-490c-b5ec-4fd718e2501d,2,"[""T1119"",""T1560""]","[""T1119"",""T1560.001""]",T1048,T1048.003,data/adversaries/fbc41624-1052-490c-b5ec-4fd718e2501d.yml,Advanced Thief via FTP
stockpile::0b5636cf-f019-4ec9-aa7c-6e4f55505374::0001,stockpile,0b5636cf-f019-4ec9-aa7c-6e4f55505374,1,"[""T1018""]","[""T1018""]",T1018,T1018,data/adversaries/packs/0b5636cf-f019-4ec9-aa7c-6e4f55505374.yml,Windows Worm #1
stockpile::0b5636cf-f019-4ec9-aa7c-6e4f55505374::0002,stockpile,0b5636cf-f019-4ec9-aa7c-6e4f55505374,2,"[""T1018"",""T1018""]","[""T1018"",""T1018""]",T1135,T1135,data/adversaries/packs/0b5636cf-f019-4ec9-aa7c-6e4f55505374.yml,Windows Worm #1
stockpile::0b5636cf-f019-4ec9-aa7c-6e4f55505374::0003,stockpile,0b5636cf-f019-4ec9-aa7c-6e4f55505374,3,"[""T1018"",""T1018"",""T1135""]","[""T1018"",""T1018"",""T1135""]",T1021,T1021.002,data/adversaries/packs/0b5636cf-f019-4ec9-aa7c-6e4f55505374.yml,Windows Worm #1
stockpile::0b5636cf-f019-4ec9-aa7c-6e4f55505374::0004,stockpile,0b5636cf-f019-4ec9-aa7c-6e4f55505374,4,"[""T1018"",""T1018"",""T1135"",""T1021""]","[""T1018"",""T1018"",""T1135"",""T1021.002""]",T1047,T1047,data/adversaries/packs/0b5636cf-f019-4ec9-aa7c-6e4f55505374.yml,Windows Worm #1
stockpile::0f4c3c67-845e-49a0-927e-90ed33c044e0::0001,stockpile,0f4c3c67-845e-49a0-927e-90ed33c044e0,1,"[""T1033""]","[""T1033""]",T1087,T1087.001,data/adversaries/packs/0f4c3c67-845e-49a0-927e-90ed33c044e0.yml,Discovery
stockpile::0f4c3c67-845e-49a0-927e-90ed33c044e0::0002,stockpile,0f4c3c67-845e-49a0-927e-90ed33c044e0,2,"[""T1033"",""T1087""]","[""T1033"",""T1087.001""]",T1087,T1087.001,data/adversaries/packs/0f4c3c67-845e-49a0-927e-90ed33c044e0.yml,Discovery
stockpile::0f4c3c67-845e-49a0-927e-90ed33c044e0::0003,stockpile,0f4c3c67-845e-49a0-927e-90ed33c044e0,3,"[""T1033"",""T1087"",""T1087""]","[""T1033"",""T1087.001"",""T1087.001""]",T1016,T1016,data/adversaries/packs/0f4c3c67-845e-49a0-927e-90ed33c044e0.yml,Discovery
stockpile::0f4c3c67-845e-49a0-927e-90ed33c044e0::0004,stockpile,0f4c3c67-845e-49a0-927e-90ed33c044e0,4,"[""T1033"",""T1087"",""T1087"",""T1016""]","[""T1033"",""T1087.001"",""T1087.001"",""T1016""]",T1057,T1057,data/adversaries/packs/0f4c3c67-845e-49a0-927e-90ed33c044e0.yml,Discovery
stockpile::0f4c3c67-845e-49a0-927e-90ed33c044e0::0005,stockpile,0f4c3c67-845e-49a0-927e-90ed33c044e0,5,"[""T1033"",""T1087"",""T1087"",""T1016"",""T1057""]","[""T1033"",""T1087.001"",""T1087.001"",""T1016"",""T1057""]",T1135,T1135,data/adversaries/packs/0f4c3c67-845e-49a0-927e-90ed33c044e0.yml,Discovery
stockpile::0f4c3c67-845e-49a0-927e-90ed33c044e0::0006,stockpile,0f4c3c67-845e-49a0-927e-90ed33c044e0,6,"[""T1033"",""T1087"",""T1087"",""T1016"",""T1057"",""T1135""]","[""T1033"",""T1087.001"",""T1087.001"",""T1016"",""T1057"",""T1135""]",T1018,T1018,data/adversaries/packs/0f4c3c67-845e-49a0-927e-90ed33c044e0.yml,Discovery
stockpile::0f4c3c67-845e-49a0-927e-90ed33c044e0::0007,stockpile,0f4c3c67-845e-49a0-927e-90ed33c044e0,7,"[""T1033"",""T1087"",""T1087"",""T1016"",""T1057"",""T1135"",""T1018""]","[""T1033"",""T1087.001"",""T1087.001"",""T1016"",""T1057"",""T1135"",""T1018""]",T1518,T1518.001,data/adversaries/packs/0f4c3c67-845e-49a0-927e-90ed33c044e0.yml,Discovery
stockpile::0f4c3c67-845e-49a0-927e-90ed33c044e0::0008,stockpile,0f4c3c67-845e-49a0-927e-90ed33c044e0,8,"[""T1033"",""T1087"",""T1087"",""T1016"",""T1057"",""T1135"",""T1018"",""T1518""]","[""T1033"",""T1087.001"",""T1087.001"",""T1016"",""T1057"",""T1135"",""T1018"",""T1518.001""]",T1069,T1069.001,data/adversaries/packs/0f4c3c67-845e-49a0-927e-90ed33c044e0.yml,Discovery
stockpile::0f4c3c67-845e-49a0-927e-90ed33c044e0::0009,stockpile,0f4c3c67-845e-49a0-927e-90ed33c044e0,9,"[""T1033"",""T1087"",""T1087"",""T1016"",""T1057"",""T1135"",""T1018"",""T1518"",""T1069""]","[""T1033"",""T1087.001"",""T1087.001"",""T1016"",""T1057"",""T1135"",""T1018"",""T1518.001"",""T1069.001""]",T1518,T1518.001,data/adversaries/packs/0f4c3c67-845e-49a0-927e-90ed33c044e0.yml,Discovery
stockpile::0f4c3c67-845e-49a0-927e-90ed33c044e0::0010,stockpile,0f4c3c67-845e-49a0-927e-90ed33c044e0,10,"[""T1033"",""T1087"",""T1087"",""T1016"",""T1057"",""T1135"",""T1018"",""T1518"",""T1069"",""T1518""]","[""T1033"",""T1087.001"",""T1087.001"",""T1016"",""T1057"",""T1135"",""T1018"",""T1518.001"",""T1069.001"",""T1518.001""]",T1018,T1018,data/adversaries/packs/0f4c3c67-845e-49a0-927e-90ed33c044e0.yml,Discovery
stockpile::0f4c3c67-845e-49a0-927e-90ed33c044e0::0011,stockpile,0f4c3c67-845e-49a0-927e-90ed33c044e0,11,"[""T1033"",""T1087"",""T1087"",""T1016"",""T1057"",""T1135"",""T1018"",""T1518"",""T1069"",""T1518"",""T1018""]","[""T1033"",""T1087.001"",""T1087.001"",""T1016"",""T1057"",""T1135"",""T1018"",""T1518.001"",""T1069.001"",""T1518.001"",""T1018""]",T1217,T1217,data/adversaries/packs/0f4c3c67-845e-49a0-927e-90ed33c044e0.yml,Discovery
stockpile::1a98b8e6-18ce-4617-8cc5-e65a1a9d490e::0001,stockpile,1a98b8e6-18ce-4617-8cc5-e65a1a9d490e,1,"[""T1074""]","[""T1074.001""]",T1005,T1005,data/adversaries/packs/1a98b8e6-18ce-4617-8cc5-e65a1a9d490e.yml,Thief
stockpile::1a98b8e6-18ce-4617-8cc5-e65a1a9d490e::0002,stockpile,1a98b8e6-18ce-4617-8cc5-e65a1a9d490e,2,"[""T1074"",""T1005""]","[""T1074.001"",""T1005""]",T1074,T1074.001,data/adversaries/packs/1a98b8e6-18ce-4617-8cc5-e65a1a9d490e.yml,Thief
stockpile::1a98b8e6-18ce-4617-8cc5-e65a1a9d490e::0003,stockpile,1a98b8e6-18ce-4617-8cc5-e65a1a9d490e,3,"[""T1074"",""T1005"",""T1074""]","[""T1074.001"",""T1005"",""T1074.001""]",T1560,T1560.001,data/adversaries/packs/1a98b8e6-18ce-4617-8cc5-e65a1a9d490e.yml,Thief
stockpile::1a98b8e6-18ce-4617-8cc5-e65a1a9d490e::0004,stockpile,1a98b8e6-18ce-4617-8cc5-e65a1a9d490e,4,"[""T1074"",""T1005"",""T1074"",""T1560""]","[""T1074.001"",""T1005"",""T1074.001"",""T1560.001""]",T1041,T1041,data/adversaries/packs/1a98b8e6-18ce-4617-8cc5-e65a1a9d490e.yml,Thief
stockpile::4c28c132-d7d7-4a04-8908-d643b7cb1d58::0001,stockpile,4c28c132-d7d7-4a04-8908-d643b7cb1d58,1,"[""T1057""]","[""T1057""]",T1055,T1055.001,data/adversaries/packs/4c28c132-d7d7-4a04-8908-d643b7cb1d58.yml,Stowaway
stockpile::5d3e170e-f1b8-49f9-9ee1-c51605552a08::0001,stockpile,5d3e170e-f1b8-49f9-9ee1-c51605552a08,1,"[""T1114""]","[""T1114.001""]",T1005,T1005,data/adversaries/packs/5d3e170e-f1b8-49f9-9ee1-c51605552a08.yml,Collection
stockpile::5d3e170e-f1b8-49f9-9ee1-c51605552a08::0002,stockpile,5d3e170e-f1b8-49f9-9ee1-c51605552a08,2,"[""T1114"",""T1005""]","[""T1114.001"",""T1005""]",T1005,T1005,data/adversaries/packs/5d3e170e-f1b8-49f9-9ee1-c51605552a08.yml,Collection
stockpile::5d3e170e-f1b8-49f9-9ee1-c51605552a08::0003,stockpile,5d3e170e-f1b8-49f9-9ee1-c51605552a08,3,"[""T1114"",""T1005"",""T1005""]","[""T1114.001"",""T1005"",""T1005""]",T1074,T1074.001,data/adversaries/packs/5d3e170e-f1b8-49f9-9ee1-c51605552a08.yml,Collection
stockpile::725226e0-45b8-4432-84ee-144d3f37ff8d::0001,stockpile,725226e0-45b8-4432-84ee-144d3f37ff8d,1,"[""T1018""]","[""T1018""]",T1018,T1018,data/adversaries/packs/725226e0-45b8-4432-84ee-144d3f37ff8d.yml,Windows Worm #2
stockpile::725226e0-45b8-4432-84ee-144d3f37ff8d::0002,stockpile,725226e0-45b8-4432-84ee-144d3f37ff8d,2,"[""T1018"",""T1018""]","[""T1018"",""T1018""]",T1570,T1570,data/adversaries/packs/725226e0-45b8-4432-84ee-144d3f37ff8d.yml,Windows Worm #2
stockpile::725226e0-45b8-4432-84ee-144d3f37ff8d::0003,stockpile,725226e0-45b8-4432-84ee-144d3f37ff8d,3,"[""T1018"",""T1018"",""T1570""]","[""T1018"",""T1018"",""T1570""]",T1021,T1021.006,data/adversaries/packs/725226e0-45b8-4432-84ee-144d3f37ff8d.yml,Windows Worm #2
stockpile::ddbd1850-5fd7-41d5-a7a1-1b15dac49090::0001,stockpile,ddbd1850-5fd7-41d5-a7a1-1b15dac49090,1,"[""T1018""]","[""T1018""]",T1018,T1018,data/adversaries/packs/ddbd1850-5fd7-41d5-a7a1-1b15dac49090.yml,Windows Worm #3
stockpile::ddbd1850-5fd7-41d5-a7a1-1b15dac49090::0002,stockpile,ddbd1850-5fd7-41d5-a7a1-1b15dac49090,2,"[""T1018"",""T1018""]","[""T1018"",""T1018""]",T1135,T1135,data/adversaries/packs/ddbd1850-5fd7-41d5-a7a1-1b15dac49090.yml,Windows Worm #3
stockpile::ddbd1850-5fd7-41d5-a7a1-1b15dac49090::0003,stockpile,ddbd1850-5fd7-41d5-a7a1-1b15dac49090,3,"[""T1018"",""T1018"",""T1135""]","[""T1018"",""T1018"",""T1135""]",T1021,T1021.002,data/adversaries/packs/ddbd1850-5fd7-41d5-a7a1-1b15dac49090.yml,Windows Worm #3
stockpile::ddbd1850-5fd7-41d5-a7a1-1b15dac49090::0004,stockpile,ddbd1850-5fd7-41d5-a7a1-1b15dac49090,4,"[""T1018"",""T1018"",""T1135"",""T1021""]","[""T1018"",""T1018"",""T1135"",""T1021.002""]",T1021,T1021.006,data/adversaries/packs/ddbd1850-5fd7-41d5-a7a1-1b15dac49090.yml,Windows Worm #3
stockpile::eddc8f03-f930-41e7-95ba-33fb87bfed74::0001,stockpile,eddc8f03-f930-41e7-95ba-33fb87bfed74,1,"[""T1119""]","[""T1119""]",T1560,T1560.001,data/adversaries/packs/eddc8f03-f930-41e7-95ba-33fb87bfed74.yml,Advanced Thief
stockpile::eddc8f03-f930-41e7-95ba-33fb87bfed74::0002,stockpile,eddc8f03-f930-41e7-95ba-33fb87bfed74,2,"[""T1119"",""T1560""]","[""T1119"",""T1560.001""]",T1041,T1041,data/adversaries/packs/eddc8f03-f930-41e7-95ba-33fb87bfed74.yml,Advanced Thief
stockpile::f98193a0-8b5b-4b5e-a5aa-e8c3adfcd4e6::0001,stockpile,f98193a0-8b5b-4b5e-a5aa-e8c3adfcd4e6,1,"[""T1105""]","[""T1105""]",T1489,T1489,data/adversaries/packs/f98193a0-8b5b-4b5e-a5aa-e8c3adfcd4e6.yml,Undercover
