comparison,metric,omitted_campaign,campaigns_remaining,full_effect,leave_one_out_effect
B0-A0,ndcg5,apt29::unknown,9,0.01881472187728279,0.025941757371289953
B0-A0,ndcg5,carbanak::unknown,9,0.01881472187728279,0.020594850090882723
B0-A0,ndcg5,fin6::unknown,9,0.01881472187728279,-0.0017269420256792332
B0-A0,ndcg5,fin7::unknown,9,0.01881472187728279,0.0183838327450732
B0-A0,ndcg5,menu_pass::unknown,9,0.01881472187728279,0.007869726363015422
B0-A0,ndcg5,oilrig::unknown,9,0.01881472187728279,0.009866314387535392
B0-A0,ndcg5,sandworm::unknown,9,0.01881472187728279,0.01993500123775578
B0-A0,ndcg5,turla_carbon::unknown,9,0.01881472187728279,0.02769430668439194
B0-A0,ndcg5,turla_snake::unknown,9,0.01881472187728279,0.037137781321081725
B0-A0,ndcg5,wizard_spider::unknown,9,0.01881472187728279,0.022450590597481015
B0-A0,hit5,apt29::unknown,9,-0.009208379401411077,0.00035047791377605203
B0-A0,hit5,carbanak::unknown,9,-0.009208379401411077,0.001464373764514014
B0-A0,hit5,fin6::unknown,9,-0.009208379401411077,-0.051898199334901196
B0-A0,hit5,fin7::unknown,9,-0.009208379401411077,-0.01023153266823453
B0-A0,hit5,menu_pass::unknown,9,-0.009208379401411077,-0.043564866001567865
B0-A0,hit5,oilrig::unknown,9,-0.009208379401411077,-0.029279151715853585
B0-A0,hit5,sandworm::unknown,9,-0.009208379401411077,-0.0030630738868725163
B0-A0,hit5,turla_carbon::unknown,9,-0.009208379401411077,-0.000569696919442253
B0-A0,hit5,turla_snake::unknown,9,-0.009208379401411077,0.04105051861381675
B0-A0,hit5,wizard_spider::unknown,9,-0.009208379401411077,0.0036573562206543594
B0-A0,precision5,apt29::unknown,9,0.006628963758697276,0.009834651089910555
B0-A0,precision5,carbanak::unknown,9,0.006628963758697276,0.0073655152874414175
B0-A0,precision5,fin6::unknown,9,0.006628963758697276,-0.0051344847125585815
B0-A0,precision5,fin7::unknown,9,0.006628963758697276,0.004587737509663639
B0-A0,precision5,menu_pass::unknown,9,0.006628963758697276,0.0006988486207747491
B0-A0,precision5,oilrig::unknown,9,0.006628963758697276,-0.00279321487128874
B0-A0,precision5,sandworm::unknown,9,0.006628963758697276,0.009516052921850019
B0-A0,precision5,turla_carbon::unknown,9,0.006628963758697276,0.014128800311596008
B0-A0,precision5,turla_snake::unknown,9,0.006628963758697276,0.019331327253253386
B0-A0,precision5,wizard_spider::unknown,9,0.006628963758697276,0.008754404176330308
B0-A0,recall5,apt29::unknown,9,0.0006711999502838802,0.005154948798375387
B0-A0,recall5,carbanak::unknown,9,0.0006711999502838802,0.0056190720695161985
B0-A0,recall5,fin6::unknown,9,0.0006711999502838802,-0.020087555610795685
B0-A0,recall5,fin7::unknown,9,0.0006711999502838802,-0.0038838519070919847
B0-A0,recall5,menu_pass::unknown,9,0.0006711999502838802,-0.010365333388573468
B0-A0,recall5,oilrig::unknown,9,0.0006711999502838802,-0.013539936563176643
B0-A0,recall5,sandworm::unknown,9,0.0006711999502838802,0.004927378678332151
B0-A0,recall5,turla_carbon::unknown,9,0.0006711999502838802,0.01282307240852798
B0-A0,recall5,turla_snake::unknown,9,0.0006711999502838802,0.020688797665557587
B0-A0,recall5,wizard_spider::unknown,9,0.0006711999502838802,0.005375407352167277
B0-K,ndcg5,apt29::unknown,9,0.04924465648001321,0.05479643128911196
B0-K,ndcg5,carbanak::unknown,9,0.04924465648001321,0.05224848149452824
B0-K,ndcg5,fin6::unknown,9,0.04924465648001321,0.03467546762750065
B0-K,ndcg5,fin7::unknown,9,0.04924465648001321,0.04567711110890205
B0-K,ndcg5,menu_pass::unknown,9,0.04924465648001321,0.05018477188814502
B0-K,ndcg5,oilrig::unknown,9,0.04924465648001321,0.04268355677408307
B0-K,ndcg5,sandworm::unknown,9,0.04924465648001321,0.056627314164824645
B0-K,ndcg5,turla_carbon::unknown,9,0.04924465648001321,0.052392310416980496
B0-K,ndcg5,turla_snake::unknown,9,0.04924465648001321,0.04869989105442378
B0-K,ndcg5,wizard_spider::unknown,9,0.04924465648001321,0.05446122898163219
B0-K,hit5,apt29::unknown,9,0.08434815512051247,0.09372017235612497
B0-K,hit5,carbanak::unknown,9,0.08434815512051247,0.08787221913975068
B0-K,hit5,fin6::unknown,9,0.08434815512051247,0.05899795013390274
B0-K,hit5,fin7::unknown,9,0.08434815512051247,0.07983128346723607
B0-K,hit5,menu_pass::unknown,9,0.08434815512051247,0.08260906124501385
B0-K,hit5,oilrig::unknown,9,0.08434815512051247,0.06514874378469639
B0-K,hit5,sandworm::unknown,9,0.08434815512051247,0.10088863113748697
B0-K,hit5,turla_carbon::unknown,9,0.08434815512051247,0.07922741873293655
B0-K,hit5,turla_snake::unknown,9,0.08434815512051247,0.09799367662962924
B0-K,hit5,wizard_spider::unknown,9,0.08434815512051247,0.09719239457834719
B0-K,precision5,apt29::unknown,9,0.03902945585454628,0.043366062060606975
B0-K,precision5,carbanak::unknown,9,0.03902945585454628,0.039857290130782416
B0-K,precision5,fin6::unknown,9,0.03902945585454628,0.03225495094949587
B0-K,precision5,fin7::unknown,9,0.03902945585454628,0.037810506505051425
B0-K,precision5,menu_pass::unknown,9,0.03902945585454628,0.04114383983838475
B0-K,precision5,oilrig::unknown,9,0.03902945585454628,0.030032728727273646
B0-K,precision5,sandworm::unknown,9,0.03902945585454628,0.04408290793874318
B0-K,precision5,turla_carbon::unknown,9,0.03902945585454628,0.039501327761090076
B0-K,precision5,turla_snake::unknown,9,0.03902945585454628,0.04165666035120527
B0-K,precision5,wizard_spider::unknown,9,0.03902945585454628,0.04058828428282921
B0-K,recall5,apt29::unknown,9,0.06896593507314515,0.07662881674793905
B0-K,recall5,carbanak::unknown,9,0.06896593507314515,0.07078086353156479
B0-K,recall5,fin6::unknown,9,0.06896593507314515,0.05695289082201313
B0-K,recall5,fin7::unknown,9,0.06896593507314515,0.0673695574886798
B0-K,recall5,menu_pass::unknown,9,0.06896593507314515,0.07292511304423535
B0-K,recall5,oilrig::unknown,9,0.06896593507314515,0.054406594525716834
B0-K,recall5,sandworm::unknown,9,0.06896593507314515,0.07543407361771205
B0-K,recall5,turla_carbon::unknown,9,0.06896593507314515,0.06938243993634485
B0-K,recall5,turla_snake::unknown,9,0.06896593507314515,0.07377981389893622
B0-K,recall5,wizard_spider::unknown,9,0.06896593507314515,0.07199918711830944
B0-T,ndcg5,apt29::unknown,9,0.0383467812269547,0.042107298659729314
B0-T,ndcg5,carbanak::unknown,9,0.0383467812269547,0.04237270429232471
B0-T,ndcg5,fin6::unknown,9,0.0383467812269547,0.02712183691629637
B0-T,ndcg5,fin7::unknown,9,0.0383467812269547,0.036375407306900205
B0-T,ndcg5,menu_pass::unknown,9,0.0383467812269547,0.040321658790308315
B0-T,ndcg5,oilrig::unknown,9,0.0383467812269547,0.03629337930443455
B0-T,ndcg5,sandworm::unknown,9,0.0383467812269547,0.03972493747177194
B0-T,ndcg5,turla_carbon::unknown,9,0.0383467812269547,0.04173363868647803
B0-T,ndcg5,turla_snake::unknown,9,0.0383467812269547,0.03982267934490191
B0-T,ndcg5,wizard_spider::unknown,9,0.0383467812269547,0.03759427149640168
B0-T,hit5,apt29::unknown,9,0.031783453355941724,0.03178761131259839
B0-T,hit5,carbanak::unknown,9,0.031783453355941724,0.041162901389642854
B0-T,hit5,fin6::unknown,9,0.031783453355941724,0.021426059284379698
B0-T,hit5,fin7::unknown,9,0.031783453355941724,0.035314948173268586
B0-T,hit5,menu_pass::unknown,9,0.031783453355941724,0.035314948173268586
B0-T,hit5,oilrig::unknown,9,0.031783453355941724,0.01626732912564953
B0-T,hit5,sandworm::unknown,9,0.031783453355941724,0.03173071878258758
B0-T,hit5,turla_carbon::unknown,9,0.031783453355941724,0.02565311242447632
B0-T,hit5,turla_snake::unknown,9,0.031783453355941724,0.04386195672027713
B0-T,hit5,wizard_spider::unknown,9,0.031783453355941724,0.035314948173268586
B0-T,precision5,apt29::unknown,9,0.028043134997922037,0.030100837828378985
B0-T,precision5,carbanak::unknown,9,0.028043134997922037,0.02998944824330519
B0-T,precision5,fin6::unknown,9,0.028043134997922037,0.0242145944421356
B0-T,precision5,fin7::unknown,9,0.028043134997922037,0.028381261108802267
B0-T,precision5,menu_pass::unknown,9,0.028043134997922037,0.031159038886580042
B0-T,precision5,oilrig::unknown,9,0.028043134997922037,0.01909554682308798
B0-T,precision5,sandworm::unknown,9,0.028043134997922037,0.028291655374035243
B0-T,precision5,turla_carbon::unknown,9,0.028043134997922037,0.03019285531170082
B0-T,precision5,turla_snake::unknown,9,0.028043134997922037,0.0320137397412809
B0-T,precision5,wizard_spider::unknown,9,0.028043134997922037,0.026992372219913376
B0-T,recall5,apt29::unknown,9,0.04378475525138532,0.04659211488837051
B0-T,recall5,carbanak::unknown,9,0.04378475525138532,0.05059904579588622
B0-T,recall5,fin6::unknown,9,0.04378475525138532,0.038233061390428126
B0-T,recall5,fin7::unknown,9,0.04378475525138532,0.04402009842746516
B0-T,recall5,menu_pass::unknown,9,0.04378475525138532,0.0486497280570948
B0-T,recall5,oilrig::unknown,9,0.04378475525138532,0.03118941059677733
B0-T,recall5,sandworm::unknown,9,0.04378475525138532,0.041481269275732785
B0-T,recall5,turla_carbon::unknown,9,0.04378475525138532,0.04703942209896275
B0-T,recall5,turla_snake::unknown,9,0.04378475525138532,0.05007422948159621
B0-T,recall5,wizard_spider::unknown,9,0.04378475525138532,0.03996917250153924
B0-HM,ndcg5,apt29::unknown,9,0.07407367777437007,0.08583874021254803
B0-HM,ndcg5,carbanak::unknown,9,0.07407367777437007,0.07323343185452819
B0-HM,ndcg5,fin6::unknown,9,0.07407367777437007,0.07471750540820082
B0-HM,ndcg5,fin7::unknown,9,0.07407367777437007,0.07578632633231736
B0-HM,ndcg5,menu_pass::unknown,9,0.07407367777437007,0.0776360343308649
B0-HM,ndcg5,oilrig::unknown,9,0.07407367777437007,0.06658613231476952
B0-HM,ndcg5,sandworm::unknown,9,0.07407367777437007,0.06984150263958534
B0-HM,ndcg5,turla_carbon::unknown,9,0.07407367777437007,0.07262086910357896
B0-HM,ndcg5,turla_snake::unknown,9,0.07407367777437007,0.07799991128863835
B0-HM,ndcg5,wizard_spider::unknown,9,0.07407367777437007,0.06647632425866926
B0-HM,hit5,apt29::unknown,9,0.08512256081414382,0.10375169896456897
B0-HM,hit5,carbanak::unknown,9,0.08512256081414382,0.07469758219115394
B0-HM,hit5,fin6::unknown,9,0.08512256081414382,0.10152506757127092
B0-HM,hit5,fin7::unknown,9,0.08512256081414382,0.09458062312682647
B0-HM,hit5,menu_pass::unknown,9,0.08512256081414382,0.08346951201571534
B0-HM,hit5,oilrig::unknown,9,0.08512256081414382,0.06473935328555662
B0-HM,hit5,sandworm::unknown,9,0.08512256081414382,0.08454478083291966
B0-HM,hit5,turla_carbon::unknown,9,0.08512256081414382,0.06656129945532888
B0-HM,hit5,turla_snake::unknown,9,0.08512256081414382,0.10569173423793757
B0-HM,hit5,wizard_spider::unknown,9,0.08512256081414382,0.0716639564601598
B0-HM,precision5,apt29::unknown,9,0.04118253944594648,0.047592592329711254
B0-HM,precision5,carbanak::unknown,9,0.04118253944594648,0.038272997045203684
B0-HM,precision5,fin6::unknown,9,0.04118253944594648,0.043258377162162756
B0-HM,precision5,fin7::unknown,9,0.04118253944594648,0.042980599384384977
B0-HM,precision5,menu_pass::unknown,9,0.04118253944594648,0.043536154939940536
B0-HM,precision5,oilrig::unknown,9,0.04118253944594648,0.032425043828829415
B0-HM,precision5,sandworm::unknown,9,0.04118253944594648,0.040023610137073146
B0-HM,precision5,turla_carbon::unknown,9,0.04118253944594648,0.040734222572790774
B0-HM,precision5,turla_snake::unknown,9,0.04118253944594648,0.046271197674983264
B0-HM,precision5,wizard_spider::unknown,9,0.04118253944594648,0.03673059938438497
B0-HM,recall5,apt29::unknown,9,0.06773689901531858,0.07802630166899008
B0-HM,recall5,carbanak::unknown,9,0.06773689901531858,0.0666862230774495
B0-HM,recall5,fin6::unknown,9,0.06773689901531858,0.07225396186887251
B0-HM,recall5,fin7::unknown,9,0.06773689901531858,0.07063359149850212
B0-HM,recall5,menu_pass::unknown,9,0.06773689901531858,0.07155951742442807
B0-HM,recall5,oilrig::unknown,9,0.06773689901531858,0.05568650155141218
B0-HM,recall5,sandworm::unknown,9,0.06773689901531858,0.06140420081749855
B0-HM,recall5,turla_carbon::unknown,9,0.06773689901531858,0.0659234465709659
B0-HM,recall5,turla_snake::unknown,9,0.06773689901531858,0.07683017269508333
B0-HM,recall5,wizard_spider::unknown,9,0.06773689901531858,0.05836507297998361
B0-HM+S,ndcg5,apt29::unknown,9,0.07407367777437007,0.08583874021254803
B0-HM+S,ndcg5,carbanak::unknown,9,0.07407367777437007,0.07323343185452819
B0-HM+S,ndcg5,fin6::unknown,9,0.07407367777437007,0.07471750540820082
B0-HM+S,ndcg5,fin7::unknown,9,0.07407367777437007,0.07578632633231736
B0-HM+S,ndcg5,menu_pass::unknown,9,0.07407367777437007,0.0776360343308649
B0-HM+S,ndcg5,oilrig::unknown,9,0.07407367777437007,0.06658613231476952
B0-HM+S,ndcg5,sandworm::unknown,9,0.07407367777437007,0.06984150263958534
B0-HM+S,ndcg5,turla_carbon::unknown,9,0.07407367777437007,0.07262086910357896
B0-HM+S,ndcg5,turla_snake::unknown,9,0.07407367777437007,0.07799991128863835
B0-HM+S,ndcg5,wizard_spider::unknown,9,0.07407367777437007,0.06647632425866926
B0-HM+S,hit5,apt29::unknown,9,0.08512256081414382,0.10375169896456897
B0-HM+S,hit5,carbanak::unknown,9,0.08512256081414382,0.07469758219115394
B0-HM+S,hit5,fin6::unknown,9,0.08512256081414382,0.10152506757127092
B0-HM+S,hit5,fin7::unknown,9,0.08512256081414382,0.09458062312682647
B0-HM+S,hit5,menu_pass::unknown,9,0.08512256081414382,0.08346951201571534
B0-HM+S,hit5,oilrig::unknown,9,0.08512256081414382,0.06473935328555662
B0-HM+S,hit5,sandworm::unknown,9,0.08512256081414382,0.08454478083291966
B0-HM+S,hit5,turla_carbon::unknown,9,0.08512256081414382,0.06656129945532888
B0-HM+S,hit5,turla_snake::unknown,9,0.08512256081414382,0.10569173423793757
B0-HM+S,hit5,wizard_spider::unknown,9,0.08512256081414382,0.0716639564601598
B0-HM+S,precision5,apt29::unknown,9,0.04118253944594648,0.047592592329711254
B0-HM+S,precision5,carbanak::unknown,9,0.04118253944594648,0.038272997045203684
B0-HM+S,precision5,fin6::unknown,9,0.04118253944594648,0.043258377162162756
B0-HM+S,precision5,fin7::unknown,9,0.04118253944594648,0.042980599384384977
B0-HM+S,precision5,menu_pass::unknown,9,0.04118253944594648,0.043536154939940536
B0-HM+S,precision5,oilrig::unknown,9,0.04118253944594648,0.032425043828829415
B0-HM+S,precision5,sandworm::unknown,9,0.04118253944594648,0.040023610137073146
B0-HM+S,precision5,turla_carbon::unknown,9,0.04118253944594648,0.040734222572790774
B0-HM+S,precision5,turla_snake::unknown,9,0.04118253944594648,0.046271197674983264
B0-HM+S,precision5,wizard_spider::unknown,9,0.04118253944594648,0.03673059938438497
B0-HM+S,recall5,apt29::unknown,9,0.06773689901531858,0.07802630166899008
B0-HM+S,recall5,carbanak::unknown,9,0.06773689901531858,0.0666862230774495
B0-HM+S,recall5,fin6::unknown,9,0.06773689901531858,0.07225396186887251
B0-HM+S,recall5,fin7::unknown,9,0.06773689901531858,0.07063359149850212
B0-HM+S,recall5,menu_pass::unknown,9,0.06773689901531858,0.07155951742442807
B0-HM+S,recall5,oilrig::unknown,9,0.06773689901531858,0.05568650155141218
B0-HM+S,recall5,sandworm::unknown,9,0.06773689901531858,0.06140420081749855
B0-HM+S,recall5,turla_carbon::unknown,9,0.06773689901531858,0.0659234465709659
B0-HM+S,recall5,turla_snake::unknown,9,0.06773689901531858,0.07683017269508333
B0-HM+S,recall5,wizard_spider::unknown,9,0.06773689901531858,0.05836507297998361
T+B0-B0,ndcg5,apt29::unknown,9,0.00011249040737231763,0.00012498934152479737
T+B0-B0,ndcg5,carbanak::unknown,9,0.00011249040737231763,0.00012498934152479737
T+B0-B0,ndcg5,fin6::unknown,9,0.00011249040737231763,0.00012498934152479737
T+B0-B0,ndcg5,fin7::unknown,9,0.00011249040737231763,0.00012498934152479737
T+B0-B0,ndcg5,menu_pass::unknown,9,0.00011249040737231763,0.00012498934152479737
T+B0-B0,ndcg5,oilrig::unknown,9,0.00011249040737231763,0.00012498934152479737
T+B0-B0,ndcg5,sandworm::unknown,9,0.00011249040737231763,0.00019870100447531383
T+B0-B0,ndcg5,turla_carbon::unknown,9,0.00011249040737231763,-7.371166295051646e-05
T+B0-B0,ndcg5,turla_snake::unknown,9,0.00011249040737231763,0.00012498934152479737
T+B0-B0,ndcg5,wizard_spider::unknown,9,0.00011249040737231763,0.00012498934152479737
T+B0-B0,hit5,apt29::unknown,9,0.0,0.0
T+B0-B0,hit5,carbanak::unknown,9,0.0,0.0
T+B0-B0,hit5,fin6::unknown,9,0.0,0.0
T+B0-B0,hit5,fin7::unknown,9,0.0,0.0
T+B0-B0,hit5,menu_pass::unknown,9,0.0,0.0
T+B0-B0,hit5,oilrig::unknown,9,0.0,0.0
T+B0-B0,hit5,sandworm::unknown,9,0.0,0.0
T+B0-B0,hit5,turla_carbon::unknown,9,0.0,0.0
T+B0-B0,hit5,turla_snake::unknown,9,0.0,0.0
T+B0-B0,hit5,wizard_spider::unknown,9,0.0,0.0
T+B0-B0,precision5,apt29::unknown,9,0.0,0.0
T+B0-B0,precision5,carbanak::unknown,9,0.0,0.0
T+B0-B0,precision5,fin6::unknown,9,0.0,0.0
T+B0-B0,precision5,fin7::unknown,9,0.0,0.0
T+B0-B0,precision5,menu_pass::unknown,9,0.0,0.0
T+B0-B0,precision5,oilrig::unknown,9,0.0,0.0
T+B0-B0,precision5,sandworm::unknown,9,0.0,0.0
T+B0-B0,precision5,turla_carbon::unknown,9,0.0,0.0
T+B0-B0,precision5,turla_snake::unknown,9,0.0,0.0
T+B0-B0,precision5,wizard_spider::unknown,9,0.0,0.0
T+B0-B0,recall5,apt29::unknown,9,0.0,0.0
T+B0-B0,recall5,carbanak::unknown,9,0.0,0.0
T+B0-B0,recall5,fin6::unknown,9,0.0,0.0
T+B0-B0,recall5,fin7::unknown,9,0.0,0.0
T+B0-B0,recall5,menu_pass::unknown,9,0.0,0.0
T+B0-B0,recall5,oilrig::unknown,9,0.0,0.0
T+B0-B0,recall5,sandworm::unknown,9,0.0,0.0
T+B0-B0,recall5,turla_carbon::unknown,9,0.0,0.0
T+B0-B0,recall5,turla_snake::unknown,9,0.0,0.0
T+B0-B0,recall5,wizard_spider::unknown,9,0.0,0.0
