embedding_row,sample_id,token_count,summary_text_sha256,l2_norm
0,attack_flow::Black Basta Ransomware::0001,94,0c6b1a8ec2a524a5719021b127a3858b9f6dbf54642a535f1e7f26c1d142cdfc,0.9999999403953552
1,attack_flow::Black Basta Ransomware::0002,95,3c5c4cef7d81510f37cb348976acf51606c6c2272ed783bba4114753ccbe90f9,1.0000001192092896
2,attack_flow::Black Basta Ransomware::0003,112,34dda851423e5ac670a5ac4d76e4d7198dfaccf5595d484c4d513a795ab4f407,1.0
3,attack_flow::Black Basta Ransomware::0004,103,64694b52bd6015e7cdafed245746bcd699adcff0777e3c5222fd14e5ec55695e,1.0
4,attack_flow::Black Basta Ransomware::0005,127,e42a0c7ac5003b58abb1e0195a287d07f751713e62a9357c75fd9863096403bf,1.0
5,attack_flow::Black Basta Ransomware::0006,125,b9774e4d984dc44c25dd41f314fde3134cbc9413114d0e82925951286c6e6231,0.9999999403953552
6,attack_flow::Black Basta Ransomware::0007,156,73a16324fa9a89887e893221ed45aae61da7704b2230a7453859a125bb1cff82,1.0
7,attack_flow::Black Basta Ransomware::0008,123,d536badded433a7be4e10eda92eeaf22df0059ab1aafb3b736f5b3270e03fb99,0.9999999403953552
8,attack_flow::Black Basta Ransomware::0009,131,b077e7f036cb485a455f1a069d8ee5cc761d9745bf97931c9a08257a943f64e0,1.0
9,attack_flow::Black Basta Ransomware::0010,136,a4387eb016a9550a50207109de9e632bb600f8c894429dc1cf358367fc3b5e78,1.0
10,attack_flow::Black Basta Ransomware::0011,146,d76d043c619536351519f8eea25a57dd8c7eba804994ef8bc27adfd4da4e4d50,1.0000001192092896
11,attack_flow::Black Basta Ransomware::0012,165,44747e3f0009730451b7e22fa01dfb6370eedde04e23c25ec368f8111d9d18c4,0.9999999403953552
12,attack_flow::Black Basta Ransomware::0013,165,efff5a4c1fe1d36f5799c095f17f6aaf8b72a3ffad84387a40a80f19ebb77a17,0.9999999403953552
13,attack_flow::Black Basta Ransomware::0014,165,36fc422c71a59a0a61d7257aec81e56153b7e7e233ea7df7539c8944f86de01c,0.9999999403953552
14,attack_flow::Black Basta Ransomware::0015,173,fb6e6863f2e84d495661bd1e36c5309da7748c47d8a91583be6ea541bea4b9aa,1.0000001192092896
15,attack_flow::Black Basta Ransomware::0016,193,513cacd268c8f9bc3b511a224a6a252daff3bc81ebb7d29d21ebe737f55bce10,1.0
16,attack_flow::Black Basta Ransomware::0017,199,77210972b8b6b233e59ce052753ab02885b042bc96b8ef586a8dace7d2a86de0,1.0000001192092896
17,attack_flow::Black Basta Ransomware::0018,182,0a005e6af342afd402f5372f54566651635c3e26242a1d5c190b65afa76dc93f,0.9999999403953552
18,attack_flow::Black Basta Ransomware::0019,195,f0c0c89f59a9cb4725af85299e2da19f9db00545d35eb6abae642c97a764e752,0.9999999403953552
19,attack_flow::Black Basta Ransomware::0020,195,edd8ea2bd5cb685ac657251f9fbf8d7192e3770bb3455b3ec14f3fc5ceb17d3e,1.0
20,attack_flow::Black Basta Ransomware::0021,211,22e8d2ba199993ff2fa38f7174e524c3f7f55bc121c195d0852c31a975bea414,1.0000001192092896
21,attack_flow::Black Basta Ransomware::0022,217,d8bd343360db83d72953dda48e85464054c2fc988a3f8b7a2b0d4e1fd06d1ca1,1.0
22,attack_flow::Black Basta Ransomware::0023,151,a149386781fe40d064e5b6bdcc20954a1e6ffd7511a53943cbb770013e640de1,0.9999998807907104
23,attack_flow::Black Basta Ransomware::0024,124,0366b4eb235a0cffc5cad05e5b26dfc5f99819a939dc36580558068e15487e66,1.0
24,attack_flow::CISA AA22-138B VMWare Workspace (Alt)::0001,90,1f85b01f662a6d16bdbe0651937662ec69d34c41fd0fc611320386bbbb7a9e47,1.0
25,attack_flow::CISA AA22-138B VMWare Workspace (Alt)::0002,87,3923b65051cd2ce9b74b414c830a89db95e60cb0b829dafe2c28b033e1993991,1.0
26,attack_flow::CISA AA22-138B VMWare Workspace (Alt)::0003,107,37aea1b9f618cee62f7dc0c1cfcfa55be178766d7d25856bc282f69460f87da7,0.9999999403953552
27,attack_flow::CISA AA22-138B VMWare Workspace (Alt)::0004,110,766f425ca23756a0feb890b93d36362468c15b5dea9e2e8b46c6a13285cbc503,1.0
28,attack_flow::CISA AA22-138B VMWare Workspace (Alt)::0005,148,eb9f73c4fde48f5e8beb9d64c237f75488cc7464edb1d9a13c27457324a46804,1.0
29,attack_flow::CISA AA22-138B VMWare Workspace (Alt)::0006,125,51abfd102f1213becec69a6ee4542dddfd16ee097e2df549c8f24117cd102858,1.0
30,attack_flow::CISA AA22-138B VMWare Workspace (Alt)::0007,120,39958f5ed2231649b8da59510b016447be4e62b24124300620c32b38c5720a9d,1.0000001192092896
31,attack_flow::CISA AA22-138B VMWare Workspace (Alt)::0008,126,7ca1813819a2ce531c852c4d5a84a76ae1dd5a704ff38e414c241b136cff8437,0.9999998211860657
32,attack_flow::CISA AA22-138B VMWare Workspace (TA1)::0001,78,f4a94a2367ef6085bdc7db5f8f84f7cc6f2c00b944d3751ca73a6f9414138f95,0.9999999403953552
33,attack_flow::CISA AA22-138B VMWare Workspace (TA1)::0002,90,c0a5e1afb1162219e9576243777e6de796610801b3aeafc8bab592a0b9675905,1.0
34,attack_flow::CISA AA22-138B VMWare Workspace (TA1)::0003,103,68d447807b110a996d6008f75e5c92da9cb0106c3695b12ae0b594e80f5ead83,1.0
35,attack_flow::CISA AA22-138B VMWare Workspace (TA1)::0004,108,f1666a8bc9b8aa62ebe91e5e8ca3ae405463ccb54a9d540a9b2448a1a8bdd3c4,0.9999999403953552
36,attack_flow::CISA AA22-138B VMWare Workspace (TA1)::0005,100,39bfc5d65a89884ef08d5a28115b9beebf21b0b1876c129220341bb24adf8944,0.9999998807907104
37,attack_flow::CISA AA22-138B VMWare Workspace (TA1)::0006,100,70e94327c8f07aee8cc185fb8336ef19b060fa239831bd071356d2e975c1a0a1,0.9999998807907104
38,attack_flow::CISA AA22-138B VMWare Workspace (TA1)::0007,114,bd822fa32a9826b3aa34f33002121c9d29b00f9f9f6265695fe96746eb15d3c2,1.0
39,attack_flow::CISA AA22-138B VMWare Workspace (TA1)::0008,127,d888ab77100b97db0e6685d1641637f608f340c7c6320a7c2530a072fe47f5c6,0.9999998211860657
40,attack_flow::CISA AA22-138B VMWare Workspace (TA2)::0001,128,38909aaf598151e74d86c154b7fe2a2df40137c7feb87a03b8c5ea917d563f62,1.0
41,attack_flow::CISA AA22-138B VMWare Workspace (TA2)::0002,119,cb9a1821076d1b9b7af495a42d277e7b34e8eb4408ab1d7faf9a46fa84dd1ea0,1.0
42,attack_flow::CISA AA22-138B VMWare Workspace (TA2)::0003,82,02c18f2a1a7d57e3b9ec6694dd6bf3d3a19a8dcd968e6891c4854abc68a4a131,1.0
43,attack_flow::CISA AA22-138B VMWare Workspace (TA2)::0004,102,253d21a7d3aadf27ad0ddad72eb8813aacf03727b7421e5a9533e88ef5991ea1,1.0
44,attack_flow::CISA AA22-138B VMWare Workspace (TA2)::0005,109,b4f41979d9bc88fa8065ec6082f43188dcb9e813eb268b331f322208ea546184,0.9999999403953552
45,attack_flow::CISA AA22-138B VMWare Workspace (TA2)::0006,125,dd911cfb8d2b268b923f9483224a25c79a8054eb66507d805dd58ca243d37c66,1.0000001192092896
46,attack_flow::CISA AA22-138B VMWare Workspace (TA2)::0007,97,0cb869f40169e94aae7cede626e101e1c2274b7dd2472aeaabc163cbe2b323f7,0.9999998807907104
47,attack_flow::CISA AA22-138B VMWare Workspace (TA2)::0008,124,635c45594ac6973d7b9bceaa079bff9f3b50494cdc2eb2bb92f4908bf8bdf096,1.0
48,attack_flow::CISA AA22-138B VMWare Workspace (TA2)::0009,127,bc5b45bf7da2a9a3cfbd5124b872b09267a878c35cc9e5c06a8652741894ea63,0.9999998807907104
49,attack_flow::CISA AA22-138B VMWare Workspace (TA2)::0010,157,782d2417216b547219274b622ac69462b7cc25800c580dee00a9637acd4eb55a,1.0000001192092896
50,attack_flow::CISA Iranian APT::0001,101,fc1a944cb0b8be60c787ba5b16f84318e965863e3e0c4b9cad197d2713014708,1.0
51,attack_flow::CISA Iranian APT::0002,117,b6c3c1fcc66c45b46725c586edf0bd5535cb306f9ea6b12b6c1da3bcd13ce566,0.9999999403953552
52,attack_flow::CISA Iranian APT::0003,102,d89472681dd1175ec17f91aac01c0b4054eed0bf782bd2053c53858444249646,0.9999999403953552
53,attack_flow::CISA Iranian APT::0004,159,31f7bb2951f6b1bf850f8b21d078aa85e2e75b386cd41f8645d724a57d8040c2,1.0
54,attack_flow::CISA Iranian APT::0005,128,5c5b4c1ba69c18eb33c71dbb40a6065c865ed76210f43d837caa08fe7dfd8f1a,1.0000001192092896
55,attack_flow::CISA Iranian APT::0006,128,37b33222d51e8ff2b3a0c03714e74ba6aa16cadaba5d848df0804b91144ca1c4,1.0
56,attack_flow::CISA Iranian APT::0007,148,e455cc393ed7bdb81515160c06502439a236a6e8939835f19266051a342407d4,0.9999999403953552
57,attack_flow::CISA Iranian APT::0008,149,a1450df6be34f7358e91aba6275b5220c88ad94e45e84388b1f3cbab7703272d,1.0
58,attack_flow::CISA Iranian APT::0009,137,597a151a369eb9c77f1af7fb9f198c831f3b967c49bf6379cf30e817764cbb99,1.0
59,attack_flow::CISA Iranian APT::0010,143,fef9d7ff73d0491c492f308f02e9c7d31341e619ea246cdfd037bee366e59f50,1.0
60,attack_flow::CISA Iranian APT::0011,145,303f35c86a92a4fdd1e1df7af701fdf6d1128288e0f2a6ca772d2d7095eb6fae,1.0000001192092896
61,attack_flow::CISA Iranian APT::0012,154,b0af9f784e37708d30c3dcfbb0b4ee4ba69f78bc162269f087f8cfc222931389,1.0
62,attack_flow::CISA Iranian APT::0013,146,77deb66f93d71b185de8ea6d4dfb285682447a5d73e58ec83ec4b77d0857c10d,1.0
63,attack_flow::CISA Iranian APT::0014,146,cf1af474059dd5573adceac2bf5ddc5f20b4163e46786e41f8dda585694dd1cb,1.0
64,attack_flow::CISA Iranian APT::0015,121,7beacd241a805224b3ba2fa8b0db8eb800b27398f6d1610ac9ce589a7de4b801,1.0000001192092896
65,attack_flow::CISA Iranian APT::0016,134,1d9f68f68d5d5712683e12b60d0baec8c9a547a1ab6807e509980bd58ad0efb6,1.0
66,attack_flow::CISA Iranian APT::0017,138,488d6f6bc5113466ae72c5ff3cbc58886c66249750bb3d596eb92e7705ba1dc6,0.9999997615814209
67,attack_flow::CISA Iranian APT::0018,132,170107ed20936728ecc32d91ea358fc87acf75711579174aa6c4ba19770ff0f6,1.0
68,attack_flow::CISA Iranian APT::0019,159,a9b12a1fe06ebe725528f2134a12aff7ceb7f4ca39ba661f76d2c4de71ecc4fc,1.0
69,attack_flow::CISA Iranian APT::0020,137,98b1d9e425f241b1e221fd8e193b59074d4522f429f1a05fb2fc12f1eac09f65,0.9999999403953552
70,attack_flow::CISA Iranian APT::0021,201,6c0c441d60d454773270444283d135b2823140064d9e3b4af6b353da9d99cd21,1.0000001192092896
71,attack_flow::Cobalt Kitty Campaign::0001,103,ceb9645f5976e40216bdc341aa54a1a9d75d81c313e1987e50f6ef605c76d08c,1.0
72,attack_flow::Cobalt Kitty Campaign::0002,117,ada2461166a82519ceca3d4b99b7ade1dc26b64023d50b3892ce1729d6136a07,1.0
73,attack_flow::Cobalt Kitty Campaign::0003,118,49f0016d47a00947e1f6c2c27c0d0e3e8b101533c26a5bd890fe7705632ee9cf,0.9999999403953552
74,attack_flow::Cobalt Kitty Campaign::0004,144,2808a3e2007435ad6cd51421130ce79fb627402ba62dfe5af4e5ad65131f97fa,1.000000238418579
75,attack_flow::Cobalt Kitty Campaign::0005,124,65dde161cb92cb1563ccf6f592fcc8fd988780bc8a0e73ae0792de4540a903f7,1.0000001192092896
76,attack_flow::Cobalt Kitty Campaign::0006,112,1c4ac346b3d2c6d99dc3dd97e97f72e05a015bae65058c5b4334ca1eeb7dd08d,1.0000001192092896
77,attack_flow::Cobalt Kitty Campaign::0007,138,cf68d263ca0b231f08bfef4568e7f6fe1d309454fb1d4cc2d400d12f07e4f9b4,0.9999998807907104
78,attack_flow::Cobalt Kitty Campaign::0008,151,52e78203b1b51f3a08d9a7ba8f2805fc78dffb74cbf1bff7004d081d4c8482ac,0.9999998807907104
79,attack_flow::Cobalt Kitty Campaign::0009,158,9b0320223a76a8f6d2f36836a83b8d47f06247dca796c4e6343852ca795b1072,0.9999999403953552
80,attack_flow::Cobalt Kitty Campaign::0010,149,4b8199c722743646ba2567f03dbd402fc861b1235d94143bb75b3925ad12e220,0.9999999403953552
81,attack_flow::Cobalt Kitty Campaign::0011,159,6cdc75f4f1806703d62679acf345f823f6aeaec076dcc4f0dbe33a1ff3e2f151,0.9999998807907104
82,attack_flow::Conti CISA Alert::0001,81,b50c79f2137119b058fe0eda0706b17ca71705b90894bac2e8711ac3d33dd336,1.0
83,attack_flow::Conti CISA Alert::0002,96,3888e8b41666768700b698077a9b5de9ed0bad2cecb238a347c6451a7508fc0d,0.9999998807907104
84,attack_flow::Conti CISA Alert::0003,98,e8ce466f5b6067c5b5f9e3c21d494f5939c590a51b728fc7dbb6a4b84e8f48ce,1.0
85,attack_flow::Conti CISA Alert::0004,102,bac85d0d1475dceb42ca8843a5d503bb780b1cbf81c908a0c516f5a6d21e1849,1.0
86,attack_flow::Conti CISA Alert::0005,123,245a0977bf26b20943a2e7d665a7fa8e2e4f301a4f359be52254228e9d6a9f66,1.0
87,attack_flow::Conti PWC::0001,84,1b460d048379748dbd4c41e38a2acb73ebd62c5a8b39abb32f338cfc5447bd09,0.9999999403953552
88,attack_flow::Conti PWC::0002,96,05bc791045bbc5f6c745c8fa33efa05ffcc1b39394fb1e4eab0582eef24b0a13,1.0
89,attack_flow::Conti PWC::0003,110,ffed05ec2a13243f569ccb2d9ff844c8d18f724c9d81d125ad31cf127a7977d0,1.0
90,attack_flow::Conti Ransomware::0001,77,c0e1b006ac7b27e88fcf581e5e75cbdb59b0b7153be202c27a16b0f66f476bf7,0.9999999403953552
91,attack_flow::Conti Ransomware::0002,95,2d4baf6a52f621f4efeddafb674bc27302457f7cc8766afc68da119c77bc2174,0.9999998211860657
92,attack_flow::Conti Ransomware::0003,124,13ac11769036613b1d62585029ad269876e6b0f8b90bf32edddebe0cd59355b1,0.9999999403953552
93,attack_flow::Conti Ransomware::0004,134,3f316329b29baca00b9ae1d6b8cb92a5ba027add58671018e781e2cb20e0da70,1.0
94,attack_flow::Conti Ransomware::0005,147,844c55f6adab9771ba91d9787d0cd4a5fc141a612252af35bb2e7220e206d58a,0.9999999403953552
95,attack_flow::Conti Ransomware::0006,144,eb38f7b26ecce68174cf718961576a0638cfaa604f397c25da33db9669a55b1c,1.0000001192092896
96,attack_flow::Conti Ransomware::0007,166,b41671ccebe752c50c8007b95258cf987dfc7a8bea8da5d80994a5d81a8b2dd7,0.9999999403953552
97,attack_flow::Conti Ransomware::0008,118,6705917023241dd79194f1eb04877df432121c185d1e2baa368734b1a4d3022f,1.0
98,attack_flow::Conti Ransomware::0009,126,73f0ca1f183dbb42553a7197228c4a54dc8850ce4385163e12b11823ebde0478,1.0
99,attack_flow::Conti Ransomware::0010,148,1e6329f03b19d2408b0df38c68a9040c124553829f44fad6cf12e8f7d96fee57,1.0
100,attack_flow::Conti Ransomware::0011,142,6f24d930939155e07233fde0b73e9709424cd182897617d519e756d167f5e63a,0.9999998807907104
101,attack_flow::Conti Ransomware::0012,160,696ab5a498385d004a1178e431f8837f655e4af2c5156a7a7380d396b3f1ac33,0.9999998807907104
102,attack_flow::Conti Ransomware::0014,127,5f916aa6f8e0e5d8da019fd42445b743a391336a5f47fecd9499dd960e72fdae,1.0
103,attack_flow::Conti Ransomware::0015,136,fd6f49bb6a7c6399872c3c3b135e863fb2314d77be71390ce92a429b2fa006a9,0.9999999403953552
104,attack_flow::DFIR - BumbleBee Round 2::0001,82,6a63d46e44fb7d8963b0c8e96071c52169026dc9c859b9bf2829ce8b8307d4af,1.0
105,attack_flow::DFIR - BumbleBee Round 2::0002,88,743c9e46fa5751e04479068a46f318a08e27dc579df3cf50cb0c6006b7791409,1.0000001192092896
106,attack_flow::DFIR - BumbleBee Round 2::0003,81,aab34ca266256f78bcad60b726a89b8797b1408dc70fb3726fca3abe40d5ff2b,1.0000001192092896
107,attack_flow::DFIR - BumbleBee Round 2::0004,116,e09ac179f2ba861925085eaea85565f62b8f0a5520042d72a360ffb3c243fbcd,1.0
108,attack_flow::DFIR - BumbleBee Round 2::0005,137,ed4703a1a666784a8a742b368093fad8519cc98514e518dad1274c36ec0dc726,1.0
109,attack_flow::DFIR - BumbleBee Round 2::0006,142,daaf52affa8cf7ef07778fbb9dcd936ca1f9702a7cfe865ce1c715009b121d00,0.9999998807907104
110,attack_flow::DFIR - BumbleBee Round 2::0007,142,d2c701a78fa2bc86974627f243ef4ed861b8cc3791771a14f2738e969f98c7c7,0.9999999403953552
111,attack_flow::DFIR - BumbleBee Round 2::0008,137,d15f18bcbaee0bbce1ee8182d50e4663652bec504b23ff32af5528fbbf07ab15,0.9999999403953552
112,attack_flow::DFIR - BumbleBee Round 2::0009,158,3118abde7d054309dcd911f0695326291248051035ed9450bb4df44533d92dc8,1.0
113,attack_flow::DFIR - BumbleBee Round 2::0010,157,50b18d6056a7d4e1c0f3789f377bd5ac4d17f939f8175a5c5d1b03d71d7b92c3,1.0
114,attack_flow::DFIR - BumbleBee Round 2::0011,156,88bb5885558c53dae5205485d99b73fb553f261762d43b6ee3b29555c64cd2b8,1.0
115,attack_flow::DFIR - BumbleBee Round 2::0012,145,df92ec6297b3d56e12f24b7a8f0075b30ec14487c8ee20118d0c0568c4848287,1.0
116,attack_flow::Equifax Breach::0001,75,f10a8f92fb9836f81898399d19231a5e5bb6db1d5d67b2d55dc6438bb32fe121,1.0
117,attack_flow::Equifax Breach::0002,93,fc12ac2daa08f18ef391d7d0e546daee1d5d247578885b5345f7a614dfcf9a00,1.0000001192092896
118,attack_flow::Equifax Breach::0003,121,661dd35677640c2e4873f597ca3afc8e9dc88db8885f6a387cd3491a1b3733be,0.9999999403953552
119,attack_flow::Equifax Breach::0004,122,a1adbac41f9447bb1661813cdfed205ebc6b3c2858371b1920155044296cbc59,0.9999999403953552
120,attack_flow::Equifax Breach::0005,132,62e548d261cd57dcf7a89defc1661f21c5cc367ad0183c76e0014288be487406,1.0
121,attack_flow::Equifax Breach::0006,123,14d8604e5dfb1e9f5024596d1c08d50135a6bc9dc30896b7e63d463c200ba00b,0.9999999403953552
122,attack_flow::Equifax Breach::0007,170,95100d833028ee9daab92ffcb48d9caedb1989267644c99b494b9f36b4234d90,0.9999999403953552
123,attack_flow::Equifax Breach::0008,197,40308433bdf8c15c80176b4a4d9370300bc07b307d828f8b32138eee700736f7,0.9999998807907104
124,attack_flow::FIN13 Case 1::0001,75,93247199a723696a83c25d8190ed572fd7dff6a502713e95bc8f95519457ace5,1.0000001192092896
125,attack_flow::FIN13 Case 1::0002,76,1882da90aa4bbc8f0d4c807db1931c4b1ce1f56ef647705cf0e9273840faf029,0.9999999403953552
126,attack_flow::FIN13 Case 1::0003,105,2e29d069e9dc42e9ce5c764932c1ae9e5096a61d3c8de2672ad1cd35d0d6acae,0.9999998807907104
127,attack_flow::FIN13 Case 1::0004,110,4fc0f395cf76c2f42031f2d59999ecc4982e4505e134feb336cb3c34a044709f,1.0000001192092896
128,attack_flow::FIN13 Case 1::0005,145,738d6e36f461793aa6e83535e743b12dc6dabdab05191ca51afe2689627319fd,0.9999999403953552
129,attack_flow::FIN13 Case 1::0006,147,bc51f2a9cd01c6a471436dcb8c15c918133126f78d94b7d30308391465e99d07,1.000000238418579
130,attack_flow::FIN13 Case 1::0007,140,7bab5c1daf3ebc272902746616fb879c0c5a6c270f4dbfd216d36165e4d4ffe3,0.9999998807907104
131,attack_flow::FIN13 Case 1::0008,123,cce60af1951555b1a6189507a57961e469eaf092b7e4d558e589efa4f8fbdf16,1.0
132,attack_flow::FIN13 Case 1::0009,140,70728abdfdcbe7ac184f4d25e3ba43078a64eb634ebe7ab06ee5caec6b619ec4,1.0
133,attack_flow::FIN13 Case 1::0010,105,cc606487bdfda2f239788e8a1ab532d3da43ec2082023f86e851a71c8b5c5a41,1.0
134,attack_flow::FIN13 Case 1::0011,129,15b03c61ff62650d122409cb08007aa5ac5bf6542cc3776d6fee6c45918cd9a1,1.0
135,attack_flow::FIN13 Case 1::0012,117,f2e4cddc651c17340f91b903397f6b6c8a290ed5bc8654f49f761e4efec9ec10,1.0
136,attack_flow::FIN13 Case 1::0013,137,6a22f77a3b6ca96ba4366993733a12f662467bb98bfc9b891921af89cc10e0de,1.0000001192092896
137,attack_flow::FIN13 Case 1::0014,120,c1cd6ebd1fda8c7ae4201142dcd6efc0b324108fd985274fa0612beabab6ec8b,1.0000001192092896
138,attack_flow::FIN13 Case 1::0015,143,8eda117bc9e17b5582b9d3c01525338f8d21e7aef1c5807a86203cea62fc63dd,0.9999998807907104
139,attack_flow::FIN13 Case 1::0016,127,055a6719e65b25fdac9669376d4db1177182e819a947e4df6dc8425e1a7f7221,1.0
140,attack_flow::FIN13 Case 1::0017,158,66a601b44ca3ac51fe368a03189ba24dba70bfc7b3def74070cf6ff380c37473,0.9999998211860657
141,attack_flow::FIN13 Case 1::0018,205,ec7eb74109080431ac6df49a628ac58c4074e8bfc05cee6ef3b56f20b8d6219a,1.0
142,attack_flow::FIN13 Case 1::0019,158,52b8cf566f3572744b38a5624d81834852ce9c27fd583909406bc3e26cf2f77e,1.0
143,attack_flow::FIN13 Case 1::0020,136,772fd56efb6013f2168f30d6be98df2ae82c94183bb5a7697a36e67e4c47b499,0.9999998807907104
144,attack_flow::FIN13 Case 1::0021,147,964185f9a41ad476092acccebd67c44562e7efc9780c0f72b74cb53704cbefa8,0.9999998807907104
145,attack_flow::FIN13 Case 1::0022,131,acd35f726fefe00a5c33a67eb81f29a2bb01a14ec361e2f206c095d93bdb0fe1,1.0
146,attack_flow::FIN13 Case 1::0023,144,801efdeb9fff24a1da6b3c789b819ccae2ecab3e3bacc2f87728b6fb75819464,0.9999998807907104
147,attack_flow::FIN13 Case 1::0024,191,e802e420f3a917dd5f948ce70985f2ccd7e08dff583e8450b9073d872a7cca9e,0.9999999403953552
148,attack_flow::FIN13 Case 1::0025,174,79feacab48a758301656ff9eae6b587b4d3ceec59ff4ebef66e839b5ad1567c1,0.9999999403953552
149,attack_flow::FIN13 Case 1::0029,160,8ca32055cd45538b50ff279b5a83a8f074a5e9c9ad500a55684474afc964b937,1.0
150,attack_flow::FIN13 Case 1::0030,184,8f4e176c6af51a5c2369d68a5d32b92ec773aaadb9fdf2d5128fad49e790d418,0.9999999403953552
151,attack_flow::FIN13 Case 1::0031,204,1ed7037c6df3d400c9750a685d8d5b8b6d934b67c044d28333fd6f97e64bf2ff,1.0
152,attack_flow::FIN13 Case 2::0001,89,fb8d103e3669bb73a6eca28f3b143b1e02e88f1820126690561f6992a83c7950,0.9999997615814209
153,attack_flow::FIN13 Case 2::0002,109,00a7f6c1552eb3ea36cac4303e612b2a50aeef196dd2f2534698d9ac494907b6,1.0
154,attack_flow::FIN13 Case 2::0003,122,6278fb1633741cda9b3e6c5b5e70029c231c441de8f51e1ea12a1be1e76d9b69,1.0000001192092896
155,attack_flow::FIN13 Case 2::0004,161,160a24b17d899d819a16e5dde55f39a522520bfaeb3da33d4ef717ef93b3ad0d,0.9999999403953552
156,attack_flow::FIN13 Case 2::0005,152,1b095bbcbad45cdf8dea58033110612da47410340976334d84ae2e1b2cb953a6,1.0000001192092896
157,attack_flow::FIN13 Case 2::0007,153,e56e8f0cb75538d7eb1987c41d36df5724772228398a45b844e0345fdc9ff3a8,1.0
158,attack_flow::FIN13 Case 2::0008,128,56f16b9f2e226fd83e099540ce5ae378a18e0ffd0f9b91d38f5568c66a895928,1.0
159,attack_flow::FIN13 Case 2::0009,131,86beed6b4cadfeb216ba329fbeb9057fb50ad5bbb1734fc0d53eeefb29efa27a,0.9999999403953552
160,attack_flow::FIN13 Case 2::0010,133,86724b7d4b2a892d2618fb1075d723100d1d19f5a12897b77b36e6eed9c6cdd4,0.9999999403953552
161,attack_flow::FIN13 Case 2::0011,133,ac62ec6bbdf7b1215ab3da2fae35d811aa06cbc7527afc35e01891c2143b19d1,1.0
162,attack_flow::FIN13 Case 2::0012,112,4d5b23762bbd944eb1568f7ac967274ab3b3ce8e98b6b45249a0b5b305d721f5,0.9999999403953552
163,attack_flow::FIN13 Case 2::0013,116,a244a862292f696ddc440c1c082163452dd48bab9220428cb85e6212d03f34f0,1.0
164,attack_flow::FIN13 Case 2::0014,116,9a75b067e0006b08fb933e8cb7e63b2d18361048e2c6c06acdd0fbd3fb44c837,1.0
165,attack_flow::Gootloader::0001,84,2da082ca359414eddb783237ebbf00adcbf7e19687b7d441804a3da11a13e13e,1.0
166,attack_flow::Gootloader::0002,85,3c8b1e603ef1b87c141801647f943f4ac599502b7fa4ffcec19ef04c3ae7bb19,1.0
167,attack_flow::Gootloader::0003,108,4c5103c633b776225e871335e5c35c02fbd73bdc2fe0afe8d65cd3164a4265ee,1.0
168,attack_flow::Gootloader::0005,105,a7c219cdd0e22891cf624b4d26574a6861ca182e74233352b07fe6b9f966e880,1.0
169,attack_flow::Gootloader::0006,128,b8e20e0af3b6818950b46efce282066c3630cb5511255b997d8af10ab65ae9fa,1.0
170,attack_flow::Gootloader::0007,97,5ce76df5f84eecfe1524b11a077dbe2e9dd0726660c9ac5e18acd7477e600837,1.0
171,attack_flow::Gootloader::0008,121,1d7b9c98276c932ef122352d29ac8526a581feb861f3376d028a214b24f9886b,0.9999999403953552
172,attack_flow::Gootloader::0009,145,da8c9928397def24fd75010ced5ccac59a87442f37df41aae151cc3ae8617b7e,1.0
173,attack_flow::Gootloader::0010,134,08d2ef070b3a37fd2a3925ea08a037ce5870eb0c8ec813c6763bfc75c7da75de,1.0
174,attack_flow::Gootloader::0011,140,d475854719e14d92103bc2556669fd2b31e0e60b8eb887e1c09718c0f4ce256e,1.0
175,attack_flow::Gootloader::0012,147,e1312dc3717483570f737a85a38d6b47746525b479f1d10645380d220bc0b4f0,0.9999999403953552
176,attack_flow::Gootloader::0013,139,aa4ec0a90a2854f13d356248ff4c671fb6edce8186c83ff8a5ec144c8386a817,1.0
177,attack_flow::Gootloader::0014,160,add4bff7fdae91db319768b6753d023818116732db72c30a705fd1c6243f0258,0.9999998807907104
178,attack_flow::Gootloader::0015,153,07989d642f37b15417ac9c99c12c1606298d8785ea503d7e2255eb4c1eccc2a3,1.0
179,attack_flow::Gootloader::0016,142,da2d5372a3ec12de8653b75afb0af418a4eed22dc3f49a320ed65e146d542493,1.0
180,attack_flow::Gootloader::0017,157,9245011d2c5d1b2e8f6e0c05bf4a5903b9f0a1cc31d986e0546f40d97c567b37,0.9999998807907104
181,attack_flow::Gootloader::0018,147,9e915f22cdd17d20435b64f1bcc882321f43c8d2235a2b7cecd39495436004c2,1.0
182,attack_flow::Gootloader::0019,178,efe2a4e92550fd65ba53ed6850c2d39c27efc5e0e0bc457ee05ccc4da62d1139,1.0000001192092896
183,attack_flow::Gootloader::0020,175,7da4061accea867f0339f2822205a71f971346232f8cd84af266d4b2cce983d2,0.9999999403953552
184,attack_flow::Gootloader::0021,153,e7d89cf1e3849edd01a18c52042736a9cf41ec8dd17bd43d5a394e4eb93d9ff4,1.0
185,attack_flow::Gootloader::0022,150,71f7d4166d9dc3d9a9198ddd8db2d1621644c5e87d48459072311c377be34069,0.9999999403953552
186,attack_flow::Gootloader::0023,166,5501b5c07fbc050997bdf94e155a51618feb2949cfcc82ff43c31fb059195579,1.0
187,attack_flow::Gootloader::0024,169,9e376d75b437ab25a7f878cf064c8e2dfaabad755638a0fc6f547f13c68d4415,1.0
188,attack_flow::Gootloader::0025,169,44639db5257f93363eafd619becdaa77a92875fe95ea6f2e8d088d89de99e104,1.0000001192092896
189,attack_flow::Gootloader::0026,164,73bbc27f78fcd7256407ff1a1708a5ddb625ec74c02d11f53be1428c4b73eca8,1.0
190,attack_flow::Gootloader::0027,174,ee6bb2dfd080190e99498dd2b54e41a04441c0bcda085aa4008dab2b618d4590,0.9999999403953552
191,attack_flow::Gootloader::0028,143,8fe60c1153bec8662b47a0edf21dcd24f4b1fd80190e170b0f8080908c68516d,1.0
192,attack_flow::Gootloader::0029,181,38b8c09cc0a58757696c2c6ffb9b43c5958c80cee4277780db592747f660f72d,1.0
193,attack_flow::Hancitor DLL::0001,92,0d35f924ac7db9fea192eca3df38302823297dd216139c35dda4bfcd5535cbf2,1.0
194,attack_flow::Hancitor DLL::0002,102,97631af9dfb4d7b9245c979a915b4d57b0094b0614ce68995f6b8fee2fa54fae,1.0
195,attack_flow::Hancitor DLL::0003,94,045c353215200d8deae817f54346ecec87401b4bd84e8e890e2b568d073a66b2,0.9999999403953552
196,attack_flow::Hancitor DLL::0004,96,552d38c9ba5719027453e1645550509455bd8bf9ac87a406cbbe69dacad401b4,1.0
197,attack_flow::Hancitor DLL::0005,125,c6aca3fa68a5c2f95c2b47d57a094afcdffb0661eacf7d768f0fdd8206e389aa,0.9999998807907104
198,attack_flow::Hancitor DLL::0006,122,6502a7c7dd402343e40dd3e5c0cc0e76644e0aaf767b87b3b8a85577397b4410,1.0000001192092896
199,attack_flow::Hancitor DLL::0007,145,b51fdb0e8d6544d370342cda6301d8ff578b1590520588729a1cfa0ca22f0b65,0.9999999403953552
200,attack_flow::Hancitor DLL::0008,148,43de3c64b4d1e701149ef3a0ed629cb11268e159134e8c552889a25dc3813973,0.9999999403953552
201,attack_flow::Hancitor DLL::0010,136,721c40eeab48e91098f3af94a7acc8a262110e55caae9c8689ac5a91c8da2cfe,1.0
202,attack_flow::Hancitor DLL::0011,138,89285b000a4ecab27aedef263dff1d16994b44ae59a0a6d59593667df10afed1,1.0
203,attack_flow::Hancitor DLL::0012,152,acaecc51df4b2a9a0854bdd13ce8565745651b0f9ae4ae277d6ee040be735692,0.9999999403953552
204,attack_flow::Hancitor DLL::0013,149,329d1a3e38da21657605736688b2c8a0a8850f50023cedd1a3dfba9bf7577bd3,1.0
205,attack_flow::Hancitor DLL::0014,144,915ed7aa7f01ea1aefebd5fb70d9b3f6c001fa48e4c0861e4ba51ada1ecd9eb7,0.9999998807907104
206,attack_flow::Hancitor DLL::0015,146,e04f50261081889e77e9a3dc470675b4898b462f1fb675aa5154e58eb795848f,1.0
207,attack_flow::Hancitor DLL::0016,168,3a852f81023b5964b0a8004f8d37503f71c42105c22e77f448767cc360300c6e,1.0
208,attack_flow::Hancitor DLL::0017,183,07c3d9d097772ab6d40d90c5f5a7c3dd3445dbc1817e9d1d0b39caf96a46ba5b,1.0
209,attack_flow::Hancitor DLL::0018,163,13f7252fcc0fc76deb1bfc3734bb053e4a6ce4054951a8207bc38d0ae4da8b5c,1.0
210,attack_flow::Hancitor DLL::0019,206,65b82e5a6237ca6f470cb4b3676982d9f468b3a4c011d6baf9b6a563ad128699,1.0
211,attack_flow::Ivanti Vulnerabilities::0001,72,704992543cf6e525a04b9f549fa782831b6f3e77edd82e4dbb448c682dd7f773,1.0
212,attack_flow::Ivanti Vulnerabilities::0002,90,78ae224b9039fdc9e23a3d173f739cfa3c22d7b050f79676ecccfaf621b1369e,0.9999999403953552
213,attack_flow::Ivanti Vulnerabilities::0003,111,36380ceedc3a85e844db7e865f02f41920e58356b78c379d3ed5a49155c7d30c,0.9999999403953552
214,attack_flow::Ivanti Vulnerabilities::0004,127,5bd2b264828e258e93f7fc83005dd3df9959c80e82c9f83d2b5cc4a74d5f8456,0.9999999403953552
215,attack_flow::Ivanti Vulnerabilities::0005,131,2524335f5ec6234bd651ce052a81e885361602b53d52ce4e1c041f540b55c594,0.9999998807907104
216,attack_flow::JP Morgan Breach::0001,92,58f32155d9579d497a0bb3d7544f31766b6d0868118e245c3d09725bc41a398f,0.9999999403953552
217,attack_flow::JP Morgan Breach::0002,92,e07b1893a11a40b2ad86ab3df0377a67faf2cae3f471a54602dd50a5926cccbd,0.9999999403953552
218,attack_flow::JP Morgan Breach::0003,142,92e2d000622fdf4fb39d3a3da309ace06c101522206971f26ab8c183cfddd930,0.9999999403953552
219,attack_flow::JP Morgan Breach::0004,104,6abc5e070776f368edff38fcbd94e0ab79f490d62ef94ee337786b42064fc5dc,0.9999999403953552
220,attack_flow::JP Morgan Breach::0005,120,42e99001f6069f55fb8698f0ab28bc6d8fdd2511e5c129b3875fc94c7708ef3f,1.0
221,attack_flow::JP Morgan Breach::0006,111,a6556b2eee9b7250161db08f9a8a52d314406aa48d4de427430888cb8b0a4a96,1.0
222,attack_flow::JP Morgan Breach::0008,164,8d1064fa3071e023e04c0e1e91c4c6b05c9f8da8389326f216a0347fac7b748b,0.9999999403953552
223,attack_flow::JP Morgan Breach::0009,102,42170b823b9356bd4d47b8f20f08b4be6f9bd627e7ce4cd465d6b8563941efb7,0.9999999403953552
224,attack_flow::MITRE NERVE::0001,107,f1a33dcbe139d0a3749acd1f28dc2481e3c715e16f8d401a26c9b5fb4406cb43,1.0
225,attack_flow::MITRE NERVE::0002,95,f6a44e0cb432c9d6b9ab0a636c858e347c96a5be99b1893e6907aa04760d70e6,1.0000001192092896
226,attack_flow::MITRE NERVE::0003,128,e2a432d6fb4d86cb66b1f59de6c779094e414d0ffda235c66d21a3a8abda05af,1.0000001192092896
227,attack_flow::MITRE NERVE::0004,132,dca3c9c0a1293694134671a8f3d54b69e775792226dd65155827c72476a44048,1.0000001192092896
228,attack_flow::MITRE NERVE::0005,134,3c9c951527808c7d5eede862facb7f99cf5b3d1cd295983109706221b98f79b3,1.0
229,attack_flow::MITRE NERVE::0006,135,9894494a25b94ef7589e42aaa2f65fe9f11a0744becfe796ec7d68bfc88c96cd,1.0
230,attack_flow::MITRE NERVE::0007,112,17eacd3b57b5d901d196e7d437d3a0d54fbb103ef1989d32eb5e31369fae1b7e,1.0000001192092896
231,attack_flow::Maastricht University Ransomware::0001,96,732cdc98af10ea631fd471344baa664bd2d498557f1597f9e5ec426534a7d27b,0.9999999403953552
232,attack_flow::Maastricht University Ransomware::0003,106,62c68144beb5d3fcb03f7b8a3be1a60a30fe8284e4edcb558e3dd4bdc2f01e45,1.0
233,attack_flow::Maastricht University Ransomware::0004,106,f5b1ff6132fe0f0b28655c85b233b95d748ba44b6f9781a362b6c8973a56daf8,0.9999999403953552
234,attack_flow::Maastricht University Ransomware::0005,130,8c067528e02c7d16e45a44b21c915408a9212fe6b374e54de5fcb1fa02a75aea,1.0
235,attack_flow::Maastricht University Ransomware::0006,134,ade4a7a8068dc4cb103c65ae52aa8e613da66577d1437bede813ebb002163224,1.0
236,attack_flow::Maastricht University Ransomware::0007,129,e3af158f28216dc55aabfc7ecfa07676bdfec11db1ae5938bf19015403a7134b,1.0
237,attack_flow::Maastricht University Ransomware::0008,159,f8758db4c36cbc179d15df871ef1d78e369e85013a1c7e792d8a10b3dfcca364,0.9999999403953552
238,attack_flow::Maastricht University Ransomware::0009,177,b6e5e0f3af4bb068d9de264c9a1ec8ad896e7337b43300acdc3736aa8c026fc7,1.0000001192092896
239,attack_flow::Maastricht University Ransomware::0010,178,4a69aeee38657022da1ac204b9ee385efa187a22fe2812af9d7d65808a5354b1,1.0
240,attack_flow::Maastricht University Ransomware::0011,182,fea71316f422cc83ff3ad93a976fd3ba6f68cf50b3e5d7fe4338b8eb5f5052fe,0.9999998807907104
241,attack_flow::Mac Malware Steals Crypto::0001,89,cb6b37de5b8896d2953ea7a8aef7b377d0c98b1351aa8f771c1907241cde133b,1.0
242,attack_flow::Mac Malware Steals Crypto::0002,114,3348b5d084b52a91a3dfa39f02dcf221218abec67671a801695b450581935120,0.9999999403953552
243,attack_flow::Mac Malware Steals Crypto::0004,134,c71d97f3c35418056ae4a3e2570e694b65bbc34149e4bc4847b5399e604c6722,0.9999998807907104
244,attack_flow::Marriott Breach::0001,77,fad949362ae1592115106436d243875eb33c17cd385c0dc007a2cd3d0db1c6fb,1.0
245,attack_flow::Marriott Breach::0002,102,fe919f2a2efd894fb5fdabf5b4b7c75b57305279b329be068a4b4bb74c7ef81d,1.0
246,attack_flow::Marriott Breach::0003,118,f456788a2102369c0d9fe86712e6df6950ca76a451124002fce3fca8697431d6,1.0
247,attack_flow::Marriott Breach::0004,130,ea2534ba17bdc5aa9f9c10290346d18dc7573763770b57e6de0b1144e8d16186,0.9999999403953552
248,attack_flow::Muddy Water::0001,95,377b9b387500c503b655f407d9dc0e0460eac7a3631192fad6d606eee062d23f,0.9999999403953552
249,attack_flow::Muddy Water::0002,109,814a26f82020049cab391add08c85608ed5344bdb4d0bb38e88ff46dd9ff73be,1.0
250,attack_flow::Muddy Water::0003,104,b0591ffd439bc5855316c71da360575e84ce313f30bc2aa12132c70435fbbbcc,1.0
251,attack_flow::Muddy Water::0004,114,0589e82dc0008d4a38301483efe6a29588a75cd9e28ee8452e73bb73b8410682,0.9999999403953552
252,attack_flow::Muddy Water::0005,93,6b0561f70977f35da03e3cb70595a5819f40f46181139236b4fe69872311b9fe,1.0
253,attack_flow::Muddy Water::0006,114,b08298cf85d1b9284f5ce5eece8ed2f624cb7bc72eff802e042b112946bc3f42,1.0
254,attack_flow::Muddy Water::0008,120,99d70b52b55880676db962b255471773b93ce8b68b3c30595a90cd57d60e4e1f,0.9999999403953552
255,attack_flow::Muddy Water::0009,135,1ea0f0260489b1962eff97bf2fecb350d2d57bbe10a5a5e1fc2f8851f71bd42f,0.9999999403953552
256,attack_flow::NotPetya::0001,83,d2288ceaf87cc4dd28c977a2a23ad7299613105345cf49b759fe3356c542a927,1.0
257,attack_flow::NotPetya::0002,120,7f502d1f9dfd9a4b345e20355896155ffde39d97e37551e4075aba005aa40d5a,1.0
258,attack_flow::NotPetya::0003,130,137fc4361bfc5dc371e26f60792170cb150c0f3e12dd983fd31bd1628c2c947c,0.9999999403953552
259,attack_flow::NotPetya::0004,120,58b05d1704ebf19daa0a839290f04841be64450c278732bbdfeae6a62b0ce19d,1.0
260,attack_flow::NotPetya::0008,162,345585b5a49c8d2154da1605889a1b98249e7401aa90aaeefd8356090a5045e2,1.0
261,attack_flow::NotPetya::0009,171,cd14af3eb8b43b7c72a89bbaaec0f00c985c6141dd8aa5878a161afb696e2e0a,0.9999998807907104
262,attack_flow::NotPetya::0010,151,1d74e187419baeb1ac0e3fed8e0098dfd09c33ccc0f4509ddaf80573e72bd1dd,1.0
263,attack_flow::NotPetya::0011,182,3f16b3b5b496f94551117b1a784edd82a8b39218e1c85625e5a1265f76ab25d0,1.0000001192092896
264,attack_flow::NotPetya::0012,128,fae94653c692e8d52ec62b932eb9434ad79efe7ede00fb59399480ab5f48c371,1.0
265,attack_flow::NotPetya::0013,188,07e4c85f91aa80c4f16681f28f643006bcbbe910ceaf08be892384d8877f6edf,0.9999998807907104
266,attack_flow::NotPetya::0014,124,ec4016e1caf096d667691e11920608c6ea88b58426a545d367a828f52bdc436c,0.9999998807907104
267,attack_flow::NotPetya::0015,126,e6e3ff1f7351a2931b231214fbd3bfd5e103f1c608f4bf95b364bfd93934f02f,0.9999999403953552
268,attack_flow::NotPetya::0016,106,90714a093c978f160d48428cad05fa286c78636e6dcf33afd114d1128a609b8d,1.0000001192092896
269,attack_flow::OceanLotus::0001,90,5fc97ffc6d56fadaf8fa4ae5f52dbd6a207bfcf2a9b1b6e9abeb2fd778d491bb,1.0
270,attack_flow::OceanLotus::0002,101,8ecdd4b9d4b665069a97248331f637bbe8a1a995b433df05f4e3e5b8633d2c83,1.0
271,attack_flow::OceanLotus::0003,103,54c8561d31b3f2c9342cf835601e3c28297eb27cc3f673891b32f62c844e4000,0.9999999403953552
272,attack_flow::OceanLotus::0004,105,0ff550e7b63127377452a6cf33ef4ba9408bc3d0379edc4725b41d390ffe0e25,0.9999999403953552
273,attack_flow::OceanLotus::0005,115,9f560a24d449901f2d1dbd1055f7892f434878840d0ba219cad71db6bd638193,0.9999998807907104
274,attack_flow::OceanLotus::0006,137,a7e6574ecc89dca912a806a9ac2a0dea7e931c6354f6d55df2948b5610afb988,1.0
275,attack_flow::OceanLotus::0007,149,37602e336d7bab17ccf9233d4ba5016f6527858aa29c2007197dd2b4fe14d6c6,0.9999998807907104
276,attack_flow::OceanLotus::0008,174,8dd5ed86c469db52357b3961b38ce50d505502ff302642a81f757795e062cfd5,0.9999998807907104
277,attack_flow::OceanLotus::0009,114,cc844ec5b431d6ee2990c878e9338ef3dfbf976947380a297dcb3a267738dd68,1.0
278,attack_flow::OceanLotus::0010,164,1202136e7feb003bcb9fbf4ff08defd32553b69394a3e17970b17f073720d922,0.9999998211860657
279,attack_flow::OceanLotus::0011,167,091de2af9d51654b571fdf39663af35ca2dd87432251add5e6fa57de12651c9b,0.9999999403953552
280,attack_flow::OceanLotus::0012,148,bf9c881b791753e38c766e1b19c209f26134c53182881f2f3b2e24a59cb7dc26,0.9999998807907104
281,attack_flow::OceanLotus::0013,150,ff69d038d637c59c8982f38f4aae278c3ac7aae1a1601374baaf2f8df46f84ed,0.9999999403953552
282,attack_flow::OceanLotus::0014,146,0b569b08b8258d66719c591f6a55bbfd1a9ca954d17d9479c282fefa1ea6ebc4,1.0
283,attack_flow::OceanLotus::0015,154,9ab92e2c456b0c089d0765d8676f00a6d3d79d5dae24e5f08073321aa6f8e78c,0.9999999403953552
284,attack_flow::OceanLotus::0016,127,28d06f009e1d666e4a0e5d51f8b548f0d4875d1b36a71affa87bb07134dcffbc,1.0000001192092896
285,attack_flow::OceanLotus::0017,162,74511853d6e62ffba2f4e1fb3cef9115d1a129d7c1b87c0a5f2b83571f20b1c3,1.0000001192092896
286,attack_flow::OceanLotus::0018,130,705921f042b3d82db6c93cb6219382ea21069738012da659164649c2b9772f18,0.9999999403953552
287,attack_flow::OceanLotus::0019,159,e6e2fe343fecf1c5ed0c8d3721c7b473446bd9b8c6412f3abd417082455c0e66,1.0
288,attack_flow::OceanLotus::0020,139,fe5ececbf0caf6750043a4fdac90413cea79075e7ba824cef9aa4ecf7a89cb6e,1.0
289,attack_flow::REvil::0001,105,fb2cd7acff6e142037ce71742f6f41a43dd290027b5a95c4f0b003d4fb7fcbfd,0.9999998807907104
290,attack_flow::REvil::0002,107,0fa55ea83d825bccfbd99041c367907f0e4ca1c7048d817596815e42e4630de8,1.0
291,attack_flow::REvil::0003,128,a4400048d9f4a11a52ae2f91123847724693e3e25b956a3f80daef8ab91d8d8e,1.0
292,attack_flow::REvil::0004,118,eb461b4ffecff5521083f1e3bf65042478b449ed85d736a24812e512d4e21698,0.9999999403953552
293,attack_flow::REvil::0005,113,3132dfdb072e141b2a3e0717f549952e06183f57e9de6673f47dbdfadca348a9,0.9999998807907104
294,attack_flow::REvil::0006,125,0a1993f5d8def2d82048937ff3b49d0514095d5936a04c7d457253f5f39be956,1.0
295,attack_flow::REvil::0007,112,9780c74da4a0ecbd220edcba2a5d204c2be9d927ccb1dd6a45eab1f04bd5f2a2,1.0
296,attack_flow::REvil::0008,115,ea006115a195a00c9b30fba95d1315e459933b4cf05c030e693d32a44674ebd0,0.9999999403953552
297,attack_flow::REvil::0009,118,df9ec7dc5eec87d1c8ceb0662db945dac5a80a9e7935326c8f01b18ac98a468f,0.9999999403953552
298,attack_flow::REvil::0010,129,1e497e260fd064eb417a8d3103eb533b8b8cacba88014b3a4abcf4799d1235bf,1.0
299,attack_flow::REvil::0011,140,0b0a758e9a7fcdd03d6119e02ca9128f202b06d4c4cc3eb669ca0ff00915b6ad,1.0000001192092896
300,attack_flow::REvil::0012,112,7b06f57015b2f7b966fbd5a0cdcfba6dc6cf18141f45810a5c1bede6f9ec7d51,0.9999998807907104
301,attack_flow::REvil::0013,134,5f74975d4dd2a4218f92a59abb94b4ebcb6727f2658eb707965e88e047c01a1e,0.9999999403953552
302,attack_flow::REvil::0014,126,b183d4914d61b6f0fa1d8205abda70d9b755c29f626574560ac049d020f5b132,0.9999998807907104
303,attack_flow::REvil::0015,165,97fce303019b30bfc6796962add664fc3de6e0e398019cf418278010e2e717a4,1.0000001192092896
304,attack_flow::REvil::0016,140,6c48ca1f98fd79395ebf1177b6dd825941c7cef637d395765037cc017134a988,1.0
305,attack_flow::REvil::0017,159,d792a67eac8d5595548e2d0ff0d61b58bb56ddef202b22d31621294c8ad8dc9c,1.0000001192092896
306,attack_flow::REvil::0018,158,1f1192b274ebfdb1a1967d92d36b027249fdeb33311f6d048d033b2018b9010a,1.0
307,attack_flow::Ragnar Locker::0001,74,dff2c927aa7a1d73f877238ae890123c4f49837943f3d3ee0ca7221823be59c8,0.9999999403953552
308,attack_flow::Ragnar Locker::0002,103,4b1239f942faadff353666084603d1ed3c713a88378647591920264f80e5168c,0.9999998807907104
309,attack_flow::Ragnar Locker::0003,110,11dd00e8cc565c589d39ea5f5a0edbee61756f08260a2fc949d2415554b4fc3a,1.0
310,attack_flow::Ragnar Locker::0004,137,5fca43f72deff4d99c26de4bbbb7fc8f61c5d1f7053450a6e0d35537ab317640,1.0
311,attack_flow::Ragnar Locker::0005,165,a95830a11a5089108e4b17ce9fc642cc596dc574a5e146d377e477057789a03a,1.0
312,attack_flow::Ragnar Locker::0006,157,963ed662f6b4376f02ff1a62400985f4b89ced24460e55400ba4a8abed001f68,0.9999999403953552
313,attack_flow::Ragnar Locker::0007,127,e80c8b8f969492a027b221864282d12747c3371f40ff299915982db77dfbb4f5,1.0
314,attack_flow::Ragnar Locker::0008,161,1b3bf67f8e7174220e252b073c901a4260d8ee37e369d080dcd96e66797f9fda,1.0
315,attack_flow::Ragnar Locker::0009,173,21712614579b0aff51d2d1fc7d94e77263ef095f8251d841cfd7dc37de4fa16f,0.9999999403953552
316,attack_flow::Ragnar Locker::0010,138,6e7b3efc9416a9e2218943bdef5ad7f2836f0c4bee6b94f3dbfce7e1e5303456,1.0000001192092896
317,attack_flow::Ragnar Locker::0011,146,7788c777ccccea5c7aeee30705dea5d411bdde7870ea89603918f9da31107cc2,0.9999999403953552
318,attack_flow::Ragnar Locker::0012,147,3a5d2996acb2294c00babbc56de61455226e22e88812c27c600986f94424fad6,1.0
319,attack_flow::SWIFT Heist::0001,75,30d9b8432e03b4ad60187304cb2f97cccdbe587384eb5f7939f2e0e5e32e78f0,1.0
320,attack_flow::SWIFT Heist::0002,104,34cc5e41be8ad6ef1f03432bf2874dc4c91336534c4e697e302ac0ff40cf5885,0.9999998807907104
321,attack_flow::SWIFT Heist::0003,118,a08d8478985f46c11085e3a370a3d577f03e6e9d9f176f5e02548d7ab79ee5d4,1.0000001192092896
322,attack_flow::SWIFT Heist::0004,108,b9d1412ee20cdd0413179f5789464045a79b9eb475ec9d2801e8dd26167dab6c,1.0
323,attack_flow::SearchAwesome Adware::0001,77,28084d3f61ef6c39cb24a76cc69f511f2c4f6e2657659d35db4d10d510c288d1,1.0000001192092896
324,attack_flow::SearchAwesome Adware::0002,99,054deddb9025853781065dfe5a4ad08a72b68ede5bda3d7883b6ac438fafc88f,0.9999999403953552
325,attack_flow::SearchAwesome Adware::0003,109,0f1b737df2a5f6b8101e228970b3a9153e40873174f17afc9633db4d7d6b3baf,1.0
326,attack_flow::SearchAwesome Adware::0004,108,36cc8013e394d0c190b7e3865db5698449e0f4f1cb4a013c59a95c26c2252603,1.0
327,attack_flow::SearchAwesome Adware::0005,110,cac23afd68a1f6cfcd590dab2f8325bacbb5ec8759b72303316ecfe2686a0580,0.9999998211860657
328,attack_flow::SearchAwesome Adware::0006,128,b086fc89d93f3aa3fdbf27bada761e1ebf087ddfc1681bc3eec1cc34c10475fd,0.9999999403953552
329,attack_flow::SearchAwesome Adware::0007,124,c76eefd4f0e94767f038f6c1e2c4db36cf4e39b3c018a757c95bfd11b1a68b04,0.9999999403953552
330,attack_flow::SearchAwesome Adware::0008,156,8179351f33f5192c2b1956dff523bb5de4c57e738d218723765991bac3bb380d,1.0000001192092896
331,attack_flow::SearchAwesome Adware::0009,126,d5e7ca063a68849c396df76400fcb586ab03125e241b926d6ffa7248459927f7,1.0
332,attack_flow::SearchAwesome Adware::0010,135,1f01c01fa9eaa10ba998e4da0f1392e2138eb99410c2e85311e9f32b7e46acb1,0.9999999403953552
333,attack_flow::Shamoon::0001,92,68ad494829b7c7bc84a84830296c97337940146351f860a504b7a33f49e9f9f8,1.0
334,attack_flow::Shamoon::0002,105,9fb513ffaed9c5c9935dec58587562664a4abda58bfed86ae06d95cdfaca473b,1.0
335,attack_flow::Shamoon::0003,93,9f164a7f6fe1a14f26ca9b60dc5f0b160a17c7015cec3724585ce4856aab3f4d,1.0
336,attack_flow::Shamoon::0004,113,afce59f89aa7591b0f1cd79b62cf0dfb01017b3a3bfd785e9c49d0808333048d,1.0
337,attack_flow::Shamoon::0005,107,505bb0c886110d04f64ee40f0c1e0b3ad473bd6a6a127053dc7dffa19b496321,0.9999998807907104
338,attack_flow::Shamoon::0006,133,33ade566bdca5d0bb12a449dc76370d4ed09ce329399cecda8b428ab0c645d8e,1.0000001192092896
339,attack_flow::Shamoon::0007,113,5265f4461113ccff73c246d48284ef267ee050154db00a6cbaff34dae91adfdc,0.9999999403953552
340,attack_flow::Shamoon::0008,92,97b062a2b02aa2dca33240e36fdead0497a84e57f9c92dda191095a28e56593b,1.0
341,attack_flow::Shamoon::0009,117,e54cb0d3da79cfd61b1b107958c3487f25d617622db21de6f1927e56583684b9,1.0000001192092896
342,attack_flow::Shamoon::0010,129,ea78afc2b3652532375dcda62e54133d9c41bfbf77beba06467a606749e5b2ce,1.0000001192092896
343,attack_flow::Shamoon::0011,103,8a2ad515f5410e8f6ffb70513dba10a6c425ab48fdd898571e08fb0532ea9e69,1.0000001192092896
344,attack_flow::Shamoon::0012,97,23654fd6aa4d54ca374769493e412c8cf614a05838da7d3e978002c8fa5a5937,1.0
345,attack_flow::Shamoon::0013,119,1b9f995fb8c00bb76e7b32b3bd3b31c1e684cb9e59cfe993f571a381d24278d6,1.0000001192092896
346,attack_flow::Shamoon::0014,123,1c29288dcf4368dfedf28868eb40211cc700dc542eb526fda270717baab74d7c,1.0
347,attack_flow::Shamoon::0015,134,6a102137a106e474029c26f521ff2a5d7fb6dd32b6a948e46a9326c1185a7932,1.0
348,attack_flow::Shamoon::0016,116,1fd4f2cc31ac211fd274b04275e848bb5bf91ac1dd434aed1d583e92e9c89bcb,0.9999999403953552
349,attack_flow::Shamoon::0017,138,dfbea5397a4b916259987fbbfed3c2f25d8e8d8a815b3e64d937aecbbf709965,0.9999999403953552
350,attack_flow::Shamoon::0018,121,8266f7ce3738a095b07d1b0c92d04498041a72bcaf0a9ab5650422acf1904349,1.0000001192092896
351,attack_flow::SolarWinds::0001,105,581c1a98cf53981b7a39ba31d2dc90f690842175528d2a5201e0a12621d68910,0.9999999403953552
352,attack_flow::SolarWinds::0002,84,b4a73cc629cab0107682a11c60a03028af972e9f962a6832c27b786038465e84,0.9999998807907104
353,attack_flow::SolarWinds::0003,129,3315af938bb8c2cc004ecb968a068c0e81649d6748f0c7248cb6fcbfb9eaaf79,1.0
354,attack_flow::SolarWinds::0004,143,5efe0452fe029fea63c5d4a33ae590b6ca300eee6965957a189baea21458e76d,0.9999999403953552
355,attack_flow::SolarWinds::0005,112,f04642b2707ec3cb9a7b914bd8dca2ba4c991502e95c34c7b6ec22eddaa04fd6,0.9999999403953552
356,attack_flow::SolarWinds::0006,140,5ac32be42f18c4d6fed3fd02d4412235005e38d5df3c65551742c4bb9d79b0fa,1.0
357,attack_flow::SolarWinds::0007,145,7baf5f7715520708e38b02f7cfde47de4370ea3c587e88a2cf4fcb6858bbe0be,1.0
358,attack_flow::SolarWinds::0008,171,054f95b8c6728bb95cdfeb89893faad55b1f96b69af77bdc45ed8137d0660721,1.0
359,attack_flow::SolarWinds::0009,167,c348acb737f71f52b44562120f9eeafbcaf9f2fffaf596564d5246ae0c2a51c2,1.0
360,attack_flow::SolarWinds::0010,171,2520c5980b315c820963b848e76090d122ca6dfb92acf475b5e174284def7c47,1.0
361,attack_flow::SolarWinds::0011,155,2c50d8dbab006436529877a6abc6eb17eebf95048cc3d90fa1ecd3f9883b1c3e,0.9999998807907104
362,attack_flow::SolarWinds::0012,215,f21b09de28ed14662e9d4646cea640b9a5f5cc447f9e4b3a4f79abf9817e5d2e,0.9999999403953552
363,attack_flow::SolarWinds::0013,207,b1d9ad4a2f206be1e9f22f661942713b6ce7a778a43d0a2653f7f552ec8c1351,1.0
364,attack_flow::SolarWinds::0014,157,79734cda826e7fcbbe3e093ed89ad71a6a629d7b8da20cbd7c68c50761b0b3d8,0.9999999403953552
365,attack_flow::SolarWinds::0015,236,7a99e700bd4795678b2dfd8f0d6b432fa60ae94563bffe85e9a1122d542b6f19,1.0000001192092896
366,attack_flow::SolarWinds::0016,186,e02ec0eca36f0f5252a28f14f9f11c2837ac00431dde18dd0252392a02baeeee,1.0
367,attack_flow::Sony Malware::0001,81,2c9c33b593d15c4d6fa8c5d363acd521cc48c4e9194017ddf3024c68c56af275,1.0
368,attack_flow::Sony Malware::0002,110,8bf3a7eee70981a34e56e8cb30b99bd4710f73c1256f152f845bc72f7cda9339,0.9999999403953552
369,attack_flow::Sony Malware::0003,113,e2e60c2d11cea3be35f0004fff23b935b1a13b3b8c18616b93a4ba71dc4c50f8,1.0
370,attack_flow::Sony Malware::0004,174,93b159af0ce9320ab4341df8d7f15b6bf3d12b696a6082b2e6e69b64e0aaa3b7,1.0
371,attack_flow::Sony Malware::0005,113,12c614d8ca5dd61a802a8f9fb8bc5e76112a771ff5765cc57a37f887154810d2,1.0
372,attack_flow::Sony Malware::0006,113,e6bc511e63506fc6373c8184a88f9ea4adcbfbf28772dfe3e3fc136bb2a6ed15,0.9999999403953552
373,attack_flow::Sony Malware::0007,133,9c808eab78ff3236caeeef7418a9fd9684dea675f09f556721b0bd5b63fdd6fc,0.9999999403953552
374,attack_flow::Sony Malware::0008,129,3a29d280a0f43154a84d7ba239035b6ba1d88df601ec4ee102a90f9f35ac8727,0.9999999403953552
375,attack_flow::Sony Malware::0009,115,9cbd36bc13c2fa4a3d7ec1d28a4e1d8a15eeb55e97663163ec5138cd23498b5f,1.0000001192092896
376,attack_flow::Sony Malware::0010,154,a9d4c079a136e8871aa19ba08eba0310ab191379aaafea62a3af76482e1f9443,0.9999999403953552
377,attack_flow::Sony Malware::0011,157,4a89bfb9d7ec4c6ddc03148346461354845b25e935ec97402d5498e82bc218ca,0.9999998807907104
378,attack_flow::Sony Malware::0012,175,2f1a1120715f5c46e7ae0c1ed4d362a749ad228415450bad695129e3776098e3,1.0
379,attack_flow::Target Breach::0001,59,e6ce7aeb70d1d7d142e01ca358c701ede21ca737fe81776c7273645cf1156c46,0.9999999403953552
380,attack_flow::Target Breach::0002,89,dbce76c6b9238748decd12fc50d239b9afaecf42597e7fac1dbd196fb112c774,1.0
381,attack_flow::Target Breach::0003,90,95bbb62ba1b5ce9f7909cb47da4ae243b63be1e06f1a5e5c0cfe043a643a38a1,1.0000001192092896
382,attack_flow::Target Breach::0004,101,be23ccf8dede3186b6f395c7dc5cf46a66b4e498928902e2ae76af7ebf2bd7fa,0.9999999403953552
383,attack_flow::Target Breach::0008,130,1d57605297c266f18c379573c8d3dd9e29e136b2005ce85adbd6f0903e2f36b9,0.9999999403953552
384,attack_flow::Target Breach::0009,110,b2d509faaa2aae967558067ac1f313bd4a13b022ba5c02944f1a767aa15ee24b,0.9999999403953552
385,attack_flow::Target Breach::0010,114,a4b2faae346b987f955cd17ce3cfb0cd9ce2018769d98af41896bb4967960fd8,1.0000001192092896
386,attack_flow::Target Breach::0011,108,4a3eff573f726784ddc2d6ca59e955ddd8a52b53c1414698067ba9d57c427931,0.9999999403953552
387,attack_flow::Tesla Kubernetes Breach::0001,92,91ff7587b2bf7ab1173edca9d715c2bf1e8eae8a926bc52fde28ecd0fe918b67,1.0
388,attack_flow::Tesla Kubernetes Breach::0002,104,e6c8fd9865cde17fde3fa26cd556bf18eb0670f49030314d409b3694e02c0481,0.9999998211860657
389,attack_flow::Tesla Kubernetes Breach::0003,139,da6809066ddd5da853f1e16f307ed5f5f9008ea08268770d7c4156cf63978404,1.0
390,attack_flow::Uber Breach::0001,91,fda3844feb6a253e03b14ba48af5b3472903c798b1a875e735bee80b10621b15,0.9999999403953552
391,attack_flow::Uber Breach::0002,112,a8f9eba50357706aff3eca563ee66f69c98b4a78b7cf13f271e617ce09f8cc72,0.9999998807907104
392,attack_flow::Uber Breach::0003,99,eb6d3f7df3d2b8f0e22f2aac20ac1447a5a74208a010537e6b39574b7157a3da,1.0
393,attack_flow::Uber Breach::0004,121,16b62bf1fbe5ec7817d45bb5bcf100c37dc53ebfdea76d30bcf4c0851cbd50bf,1.0
394,attack_flow::Uber Breach::0005,151,bcdb306224329042fd27e6c628a1fb7886e51341aaac9c6093f03a53281f14bb,1.0
395,attack_flow::Uber Breach::0006,171,952e7034c520c7aa7c40719e30470011be8421f183b7c60f9d70b608e07836dc,0.9999998807907104
396,attack_flow::WhisperGate::0001,90,1e342a0bb0135179eed858e6cb0397a17bff0a1864360ed0613ebd65757eceee,1.0
397,attack_flow::WhisperGate::0002,110,080b6959cd3157488b57659f525100cf74ed0339a8e43d70169a9d9ca49c2f31,1.0
398,attack_flow::WhisperGate::0003,145,8705355d5b6885ad9bc86a4c87cbe83a457e82809091575bc13704ab655556cc,1.0
399,attack_flow::WhisperGate::0004,169,b532555a6e218638d6eb747851dd558cbbb005ea0f5531ea2f34fbba9e235d43,1.0
400,attack_flow::WhisperGate::0005,160,7826785a5897f26f0908f5f6dfa7493a601dd00c4f8b6b95235fe7e6df9ae242,0.9999998807907104
401,attack_flow::WhisperGate::0006,97,4d7f2a31bbb5ef9421e82d1d94010311e55a7362846963d0be5f9ce8a0b0c614,1.0
402,attack_flow::WhisperGate::0007,102,63e8c0ca4cf16503522c0e67012f941dfd11e5b089e5db62e780cbac39658935,0.9999999403953552
403,attack_flow::WhisperGate::0008,263,62f0b73c7f7c1c7e2df105a04528ce7169e2152c5eac558725f2c8c4d2dee1b3,1.0
404,attack_flow::WhisperGate::0009,101,454d2318cb2401f83f7dac4ee9b50b3bcf78c2c1ff6c1bb971268c81d7c73ef4,1.0
405,attack_flow::WhisperGate::0010,104,870af62a377e6a80c5c3b3f0918c47dd088e69acdd2115cbea2b407f88233da2,1.0
406,attack_flow::WhisperGate::0011,269,509b6689fec035ed5876d62a1d3d4d07a63386c77ec675417f67a513e04591bd,1.0
407,attack_flow::WhisperGate::0013,158,ba2d05070afc9ca9696f3363a3ca0e892c873e1e1d22c436bbfa27849207fbc6,1.0000001192092896
408,attack_flow::WhisperGate::0014,236,0a500021ff4ef864887fdf7ec2f9f44678f2446615ecb82aaea511cea01e9714,0.9999998807907104
409,attack_flow::WhisperGate::0015,148,fa4fa7c0e43b24765107b114e1c563b45c029dd93579098a85996698cafe137d,0.9999999403953552
410,attack_flow::WhisperGate::0016,168,30e9bd3171107608303da932f02b79129d0064e20a20e53a54d8686aa52bdd47,0.9999998807907104
411,attack_flow::WhisperGate::0017,169,bfc248e536cb60767826e9de9d5f941a5f2a9e71ee47b35cd57c589aa64e249a,0.9999998807907104
412,ctid::apt29::unknown::0001,82,eef78045f0ca06b9567af859195130405312547cc41b7a2daf141846c98bae64,0.9999999403953552
413,ctid::apt29::unknown::0002,94,6dc56937dc56a2f10a521682b294dab6a1111e61570de6ad80c00fe5ed5ead4e,0.9999999403953552
414,ctid::apt29::unknown::0003,116,e1bbbe7b10679d72957a37beffbd08fc9a518372f18880dd51c45c5e664e9ceb,1.0
415,ctid::apt29::unknown::0004,131,9d33cd09b267748f43dd7c0a72873e63dc1a68296c4fafee3f276fb147635503,0.9999998807907104
416,ctid::apt29::unknown::0005,123,347539919d5a070aaae1cbf1345b3d5dcdc6f8dc230eb6a4cb6335e98c475f7f,0.9999999403953552
417,ctid::apt29::unknown::0006,171,22a065e34ac7475352e48c014daff364695681e228c6fc47d89c89deb3b1265e,0.9999998807907104
418,ctid::apt29::unknown::0007,86,0d51e4f9adbfe73784b514f9aba1dec8db832195258d0b7051e2791a9aefd7be,1.0
419,ctid::apt29::unknown::0008,115,582fff84e2a13773416d02a264d7414a7a178a9f03924efa0ad4f44fe9c979c8,0.9999998807907104
420,ctid::apt29::unknown::0009,133,9109284b6c3409184fe1798c24b7642e36d4228fe75baff00afda5a3760b404b,1.0
421,ctid::apt29::unknown::0010,166,16a2d3b6352ea5ab6101dffdae4cec419837a868bd892f1845ef024165b03daf,1.0
422,ctid::apt29::unknown::0011,152,6cd0e135d880a0a3f6b8903925c7658e14fcae225cffca29fd256ccb0092738c,0.9999999403953552
423,ctid::apt29::unknown::0012,160,b469c87cdef15346fc355134950f0a0b58325e6bcade7866d1015b3d53967892,0.9999999403953552
424,ctid::apt29::unknown::0013,135,34984bb4739f09766f8ddf813582b0af8de1789968432e3c5a8b04fef906b720,1.0000001192092896
425,ctid::apt29::unknown::0014,152,009b509286d4d210bbac668b96967e091cb7344d011f61ed6353261a61071e7b,0.9999999403953552
426,ctid::apt29::unknown::0015,154,8fbba234bc11d7c2ea41a2a12ba9e8eb6587101a86e1ded5d0170d6e4f2d3ebc,0.9999999403953552
427,ctid::apt29::unknown::0016,123,2debef380aa6c7174dd8f5803f4356fe569a4514486974622dab6c634e8c7549,1.0000001192092896
428,ctid::apt29::unknown::0017,152,d17f55d3d00031311b405bb9f0be7df648a9da554ba1feb51bce89b2a66e95c8,0.9999998807907104
429,ctid::apt29::unknown::0018,116,bdbb4de2236260d0484d58972c2db88e0dad8dd62db60e5173e31d90a4bbc1fe,1.0
430,ctid::apt29::unknown::0019,125,d12c3f7611ba4cb3451d5e1c2fd6d5d77928e3283cd0e714a1d7309734a66c5f,0.9999999403953552
431,ctid::apt29::unknown::0020,133,df945c54dd19590a56e8f953036fdbbb51a83db9ce9b97d4dff1b0579d32b5fa,1.0
432,ctid::apt29::unknown::0021,142,dac5b3d622250c2446f4e192cab8e3c7cfc9b317ea3b83fd435c97fcc3178ef6,0.9999999403953552
433,ctid::apt29::unknown::0022,146,6c7eeba2c508556a469dbf651a36b71f9b198bec2e12818c1cbd2f2e3be8803d,1.0
434,ctid::apt29::unknown::0023,131,e3ae2d7ae6723ec4ed26d0cbc998118d6a09fa61454943fee7dcb84749567076,0.9999999403953552
435,ctid::apt29::unknown::0024,168,943ad4ed368c607f1aa6e09123d2cd456b93e558c5aed0fbd345cd24cac8093f,0.9999999403953552
436,ctid::apt29::unknown::0025,175,720055e92ad93d8e2e7dd2149d50bff0627fda92ba73ed4fa2b3f20c8bf6a08d,0.9999998807907104
437,ctid::apt29::unknown::0026,135,15fd9e8c065d003b97f8609cdb9b27562ba0315b71b0ac933fae958a9b5a2558,1.0
438,ctid::apt29::unknown::0028,158,06492c561677292cb9c40ef6905dbff50d64d8b115ce508f5c90c961516d8a83,1.0000001192092896
439,ctid::apt29::unknown::0029,148,7a86460d2f15e9982ffa1a204abd4a4bb9f1a98bace63a52af74466f3dff98cc,0.9999999403953552
440,ctid::apt29::unknown::0030,142,0f9b7d878ae8045b35c1a0a8148e3ee2706415de37b8e922bacccb9bf4fc5a2a,1.0000001192092896
441,ctid::apt29::unknown::0031,159,9688c17d475d7ab875a01b294605cc3d0efb60af57b2bb7cc66de2ac36591861,0.9999999403953552
442,ctid::apt29::unknown::0032,145,13be38e6bc4484470212fb2cbbc0ee6dfc1fe71eaec5aee7fbd1f753a4b4094c,1.0
443,ctid::apt29::unknown::0033,134,879e3cf37171c561075d94b1beffe95c849e77be6899db6c01f5e8ae31e6c868,1.0000001192092896
444,ctid::apt29::unknown::0034,135,ec0289bfbbc66f917e04d3472e2b1a271684ca4cc04ce7b70ee6973e7cc87979,0.9999998807907104
445,ctid::apt29::unknown::0035,175,f6e01e37bc9f1076adb7caf7fe38a9427ccb1040433cdd1b3fa80419ce74f101,1.0
446,ctid::apt29::unknown::0036,146,c1caf5c92bb542cbaae4ba4e84cad691d30447d5f567ea412e31c46c3a5397df,1.0000001192092896
447,ctid::apt29::unknown::0037,152,debb555be70ac742d7e2deae3f3a114b06d59c12448223222838c2059c00a1d5,1.0000001192092896
448,ctid::apt29::unknown::0038,172,b6073b58f2e335fda819a65e44f5952f5ed4dfb814415372fd71753788da3eed,0.9999999403953552
449,ctid::apt29::unknown::0039,157,f61b201f994561a18b06864468514f521465103d9fe70e11db119665609b9234,1.0
450,ctid::apt29::unknown::0040,165,0c83de916be37a15f341be7f398b32ca476f4d226223ac841f0f5bbf1204c2a3,1.0
451,ctid::apt29::unknown::0041,161,0334cff0f50dd09afc3129225e52cf91c9e4efe631928bc13db3114457fae5d2,0.9999999403953552
452,ctid::apt29::unknown::0042,189,3e44e232f8d0a576e9a476daf8b9453daaeaad29e7d7638a58fac72c58734bc2,0.9999999403953552
453,ctid::apt29::unknown::0043,168,b108ff3939e6885fe122c11a4f0799d7d8da535839d02268cd20a44dd4b3d16a,0.9999998807907104
454,ctid::apt29::unknown::0044,203,892cac0bd05ec68b658a60841b005c1d1761451a3abceb6b7ba497504e7bdd75,1.0
455,ctid::apt29::unknown::0045,168,3a365894d5abb6c9b4311fb95c93229fc669ea078c0486537073d737cbfdfa26,0.9999999403953552
456,ctid::apt29::unknown::0046,158,9fd4739f1cb1e671d759f168c076793375311cb7dcfb9c77002904921c5e596a,0.9999998807907104
457,ctid::apt29::unknown::0047,204,ef6b8ddabcc67d3c4ae749169c487433cd6e9ea56c554276445ee163ba5d52a7,0.9999999403953552
458,ctid::apt29::unknown::0048,207,5861e3320d750fe3476b61e82f3316f62a9e888b05376a12f693aa154404de00,1.0
459,ctid::apt29::unknown::0049,193,ec931412875b4a6958a615a5fb3d4af8c988c1b84696e7a8560d3c0f13747fdd,0.9999999403953552
460,ctid::apt29::unknown::0050,188,a055ce3dbeb7063e3c4f3bc0fac13b40a255eb19883b70251298a2bbafff7349,1.0000001192092896
461,ctid::apt29::unknown::0051,175,1344644eeade8a1251b9711868c09a2c5bb4c56caac5d9f1f22fc4bc89c95cd3,1.0000001192092896
462,ctid::apt29::unknown::0052,200,d16eb47e8a80e9c1e5915590ed1274ae332844064c9a5037a1b555798c322502,1.0
463,ctid::apt29::unknown::0053,149,501ef18dfef0333bdbc967ac113cb4079a48723b24038ebefff500104072b6b6,0.9999998807907104
464,ctid::apt29::unknown::0054,172,aadb9a3f88a8f43fd39fa5495f5228441e7ad6c612f97ceb734e211e7dd180c6,0.9999999403953552
465,ctid::apt29::unknown::0055,208,520762303285f3dd35281e09005ca4f35a3589c5f858addac32c0aa51f36b52a,1.0
466,ctid::apt29::unknown::0056,214,663a1e7c087b76b45e3af00814ca60c34d396e8d707fe92324eb0a538f0139d4,0.9999999403953552
467,ctid::apt29::unknown::0057,162,e61096403a6622c2cda3aa9905d69055246529a216b15b69e057c1b94aa3df54,0.9999999403953552
468,ctid::apt29::unknown::0058,195,2818c3b5ddd6dee814962564d374dfd41e9847896754715dc8ea4e82613a0b12,0.9999999403953552
469,ctid::apt29::unknown::0059,177,e6db056fc88d1f70520fc6b62d73aaa8a998e56a09f53d812b1feeaf7045e82a,1.0
470,ctid::apt29::unknown::0060,182,540d4965d9d0092fdf5d4b06e2f8731be5ff01cf53a1a3304cb0baeed11c4108,0.9999998807907104
471,ctid::apt29::unknown::0061,186,3a7d148b76798ad38a14cece782a7b4ad3e69124b0da593c10529eee4ae14651,1.0
472,ctid::apt29::unknown::0062,210,3f3f93555c3d02cd9644ca0b791556d0278923407184b87f96ea00adf5681139,1.0000001192092896
473,ctid::apt29::unknown::0063,168,20f48180a55d5ab32e283541f35af99f07d63aac75e20f9022d2cd26c26d508c,1.0000001192092896
474,ctid::apt29::unknown::0064,182,bfbe90e46132392d48f5b57b9cc9f284f580596eaae3c8d7410e4636b35bb489,1.0
475,ctid::carbanak::unknown::0001,82,9ddcf858255827b047730b81dcd80151f6c466ee593873b20b1091e43fb73e76,0.9999998807907104
476,ctid::carbanak::unknown::0002,112,22611760c8234dd392b212603e897f8f9d90b86572262dfd9581a4b42b5b554d,1.0
477,ctid::carbanak::unknown::0003,114,099d9c3f61aff5754290f465b7185a37209d6538dcfc2af7175f529af912e7f7,1.0
478,ctid::carbanak::unknown::0004,113,ebbdd150a9925e60d1560e3b78a29ad72a150d0c6c1e3c5d054ed6fe3e31ccf5,0.9999999403953552
479,ctid::carbanak::unknown::0005,126,5a2722a4629836ac52721a9d54278b4eda521d295d119c573b69e3278465f92f,1.0
480,ctid::carbanak::unknown::0006,140,9ac381fed72d920210b9fc238c149796af92ea2fb2560863ed30612240a7bcc5,1.0
481,ctid::carbanak::unknown::0008,144,a6eb24db4375ed68887cb153a4acbbb2a9f7d3db096e16077fbf6727daedc46f,1.0
482,ctid::carbanak::unknown::0009,139,ecc63e1075cc35018f748cd9ec800196ee2ff6aabca69b8db8ddfe168e5e1602,1.0
483,ctid::carbanak::unknown::0010,135,5c94eb2ae9958ddc370cf936ff6186f4a04cd9f6f854df16e8430cc9e9b1962d,1.0
484,ctid::carbanak::unknown::0011,154,004b53601ecb610c2d5b2799361a902122774609f716ebff9b28fbcd24473e34,0.9999998807907104
485,ctid::carbanak::unknown::0012,137,cd4d62b92f278302c5c812054a1ff5754724124048d4100100b8211daadc1569,0.9999999403953552
486,ctid::carbanak::unknown::0013,108,507c5ea32418c11438594855fbaaf4647fd3b00239b33fab3b96aff31fac42aa,1.0
487,ctid::carbanak::unknown::0014,137,908ed078cb20cd6cf36c6fb6d05eb86128e9a59f1babddfccf9e95b4982014d1,0.9999999403953552
488,ctid::carbanak::unknown::0015,135,230dcfc7e9f34f090c36aad4b90910b244570a94ac5b6df9d122a0940fc9c1f5,0.9999999403953552
489,ctid::carbanak::unknown::0016,148,34e429b33da8e26b24f6d8f083f57963b00fa3ccf67f011e2a75c8696471fcdf,0.9999999403953552
490,ctid::carbanak::unknown::0017,147,c7df086d86e23d70ce23fa53615e916b933d27249d14fbecb7c8fa897b1fc6aa,1.0
491,ctid::carbanak::unknown::0018,175,4084305cfc29c4549f5ff6c9a6ed4990ee9256582c568a448486f53217ac4379,0.9999999403953552
492,ctid::carbanak::unknown::0019,141,841dad13d0af98d9c32618adcece8ca1e9330eb71a7a211636df5c8dcf8be24d,1.0
493,ctid::carbanak::unknown::0020,138,4d882182ee17887ff4fe7ab595a3407720ec2cc6d8dee6040502b47f968c541d,1.0000001192092896
494,ctid::fin6::unknown::0001,67,a5e40079a97fead429bc6f49c179c6dea3d3ea8fc546a0e7c8dee7c90c525304,1.0
495,ctid::fin6::unknown::0002,88,ab1ff3c3a313d3fc5f2e85084ae7eff5f1b78d29336c7f3301b50663abe6b3b4,1.0
496,ctid::fin6::unknown::0003,129,0ac3f729235d4e7ece711cf44bf559b848b8f2a7c84a4b025c4b350a9bf56641,1.0
497,ctid::fin6::unknown::0004,126,1ad1e55494f906e62d8f3c1c2bd8a6f0103785ce158fab6508a7da8db52a1c8c,1.0
498,ctid::fin6::unknown::0005,148,7ea83c75b8710ef3dea537ca11083c5465a1a03711839a970246d6c66d395599,1.0
499,ctid::fin6::unknown::0006,108,b48ca959166ccf4df788711da382594bf0c83fb8da3944a9fcad5d05f789f547,1.0
500,ctid::fin6::unknown::0007,135,dbfb565703fbb694230946aaae960d83cc444a40b0780e5ab39db3556d7698b1,0.9999999403953552
501,ctid::fin6::unknown::0008,144,9a15466efc2bd8592629cf1d404629431a7305612eb2af81c9da13ed3ee78874,1.0
502,ctid::fin6::unknown::0009,125,fb1802d7fb3c3b73963723a55f29053ac2d0920c47866bb0f0409a70427731b9,0.9999999403953552
503,ctid::fin6::unknown::0010,159,996d89a22e14ab9f90d557742d83b77c994885b7a243a34c1fa52f86ef3ec338,1.0
504,ctid::fin6::unknown::0012,176,1dbfeeee5e8909064850cb23ced57da5510a74ffa1e47071a3472ecf9bb2d3b5,1.0
505,ctid::fin6::unknown::0013,182,a694bc18d4206ba0428411665169a3a2d7bac0a1cd681a45691acd85ee8971a8,0.9999998807907104
506,ctid::fin6::unknown::0014,195,23a8f38f14147b5d6137866d9e9855965ed13ca092a94391f70cc09ff2946ad9,0.9999999403953552
507,ctid::fin6::unknown::0015,221,76f3c83c929cbe5d6f0c328d8572b6866fe0c5ce1bddd55ef4e105547e61c75d,1.0000001192092896
508,ctid::fin6::unknown::0016,192,c97668abee59e88105752ace540ccbf49c1a34b079bf3cc9df18714d25f8798f,1.0000001192092896
509,ctid::fin6::unknown::0017,212,bbb74f7b75fb17976802df0f446169b2ad1bd0587ba6e50c43f1af71695b0849,0.9999999403953552
510,ctid::fin7::unknown::0001,100,7e399e061ec1ed50f0fb4dd869ea3c5d08a14f8159277ced4429d13ea9b5849f,1.0000001192092896
511,ctid::fin7::unknown::0002,95,6fcfb036b4dbdcca7e6b4c7bbdccb80eabd26fe090c06b01a29f061c73aee415,1.0
512,ctid::fin7::unknown::0003,106,0c540999f1afc88b42825b844861db49df539b1fe4dd6a4f75b3da50c29583ff,1.0
513,ctid::fin7::unknown::0004,74,a69dd7ff8b10ddc5bdd806a55c879125cfd98f859d34c62d61ac79b787e45af1,0.9999998807907104
514,ctid::fin7::unknown::0006,133,23e93a11ff764b8159b7eff73b382010b4fed1f6d24fb298ec1f800dc8e42708,1.0
515,ctid::fin7::unknown::0007,137,0a5f0d365650c8112fd754dbc79ad995b0fc840986d510989d067d4bf8e050da,1.0
516,ctid::fin7::unknown::0008,121,ea668ef121e0fccca8c38c5003182f7dbf9eefd870f32221c7137f477363bfae,0.9999997615814209
517,ctid::fin7::unknown::0009,113,25f082fac11d5aeb6b5c476ed885429bae7b4972d29c7d501b03107b1a19a887,1.0
518,ctid::menu_pass::unknown::0001,90,4100770bc55bfc87f3d91e94ae9034a0c2753b15a46fb90a5e82b10fcfb429ee,0.9999999403953552
519,ctid::menu_pass::unknown::0002,97,99451118c9a0b35b3bb715f04851eeea0cb2ce445cd3c855ab8cc502fcc48ac4,1.0
520,ctid::menu_pass::unknown::0003,87,6f5b838c6dd30a266cbddd51eac02bc4a7ef26681f112d7f07524fd81628c0ef,1.0000001192092896
521,ctid::menu_pass::unknown::0004,110,4b378797bd4f419f0faa35cc16988d73f33f6e996f4332a9c605dc2c20cc3eb8,0.9999999403953552
522,ctid::menu_pass::unknown::0005,105,4c9f29f305d261c857d2fe4fab5a148b236d73eea529c261c6bb9bb582c9c103,1.0
523,ctid::menu_pass::unknown::0006,132,87374b375238d016397076051f3459ecdac2246795ffc4f5cc37f7435030e68d,0.9999998807907104
524,ctid::menu_pass::unknown::0007,143,af1d44528e2b53f9c84ecafda1d944425273bb82537c614c8cb0280b24baf952,1.0000001192092896
525,ctid::menu_pass::unknown::0008,130,9110b873ccd40edc8cdf3d956651bc74438dc4a6de8a9f4757f5b70052ca9f05,1.0
526,ctid::menu_pass::unknown::0009,125,99aab513cebccef6fa391fbe86c8ebb7a5ae4e1e44988d7f0d109cdf4f15a2dd,1.0
527,ctid::menu_pass::unknown::0010,139,529f7cf2b4918953e113c4975f481f3bc08e1604fa4c6c9f9d3d95dd548e3cdc,0.9999999403953552
528,ctid::oilrig::unknown::0001,77,982e2e532ab8a5bb7c4b4bbe3f81200faeac28aff7313ae85591e7ccd3dfcbeb,1.0
529,ctid::oilrig::unknown::0002,108,68273b63a00c6244f09bc7f47b51a940ae071ecc396efbec51e2aa78d1e69aed,1.0
530,ctid::oilrig::unknown::0003,117,7ff97e79b68cf6dcdfea6e0bc50ba299a0dd55810ca510cf5662eab4051415ec,0.9999999403953552
531,ctid::oilrig::unknown::0004,77,d16d83cc474c12993ceffe0ffa6246d228dd38a4129820d4fd0c83436b2d02c6,0.9999998807907104
532,ctid::oilrig::unknown::0005,106,94669a1235974fb8a84aaa27a756dd88d1166e048e3fb1abd1d96cd3098ad60b,1.0
533,ctid::oilrig::unknown::0006,98,bf94a9219fed5e3c623bda831eea912f3de4e621b538286715c3123028094c0f,0.9999999403953552
534,ctid::oilrig::unknown::0007,118,a97fc7ffd5728924b35113b4f0b5868d7ab8a4aa20dc86a7d9ef7672c05cea8a,0.9999999403953552
535,ctid::oilrig::unknown::0008,102,22761e0885c409e13fa5aa4d4eebbe87e9800a93194739d950cebfd19e8d2cde,1.0000001192092896
536,ctid::oilrig::unknown::0009,133,eb229fd237a1e16c337bb759cbf8d3dc8f6fd81353b8ff315fc22e5ded960e08,0.9999998807907104
537,ctid::oilrig::unknown::0010,120,a3a9370540ddc2525f6d558ec1bcf7aaec96564f38339ad42ae058ce71008d83,1.0
538,ctid::oilrig::unknown::0011,95,acfab851d738cf8914aef914e45984b7356a66040ce5044a7eaad0866ad93d57,1.0
539,ctid::oilrig::unknown::0012,123,4c3c6cb62a7a78931642054a00ebed107a35c7674b26771374b0404c68082f52,1.0
540,ctid::oilrig::unknown::0013,127,6a5f2510ab9b80faf99ad2bef75ccb5b751db63febbf4cf2c1c304d5ba7e5206,1.0
541,ctid::oilrig::unknown::0014,113,c5642dcb3ed61e09852e673517cfa97616f0781b1641dac80c8213d286c0fad1,1.0000001192092896
542,ctid::oilrig::unknown::0015,120,196b5a8b431e32524304936ad652d00d9bece567fd055b68f0c091445136b230,1.0
543,ctid::oilrig::unknown::0016,129,dc27132e5d6cfe9d6d6aaad016093bc4a08c4b2ee5520cfbc1e23b82a19cc3dd,1.0
544,ctid::oilrig::unknown::0017,116,9577d8897d0b1dded14367e7d672898fc9bd032c588711dc688ef5da69451528,0.9999998807907104
545,ctid::oilrig::unknown::0018,123,c9880395760fa6596dc3c9c3ff4620a04faae258298e4fed3e5d50b55a361a76,0.9999998807907104
546,ctid::oilrig::unknown::0019,122,a0ca29add3bb349ca03ae692fb64aa372742497c4293edfeea437fb38df334ea,0.9999998211860657
547,ctid::oilrig::unknown::0020,135,649e663bd2a10189aff415b350dfad2925a7ad688c3479e207836c2642abd80e,1.0
548,ctid::oilrig::unknown::0021,131,fa95c238944fc57a6440ba05e2e07452d2ca65956b4f468fb3978386ca8ab5e2,1.0000001192092896
549,ctid::oilrig::unknown::0022,146,c20221991e631cd5ab6b2b756ad29836bd1006ab4a5130f7138bc395623dfabf,0.9999998211860657
550,ctid::oilrig::unknown::0023,138,d8e1b637482cd44f4e50a666f5026508af22ede53d77acf4d7925f48b9513b40,1.0
551,ctid::oilrig::unknown::0024,150,396dc03abc4543c386a41e33c3836a11b03201592d572e3350879e7157b96322,0.9999998807907104
552,ctid::oilrig::unknown::0025,206,39dd9c0f7c7e3338d4c2327cf9b3dbe3b303863da02d3ef011e500359735ba0e,0.9999999403953552
553,ctid::oilrig::unknown::0026,152,e97e7aeb21e8277b385d92620942749e38f2183b6f7a4132c88498ccd68a79e7,1.0000001192092896
554,ctid::oilrig::unknown::0027,213,651a5103c1bda6f5f13c451335f49322817a13641cbc2d0cd9c01284d76fabc4,0.9999999403953552
555,ctid::oilrig::unknown::0028,214,e4c1c716159e76ec46f273d63efc6278799f38cb55036ff236611866211d9bca,0.9999999403953552
556,ctid::oilrig::unknown::0029,135,56f81cdd6684a2086ee067d0fd3c6f71980b6914680ae569fc70563d412af87a,0.9999999403953552
557,ctid::oilrig::unknown::0030,177,43ccaf1c4b1ba0368973eac67be01faf7a28445328f91153d043723f1a7c8fe2,1.0
558,ctid::oilrig::unknown::0031,263,1faa3140e4f1e6f24255d213a5f1c1228d9dc196ba4c4d6fb8eb62d325b1d3ee,1.0
559,ctid::oilrig::unknown::0032,196,5b23eb806e2563a4571d17d28800a11129cbb75e469850ced834c540a447658f,1.0000001192092896
560,ctid::oilrig::unknown::0033,194,e0c38cff3f64fe91c37918253192ce870d479390a36f4182486316ed38906713,1.0
561,ctid::oilrig::unknown::0035,200,2e7f3104c975769a507434755ed23b0af4468f90ad9ea19c6d4903663f07d1d1,1.0
562,ctid::oilrig::unknown::0036,147,6ee289ff9c449903e8f1305f270480186715dc2c028e0adf5e0dabaaf7b8d279,1.0
563,ctid::sandworm::unknown::0001,91,cc407dfc3720768828edb077ff5bd5755baeb8d477068e74ad84a0bda54cbc81,1.0
564,ctid::sandworm::unknown::0002,90,0bbd1c4e2027913edf0701d2d36970e9196beab1b61f0e7e29e02c4e44051664,0.9999998807907104
565,ctid::sandworm::unknown::0003,114,6ba79ef1743c6eb1304e19672097c62ee78e3c2ebdb00326109707633e928bc3,1.0
566,ctid::sandworm::unknown::0004,105,fc3e82e5945d66367264315c98be007dd4353e0dd8bbf186e09d8343f2aac364,1.0
567,ctid::sandworm::unknown::0005,119,e8fa3b0d75d435a275025a2833f3767e6e6916c3244bb19e0ba24861c8c3736a,1.0
568,ctid::sandworm::unknown::0006,133,c800f92895c6f6cbe1d74aa169725d4a77d704ca9990d815ae3e9bd548dc1c07,0.9999999403953552
569,ctid::sandworm::unknown::0007,138,b0fc274fc3757251ddec2fee9d6faf6fa97d00f36c8522fe1f73a76f9baf8bb5,1.0
570,ctid::sandworm::unknown::0008,147,694ce1a8441982662ffdb4c3f7dfaff7db6c4f35c441156d0aafc8d2a8823b89,1.0000001192092896
571,ctid::sandworm::unknown::0009,168,e5625fffd994b19e5b43ad98f3b2c96672b307af9b33d2f3eb0dbe7ea73a94d5,0.9999998807907104
572,ctid::sandworm::unknown::0011,239,b6810fc84a5a019f2d797206f07a7cf2af97ac36e176ddc0779eab0a1f7aee66,0.9999999403953552
573,ctid::sandworm::unknown::0012,220,2b70f67622a3f4fd9b0628802936a2651b1eee84033591a22e01d1b3852083d4,1.0
574,ctid::sandworm::unknown::0013,201,0c99b13eef7cd958595da40748ab472c979e88d9118ec9e9a1a7f58e3c7420e1,1.0
575,ctid::sandworm::unknown::0014,142,7e718848078ea41ae7170dc5cfcbb9c2de4dffc6eee904b2840a8958a40a2e35,0.9999998807907104
576,ctid::sandworm::unknown::0015,179,19e50feec49fc67670c340de16b91becf6d7a3a1a2fdf787e59e92e5e798b4c8,1.0
577,ctid::sandworm::unknown::0016,182,b3522a80b9ee39c1b035479c12df7319fdcda86892102aadf42d802237383e04,0.9999998807907104
578,ctid::sandworm::unknown::0017,140,b26e05703309bcbd8c18c42f03370ca264742878bfc600b71d7202f2369cf9f9,1.0000001192092896
579,ctid::sandworm::unknown::0018,203,e86170f5ddb60b87a59927cd6af71883ee702f8cebc857ecbe5dc595872da6f0,1.0
580,ctid::sandworm::unknown::0019,178,2e4042ae66b5b2d61bc282bcf67525fa6b9bad8c2a9e53e8ede0c186e9968408,0.9999999403953552
581,ctid::sandworm::unknown::0020,143,1333fe296bba285255ef083a4618d488d78da821b2e8173067555448048c6487,1.0
582,ctid::sandworm::unknown::0021,191,a55dc9e6b47fbece7a7928e5ce98d95de0b62ec32ee7fd1d4cc6a19f885de2aa,1.0
583,ctid::sandworm::unknown::0022,153,1013ebceb9fceb8ea068040ce8e4e1b6c21acc92fdd4a9330de6021bae96fee5,0.9999999403953552
584,ctid::sandworm::unknown::0023,180,9d07129f127fd1d9010651f9842e0703a9d57132de3463b80925a27b05796479,1.0000001192092896
585,ctid::sandworm::unknown::0024,186,3ce951c13ef44e7eb0306dbaaf542769c615b1b2e0ffa26ddf6a147ae1820d5d,1.0
586,ctid::sandworm::unknown::0025,166,76054fbd31e2309317732003de6717278a37023028a5995de3732a845de1bd27,1.0
587,ctid::sandworm::unknown::0026,183,e90287f724db9afec7e628f9a8f2ef261e29a73ccbee089faf7d47f85f067d46,1.0
588,ctid::sandworm::unknown::0027,129,b9b11cd14e2d74a1c6bb7996168ff1758c95a4be3edf66c2ca514282a86c3545,1.0
589,ctid::sandworm::unknown::0028,155,adbdaac740edb7c5cc706ef8f476e25f76f075bcb448c6f96eaaf4f257c9711b,1.0
590,ctid::sandworm::unknown::0029,164,4b19d3f223bff8db482b38bb0a725e8bba0f6f3bbcc1beea5a3b699d4f94c2be,0.9999998807907104
591,ctid::sandworm::unknown::0030,164,41f4611fda32ab2980390cba9a2453b46b5fda5d7ccc886644acfcb739a5ba03,1.0
592,ctid::sandworm::unknown::0031,142,8ee4b8cc5e0ea0831266da4c7f8043ba6b64faadd1864cfb73708b86c1124990,1.0
593,ctid::sandworm::unknown::0032,156,fff83e232bfef03c6196c26c351e3fe6f540cecd52024d4ab213cd8dc1a227c3,0.9999998807907104
594,ctid::turla_carbon::unknown::0001,86,450899eff4b9677c1d766aedd927bd769631fa124f30c147aca9bb94e80fa590,1.0
595,ctid::turla_carbon::unknown::0002,85,6612be31598e31491dc220d9235817a4593988fff4e66622dde724249c501bdb,1.0
596,ctid::turla_carbon::unknown::0003,100,8186a2cc8356e286831fe5ddf15630faa1bf729725ea118fc301a02bd868a1b1,1.0
597,ctid::turla_carbon::unknown::0004,103,4ff4d830a2d07ed54dc9e671e4b1b63769fbb193a963d19d912022388b9a7c8b,0.9999999403953552
598,ctid::turla_carbon::unknown::0005,110,6ff7c2d2855e074e729d94c48e57007527ed167c3b9facfbe82454b0803afc28,0.9999998807907104
599,ctid::turla_carbon::unknown::0006,155,98dcf377f66d9c7c72b6b7d4d5269f7a530840c8c45fe37a9fd2f596b0df78fe,0.9999999403953552
600,ctid::turla_carbon::unknown::0007,127,41bbaf7f73ec008911bbb6adf46cf34ba7ecd722ec287331721f94610839be93,0.9999999403953552
601,ctid::turla_carbon::unknown::0008,129,6ece2708df3febcde613fbb6563e2506000b32b925c36c471c73f706437ede2a,1.0000001192092896
602,ctid::turla_carbon::unknown::0009,161,ea5affb09ed8cb33f6b0bcf7c292ad8a0e07b479a1659b1987fa2335823a4e71,0.9999999403953552
603,ctid::turla_carbon::unknown::0010,179,d222d794475f38a752f48b0ebfdcd92d0d28f9c5c1da3bec61210ca9ab9d2d70,1.0
604,ctid::turla_carbon::unknown::0011,143,0f4ece1b97bed7f8afcb95cb1f067fa4b24ec0a8f5601c605fbe0c2337656c91,1.0
605,ctid::turla_carbon::unknown::0012,163,9cbcad77655450dceca12b7c97134961b6133f1004b9ff62aecf6d25143ee2e9,0.9999999403953552
606,ctid::turla_carbon::unknown::0013,134,8e7df0a530dbbefe06fcc586cb81e712c358b9851e52a35584628d779f9be22c,0.9999999403953552
607,ctid::turla_carbon::unknown::0014,151,dfccec96c9ed43ad36158d51f9183a80995081dddd3670d058bd6804aecf35ce,1.0
608,ctid::turla_carbon::unknown::0015,171,dfa1d07f64ec15a0bf2c86235a225d6a3d77e24eac7d46ff76d4a54eaa0d647b,1.0
609,ctid::turla_carbon::unknown::0016,174,dbc6480b45c62731afd83c7dcbe1f7958a6b48ebb7a440488cf4295856d5a65b,1.0
610,ctid::turla_carbon::unknown::0017,164,95a1fb5ef7d6f63f3c1260720b1239a36005e05f131ed3f731fb8dcde9556428,0.9999998807907104
611,ctid::turla_carbon::unknown::0018,167,7e58c8cd308059450d5c4bfe8d07f8c8f01981ddcf11fea5d77fe118907f855e,0.9999999403953552
612,ctid::turla_carbon::unknown::0019,176,a8c1a7bfd382cbb1548b3f27c507293c026ecab2cb13f3e8de910829b590bd1c,0.9999999403953552
613,ctid::turla_carbon::unknown::0020,157,5668d193b51c6dc9b56d760788a4ffc9db0558d97fce75470d33721433f11fd7,1.0
614,ctid::turla_carbon::unknown::0021,157,7faa10f3f0e80993d218e53c4aa848f6ed633be569c3f31e076c31e8631694c5,1.0
615,ctid::turla_carbon::unknown::0022,146,310f827264b2f004c049a723abd14f627eb21c28540c30502a1863bba82e88da,1.0
616,ctid::turla_carbon::unknown::0023,174,8e59add9834f37055c277a867296da18b153c0be80fb688c43fe400466b130e0,1.0000001192092896
617,ctid::turla_snake::unknown::0001,112,8be59440a336fdb05681e70e4b610512996ba3dc2593f68df902723db72d0c86,1.0
618,ctid::turla_snake::unknown::0002,105,0fe7e82fc6518c681d49a996bded25be61a48cee0809fd0cd83d89168f030b9c,0.9999998807907104
619,ctid::turla_snake::unknown::0003,125,38f6e32999041a7fcbc794e723e19272097492930c29a084b27a296e416a73bf,1.0000001192092896
620,ctid::turla_snake::unknown::0004,103,a3083035b2e22569303716532370f2fda0287cc65663f02efffff3d220915988,0.9999999403953552
621,ctid::turla_snake::unknown::0005,121,847c8ad6f1ff0f2bf5e8ead9b29c7dccb6948e9a4e7c6a911241fd95394a6c55,1.0
622,ctid::turla_snake::unknown::0006,117,8cb6a6d59e524d1b9d2768a10009372444c4877bdbdc956e70ebdb6c3c7b96f6,1.0
623,ctid::turla_snake::unknown::0007,120,78a84107e9ccd5d267b9ff87599101c9d1e24cbbe0882782a23493693c12706c,1.0000001192092896
624,ctid::turla_snake::unknown::0008,125,f97718eb449a536e14a2c7ce15592a3581704467675da0912941366ad50c8510,0.9999999403953552
625,ctid::turla_snake::unknown::0009,128,47e88965903640c6561e83e1cfda114b254c7de5dc85ba5e1be831aac9507bbb,1.0
626,ctid::turla_snake::unknown::0010,144,74bae7a32503adad4d95bda506706d4c72c3e534fa943df010ec1b7557d40767,0.9999999403953552
627,ctid::turla_snake::unknown::0011,124,d0a471ae2bddd77ed9ea219b4d51208a8254f0ffeec329fdc8f7d9790a3e9c28,1.0
628,ctid::turla_snake::unknown::0013,139,1a718da0dee7d67e2c31d3cf83d6dd3f3cdaef82547e70d6f5917653dab663f8,1.0000001192092896
629,ctid::turla_snake::unknown::0014,129,3d3ee24a0ee606a8ae40eec3c5a27a66717da02ec406afb41e5b9cf892e1af68,0.9999998211860657
630,ctid::turla_snake::unknown::0015,132,ebfa7fe9f4d72fdf05e60d276ec54bbf45659e38f3e53e56ab33fd5ef3acf77d,1.0
631,ctid::turla_snake::unknown::0016,123,5d17394970ea5dcffaa090484822bb34ce6f5340242623d41a36e00b19817421,1.0000001192092896
632,ctid::turla_snake::unknown::0017,142,47c111f301659e6d7bc3432db507d5927029cd8f6411b4f95d7073991b7067bf,0.9999999403953552
633,ctid::turla_snake::unknown::0018,127,5a4ee9c0163d243a9d667445c8d8f9bab277ce4141cf36bb980cc638c7bddf34,1.0000001192092896
634,ctid::turla_snake::unknown::0019,118,1dc218fd6b6598556446e7eb05ef0b9d6de765418c03198ffbe2e6eccccf3543,1.0000001192092896
635,ctid::turla_snake::unknown::0020,141,f5e08d0321f02eacc75363effe8568861d07077c84ddd29358ea85667c9bf46a,1.0
636,ctid::turla_snake::unknown::0021,167,95a5c913b128269c98288b013744633ae2dc830456e1a72c052ddff3ec40cc30,0.9999999403953552
637,ctid::turla_snake::unknown::0022,173,d24e23bbac784a73a54a32f5ecd245f7d06a3cd1182180b88adbe8dfc872685b,0.9999998807907104
638,ctid::turla_snake::unknown::0023,170,435bf63457915bdd4dce13e26fab499ab8a211e2e9d01082a38e719a986e19ab,1.0
639,ctid::turla_snake::unknown::0024,124,18e36d658aa6137c5aef0a65f8f6f3d0b515c231721e0ceb6b54d35620635419,1.0000001192092896
640,ctid::turla_snake::unknown::0025,194,ca33c9df6bd515ce163cd16a67ac1847721ab8f962f439989727d6f039cd02ff,0.9999998807907104
641,ctid::turla_snake::unknown::0026,133,79a496e5cf03b6b13a7972578d05b4acead0f57311bb8a0c796081a858d9786e,1.0
642,ctid::turla_snake::unknown::0027,177,e8a3c9c08c046bc60fef5429f95bc721871560fe6f9d4509cf01f657666f8d86,0.9999999403953552
643,ctid::wizard_spider::unknown::0001,92,5a2635cd8d2d02708ce8e94b708930bf651cd4487fb67a5b8a08bb1f48cedf8a,0.9999998211860657
644,ctid::wizard_spider::unknown::0002,101,9125d93f539718ec8954e2fc40fe45bc3b7de5add8e25b387e1bc02b73ce606d,1.0
645,ctid::wizard_spider::unknown::0003,104,70f80573b2f1dea715d8f643b5c0c7ed99e1bebe3823d739505758ae29f4cd57,0.9999998211860657
646,ctid::wizard_spider::unknown::0004,108,5ed6b42df94144f7bc701f86bd90f455b4bfed16f1c3eea39a9f8844feb2399d,1.0
647,ctid::wizard_spider::unknown::0005,115,90b01abef2565b13aa6889fe89ebcca2612113f0c8bd3a28b695ba9d196f8d63,1.0
648,ctid::wizard_spider::unknown::0006,113,cdc107a70e839d2db8aac3a6f4c98cc684ee3160f98cd124609c450e840b0b14,0.9999999403953552
649,ctid::wizard_spider::unknown::0007,127,e35ef395cde4a23125f89582023918911d9abd06b2f57985106ec29296a78738,1.0
650,ctid::wizard_spider::unknown::0008,133,5375065bee08d8218687f536bdebb5791eb8d829d28a88013288deb94530ccfe,1.0
651,ctid::wizard_spider::unknown::0009,163,bf38a10d14f6dc84188d221a444a4602fe888ac62742434d18d518d308376ac0,0.9999998807907104
652,ctid::wizard_spider::unknown::0010,140,5a5d1c531f1989233c30c21b6c0d308d7c066691d021ec8712e35d8842d718ef,0.9999999403953552
653,ctid::wizard_spider::unknown::0011,159,3de1b6d483818565a2c39d63695e20bd5988d66b34a8d2eeab636357854ef1e2,1.0
654,ctid::wizard_spider::unknown::0012,154,d958954948ee84d68d9cb528cfb1cb79efc9910abfdc963ac79097fa6b33e0f0,0.9999999403953552
655,ctid::wizard_spider::unknown::0013,147,2987d232972eb19da274d2d287d779c0572dd2122883f0c04c1fcfac4b3bdff2,1.0
656,ctid::wizard_spider::unknown::0014,138,dddf0a3251628df9cecac9848b45a91226072a8a7a06c74846af56401f5f9ba1,1.0
657,ctid::wizard_spider::unknown::0015,143,92413499506967a0baa15440dab55756b19d956d706a0aafe6fbcac5928f5991,1.0
658,ctid::wizard_spider::unknown::0016,150,54c630a743b4246c02f50cbdf923580163542131326e83db0f80c824a8e7ad86,1.0
659,ctid::wizard_spider::unknown::0017,138,96b5f5734eb796c19e873e378c34a51cb274dcbe47cc4864482ca8a599b6d1c7,1.0
660,ctid::wizard_spider::unknown::0019,146,713dc8b0f47c0a608c339a05d90c20ec35de13fbd84b0456d52f33538aa7dda6,1.0000001192092896
661,ctid::wizard_spider::unknown::0020,142,78964ecd397dd149ff94b90a28684d7c1ebf4fc529e672035a63ac6edbf840ed,1.0000001192092896
662,ctid::wizard_spider::unknown::0021,191,6415cfa6751af44a1fc99b813a09a98d9672f7b893ee4046d9ceab990adcafff,1.0
663,ctid::wizard_spider::unknown::0022,166,5ab8431ac9b443f010b74a89a6a51cd4a81028d3d4552418d9ae9e1a15733602,1.0
664,ctid::wizard_spider::unknown::0023,150,c82988ff7a8bc60a2143e72d34fd0886f3637c58e8ac3490770d2ca0470e4d46,1.0
665,ctid::wizard_spider::unknown::0024,120,987c7beca91e3f8c006f616848755dd1f693528707f15c10994137cdd1fe3275,1.0
666,ctid::wizard_spider::unknown::0025,130,a6eb60d902f51481cf5fdd262ea5e509b535b23c79090b01df947a5cad82933a,1.0
667,ctid::wizard_spider::unknown::0026,175,a0bb92e45c0f793f91672ee6099a9056615b0b39f48ba602beae911b8cbf46b6,1.0
668,ctid::wizard_spider::unknown::0027,157,e2ab7b6c1a7cfe828ce6aba17490676668bd01793279f79ea4c9c76a166dfbae,1.0
669,ctid::wizard_spider::unknown::0028,163,099db1465636c363cab9402d477f9854cc5bdc362132007c67bf2151634684cf,1.0
670,ctid::wizard_spider::unknown::0029,137,f964a15f781d89d021ea20c71570283036d557f8d647d1ecf72787c1703d2cce,1.0000001192092896
671,ctid::wizard_spider::unknown::0030,140,1d237fc54d963171f2c3e723b0a83210240cb2c73a5a77c897883fb5879bd6b9,1.0
672,ctid::wizard_spider::unknown::0031,153,7135978e25558525a813d1f98f06aefb03a2bd2b3d775abe97471d3c2db6b16b,1.0
673,ctid::wizard_spider::unknown::0032,155,beea0927c3cfc798d35709d02ccc09fbd703d78cee3e93856105517e7632fa9f,1.0
674,ctid::wizard_spider::unknown::0033,140,dba71df4b3e6036f159d081734b5d2c17e39aaea9eb7abf11a7cd6bb0fdc7c56,1.0
675,stockpile::01c96671-afd3-47d4-8d31-8c116cc0221a::0001,112,e4c38301d345c1b1ef2f70a4aee134c14a69ca6d8163daafed47f63c8d6acfa6,1.0
676,stockpile::01c96671-afd3-47d4-8d31-8c116cc0221a::0002,86,c8cc136a2d7b19d374f97b0782a16912db84d3e0eb11aae967317a41d7d86cfc,1.0
677,stockpile::01d77744-2515-401a-a497-d9f7241aac3c::0001,78,4b29759e0b8f8720326f1b727b8f1048f2b9910a863576442582ab94700d3470,1.0
678,stockpile::01d77744-2515-401a-a497-d9f7241aac3c::0002,87,43e9ad00cce9cc0d1cfd54b0c895eb48768ba744fb4246dba49d9f63c2c7acfa,1.0
679,stockpile::01d77744-2515-401a-a497-d9f7241aac3c::0003,89,174499e220b29abfb7f5b54ab330dde01cc15e2027c4cf91d9ca48d400eab47f,1.0
680,stockpile::01d77744-2515-401a-a497-d9f7241aac3c::0004,97,76c16af6d6449bb9195100cbdc4a8820a244528fad3fd354f8199c36b9811520,1.0000001192092896
681,stockpile::01d77744-2515-401a-a497-d9f7241aac3c::0005,112,8449ee7265bc4901ea35d20c897edab3ed74a81d319e567f4c9873e71d3ea3aa,1.0
682,stockpile::01d77744-2515-401a-a497-d9f7241aac3c::0006,85,9c4a961c140ecf9d3e7726a4613629f5ce31d13242078b70432cfa397d6351ea,1.0
683,stockpile::09ad625e-6cba-490f-afe3-5417e7edb9c6::0001,113,81789aad27a12aa82299684c7e928fc5e6e47cd69a8b61b9707cb8249bf3d7d5,1.0
684,stockpile::09ad625e-6cba-490f-afe3-5417e7edb9c6::0002,96,985e881236cf0a8093af4426f718d2230ab393e306907d2a87bac9dc2eeac4a8,1.0000001192092896
685,stockpile::0b5636cf-f019-4ec9-aa7c-6e4f55505374::0001,90,2eff7609fc76cf22ffc90e8350e77799ef6be7a183c9b6faccabe65c29e2addf,0.9999998807907104
686,stockpile::0b5636cf-f019-4ec9-aa7c-6e4f55505374::0002,84,14002272ec8732d9a50ead3c3b8533907ded4b5a695f8c202f38c1b2606207da,0.9999998807907104
687,stockpile::0b5636cf-f019-4ec9-aa7c-6e4f55505374::0003,94,18716681abe01048631c23cb97053a8f0237a61d5a8a019ebd5b4bbe69c2819c,0.9999999403953552
688,stockpile::0b5636cf-f019-4ec9-aa7c-6e4f55505374::0004,105,47adf276c8772953524d05c18fb73156f38983d795f388d3a2ad71f99067622d,0.9999998211860657
689,stockpile::0b73bf34-fc5b-48f7-9194-dce993b915b1::0001,62,9339e02e2dbcc1d6a95762699b388f29b63309ada2474a14372c60c9357232a3,1.0
690,stockpile::0b73bf34-fc5b-48f7-9194-dce993b915b1::0002,80,d8669ebd112aced079ef8d66cafb0c683031492ad3b851ce7c867d9a6f30e54f,0.9999998211860657
691,stockpile::0f4c3c67-845e-49a0-927e-90ed33c044e0::0001,74,b0756bb6fea90b4773263aa292e101e1eb694385d54623cdc663181d2bf5b6ba,1.0000001192092896
692,stockpile::0f4c3c67-845e-49a0-927e-90ed33c044e0::0002,86,cf219a60ea4dac8076b11bd923dc448cd2e87b9a918a2943c6a26ee4a9dea472,0.9999999403953552
693,stockpile::0f4c3c67-845e-49a0-927e-90ed33c044e0::0003,68,5ca3a3e703276495fbc78d4d89e9224cfe5981b9d9fc6c95ecaf8ec82ee28209,1.0
694,stockpile::0f4c3c67-845e-49a0-927e-90ed33c044e0::0004,84,d578794c5f86a448eeed4a57e41ba2401f37bbece5b896e25d05bfd22e407a64,0.9999999403953552
695,stockpile::0f4c3c67-845e-49a0-927e-90ed33c044e0::0005,95,01c1513a24db152ad80a82f3eb8e361d08cd644e348136f1e59cbe8dbabdb04f,1.0
696,stockpile::0f4c3c67-845e-49a0-927e-90ed33c044e0::0006,108,8d974f0ac9b6a337fb19b8de103edead57121b466093f27bcbdea5b1a85ece73,0.9999998807907104
697,stockpile::0f4c3c67-845e-49a0-927e-90ed33c044e0::0007,81,8fd60585c1a20d60d8c535f4346283baf34b5fd8c58f5a8e74fe081bf06be4e9,0.9999999403953552
698,stockpile::0f4c3c67-845e-49a0-927e-90ed33c044e0::0008,126,9c14ce8fddac94e6420428e66a743cd8592d442dbec4c14f8651fb3ab9d2c776,1.0
699,stockpile::0f4c3c67-845e-49a0-927e-90ed33c044e0::0009,119,238615b0827c997d26a5e2a09f4a37d99cedab351363770129e53589a4a5528c,1.0
700,stockpile::0f4c3c67-845e-49a0-927e-90ed33c044e0::0010,124,47f811db1da71a168d9c00b3d0c077ba0b1c21551a3f62f2b22691c14d3c3c5e,1.0
701,stockpile::0f4c3c67-845e-49a0-927e-90ed33c044e0::0011,118,92ff44b9159d02b8caa012f8524500f7dfab21362c43f34281e7dda32016524d,1.0000001192092896
702,stockpile::1a98b8e6-18ce-4617-8cc5-e65a1a9d490e::0001,75,ed8d5bffbdc603af89fd16078a5bd11713abcf9a2a7c89d148baa575edf3e477,0.9999999403953552
703,stockpile::1a98b8e6-18ce-4617-8cc5-e65a1a9d490e::0002,82,2a3e7217dddd985d840c00a8c5a79866aae1876e068f320e52699318f7ac654a,0.9999999403953552
704,stockpile::1a98b8e6-18ce-4617-8cc5-e65a1a9d490e::0003,105,06645f1ce91d56defda44cf8e15e543c832d3893db796a0c421b9ddfe5d9a661,0.9999999403953552
705,stockpile::1a98b8e6-18ce-4617-8cc5-e65a1a9d490e::0004,79,b2b253c6d89d01a607c6b787ad8a7a5edb84fb34f9feb94843c411ff70fbd343,1.0
706,stockpile::1bac97ca-77fc-4c9a-835e-4de1b1b7f639::0001,91,d421c4afe44fceebfe78d202bf4780c739eb7caa79433254eb3114315120dd13,1.000000238418579
707,stockpile::1bac97ca-77fc-4c9a-835e-4de1b1b7f639::0002,86,da4ea6e63d79e64c8638ffd377f3b8264a5f875243985965ea818a0b5a22f7d3,1.0
708,stockpile::4c28c132-d7d7-4a04-8908-d643b7cb1d58::0001,83,a8fe980973490726bc9856f6628a8c526bc899f2fb9f6b4139695baef7d06288,1.0000001192092896
709,stockpile::50855e29-3b4e-4562-aa55-b3d7f93c26b8::0001,84,bb06bf4dc5c21d522dbda90268587c25cccb9305a9bf3b104bef596373f73728,0.9999999403953552
710,stockpile::50855e29-3b4e-4562-aa55-b3d7f93c26b8::0002,95,95d47fc3051b484eee6c82c5e24b3dc24d20d580004e32a0119bd3d644d53b33,0.9999999403953552
711,stockpile::50855e29-3b4e-4562-aa55-b3d7f93c26b8::0003,106,0574d3441cc0fe8a240604a13b5fe133f8faed889568915b402f21c02f5ceeb9,1.0
712,stockpile::50855e29-3b4e-4562-aa55-b3d7f93c26b8::0004,110,f8765c703ffc265d611ff19004bd643b85503758035df20acabf96af8595c2f7,0.9999998211860657
713,stockpile::50855e29-3b4e-4562-aa55-b3d7f93c26b8::0005,116,b52e43ca0c0ea622b3549afb45f10e630c51e971d354ed1cc9802a3217ce4164,1.0
714,stockpile::50855e29-3b4e-4562-aa55-b3d7f93c26b8::0006,127,9575652a9553cf177ac51664ae8a3e4411305050cbf16a8f0329c490bbe6845f,0.9999998807907104
715,stockpile::50855e29-3b4e-4562-aa55-b3d7f93c26b8::0007,112,266e88f3ead48fc00842965a74dfdf496857ee51617ab6f79dfad9d07d698c07,1.0000001192092896
716,stockpile::564ae20d-778d-4965-93dc-b523be2e2ab4::0001,92,5a15ba7b5329c763c3a07430456d9a401a0597051a73e03847e4a6e9cb30cf51,0.9999999403953552
717,stockpile::564ae20d-778d-4965-93dc-b523be2e2ab4::0002,107,a5860b944f12e9d4ee00a08aec925f3fd5b0c57d4c48f7f813374295a3a68f1b,1.0
718,stockpile::564ae20d-778d-4965-93dc-b523be2e2ab4::0003,90,5694f0e18bc1d499056ed65432fde1da7468c03b4f13e293d3b71771efb98cf7,1.0
719,stockpile::564ae20d-778d-4965-93dc-b523be2e2ab4::0004,129,d042b35d1dde511dcd44d58c5292b11b25f87ca8c8388b78f9b8a77cdc190328,0.9999998807907104
720,stockpile::564ae20d-778d-4965-93dc-b523be2e2ab4::0005,109,b8372258fe81b6a57c706b8be6db7942f0e7c3cc7f57e0be56bc1b611610140a,0.9999998807907104
721,stockpile::564ae20d-778d-4965-93dc-b523be2e2ab4::0006,119,e7b8df62a522758f462e1ae72545bbcb1793469af62da8158cffc1b933f651b3,1.0000001192092896
722,stockpile::564ae20d-778d-4965-93dc-b523be2e2ab4::0007,109,18190d47c4d8c9df4758ac3d75dbf23ebb89be15ec5aa53f9f2002f9e96becc0,0.9999998807907104
723,stockpile::564ae20d-778d-4965-93dc-b523be2e2ab4::0008,120,76856a3783552127c3e6bb6f6b044af7f0ae9abd129bcc59c8ce510be50249ed,1.0
724,stockpile::564ae20d-778d-4965-93dc-b523be2e2ab4::0009,104,302651b5e7947210060f00dca4f1ccd941dc00191044e152ebdd0d02f7fe71b6,0.9999999403953552
725,stockpile::564ae20d-778d-4965-93dc-b523be2e2ab4::0010,111,2fae0f495b6a50e016d5dbecd47422a46773f41f6de8b6e01e5a13e966c5e0f3,0.9999998807907104
726,stockpile::564ae20d-778d-4965-93dc-b523be2e2ab4::0011,122,f634a4a0b29fa5df703f87adb75e9c121bf8a9e48b2bab0a7ca74ba9bd072ffe,1.0
727,stockpile::564ae20d-778d-4965-93dc-b523be2e2ab4::0013,129,18aa35475e0b927cfee3ef250b120e9cfa609ea9c3db32760733fc5553791ea0,1.0
728,stockpile::564ae20d-778d-4965-93dc-b523be2e2ab4::0014,138,120013a9ddb9560ef8101f911156b19499f260aabcb5e401be2b4c5ace3b5144,1.0
729,stockpile::5d3e170e-f1b8-49f9-9ee1-c51605552a08::0001,82,440ce13c5a8110a7ad09b2f670d85e3acac18883e3fd46c450f6248211284a2e,0.9999998807907104
730,stockpile::5d3e170e-f1b8-49f9-9ee1-c51605552a08::0002,90,b91be50c787f6693b43fd1b3b96dfa959ba07e9815ccd99ed6e26e555d756761,1.0000001192092896
731,stockpile::725226e0-45b8-4432-84ee-144d3f37ff8d::0001,80,aa2b50681f1511403b6f6e10e83672f97d35f869a2d661a5e263169a25a94f4d,1.0
732,stockpile::725226e0-45b8-4432-84ee-144d3f37ff8d::0002,85,d4fb22266b847b1a629d20bb39c1d944b541298ef821e2053fe0217a1547f936,1.0
733,stockpile::725226e0-45b8-4432-84ee-144d3f37ff8d::0003,103,136fff3cf0116ab943280afaa3860325d98719fba49942406e643864f4474d08,1.0000001192092896
734,stockpile::78e7504d-968f-477d-8806-4d6c04b94431::0001,95,1b57e34366acfb0cafe421c14a5d988da3b91b3ff511dd74fbf5a7496534a045,1.0
735,stockpile::78e7504d-968f-477d-8806-4d6c04b94431::0002,92,f446f6cf291763ced08c53bd24f2232b71c4a481369e97bb7cf5cce862aec762,1.000000238418579
736,stockpile::78e7504d-968f-477d-8806-4d6c04b94431::0003,71,da7843fc0d5adbfd55a9963bce5d85be8cd4cedeccb9836338bb96550518fd52,1.0
737,stockpile::78e7504d-968f-477d-8806-4d6c04b94431::0004,108,1f8bbdf3ec09d0df2cac705c0b9f41f2f157faecc2c131d499cf615ada6d65a6,1.0
738,stockpile::78e7504d-968f-477d-8806-4d6c04b94431::0005,98,9042132787c6ff8b27e6e52f4d022beaa846df73259e9d16cfa2780a3ffb477a,1.0
739,stockpile::78e7504d-968f-477d-8806-4d6c04b94431::0006,115,e9b4358e0d80a40de6d901c829c29b9e233eb1d4aaf9a4a99af91b7001873936,1.0000001192092896
740,stockpile::78e7504d-968f-477d-8806-4d6c04b94431::0007,98,2b35d2550a583f0f974fff687c37e5e4168d0f43ada10d508544086e41b70f79,0.9999999403953552
741,stockpile::78e7504d-968f-477d-8806-4d6c04b94431::0008,150,dc24086ca8427c032ac3cbe890e9971e49953f80817c86b6d8a56812bbf1d78f,1.0
742,stockpile::78e7504d-968f-477d-8806-4d6c04b94431::0010,131,dbc6924d3b9a79f60ffc70f39a460a501c525c0687eab7b6ee2eb27853cfc1d0,0.9999998807907104
743,stockpile::78e7504d-968f-477d-8806-4d6c04b94431::0011,149,83ccaace535a0689a603728528542fd294d5cee9d104c5cd366358662a64c809,1.0000001192092896
744,stockpile::78e7504d-968f-477d-8806-4d6c04b94431::0012,143,b4ea4c6cceffb17bb557590ddedee75bf30e27cf06f894cad21c5a962eb93041,1.0
745,stockpile::bcdbf6b9-14c5-495c-be84-37bce32c312b::0001,101,4685b884843b116fe8e1d3eec4f1259c1f3de93c185ee9ed631d3f94daa7c351,1.0
746,stockpile::bcdbf6b9-14c5-495c-be84-37bce32c312b::0002,87,574ae6c43bcd063e24faa6b2395f6e7e49ac0529340d18b8ba9738d2ee1e9a36,0.9999999403953552
747,stockpile::c220a8e6-609c-4d5b-9e1c-068ca01c2eec::0002,95,731f70db335803523c3419a6c588e7f38c028a99ed4019af76b1bf913edd038f,0.9999999403953552
748,stockpile::c724545d-a4cc-492e-8075-2ab9a699c847::0001,103,cfc8d6f05acbc9d26f33aeafcd2ea21792812a9f8dc28768d1d072f069dcea52,0.9999999403953552
749,stockpile::c724545d-a4cc-492e-8075-2ab9a699c847::0002,87,0a5324ed8331abdda741a130b56b13cf3ae3bea96ceef615647cde30ee1a9641,0.9999998807907104
750,stockpile::d6ea4c1e-7959-4eb1-a292-b6fd2b06c73e::0001,81,882b55b62b8905e6fe892240712686b76f79c1d87b2c31427073de4021b7f79f,1.0
751,stockpile::d6ea4c1e-7959-4eb1-a292-b6fd2b06c73e::0002,97,40de5df231c45a86845621d5ee4c353eb87e3f0b4accf59e5bdc00d841a4bca3,1.0
752,stockpile::d6ea4c1e-7959-4eb1-a292-b6fd2b06c73e::0004,129,b0286f2219265bae5504a208416314baa507d18303b5d506ea721ed683ce65f5,1.0
753,stockpile::dbd49a4a-ba2d-40d0-9348-2db24fc4b0b6::0002,82,1efabffc3b5a9dd36abd7ef56bf782c05fde7ba869060a3ddd83913570ea2b5f,0.9999999403953552
754,stockpile::ddbd1850-5fd7-41d5-a7a1-1b15dac49090::0001,81,8b4c42f4b0325a237b75f689e96b59f6c3849ef15cb53c81fad139e179a1eea6,1.0
755,stockpile::ddbd1850-5fd7-41d5-a7a1-1b15dac49090::0002,84,14002272ec8732d9a50ead3c3b8533907ded4b5a695f8c202f38c1b2606207da,0.9999998807907104
756,stockpile::ddbd1850-5fd7-41d5-a7a1-1b15dac49090::0003,97,cfa65efb9f1894edc2462e79ecf05dd6b60b11293cf344dcb08bdee82de59d62,0.9999999403953552
757,stockpile::de07f52d-9928-4071-9142-cb1d3bd851e8::0001,67,39bd67d5132bf29c2f058878be61d14d529dd92f4807cf3716e4684c1692a68a,1.0
758,stockpile::de07f52d-9928-4071-9142-cb1d3bd851e8::0003,68,bd796b6669d4155a8f9ff6c1c9d39053ced7946f94dc9938e4cd001b9875c774,1.0
759,stockpile::de07f52d-9928-4071-9142-cb1d3bd851e8::0004,107,d2fb1b31d9d4120a9fc5e94a1f92503fab21445c6c4c75e2e58158f87d437584,1.0
760,stockpile::de07f52d-9928-4071-9142-cb1d3bd851e8::0005,111,0f634f5fa02b1f2bdaff2308e4d0d6f4d2767a66245f99f7c58060e376ae417f,1.0
761,stockpile::de07f52d-9928-4071-9142-cb1d3bd851e8::0006,96,3b9ebd751ebd92e65253fd3d0d7ed6d46ed2b7326f7ed073c0d9dc3b59a38bc6,1.0
762,stockpile::de07f52d-9928-4071-9142-cb1d3bd851e8::0007,107,5a367112b84b20418c8071c7068c551060edf656869cc095834d8183ea0aa70c,0.9999999403953552
763,stockpile::de07f52d-9928-4071-9142-cb1d3bd851e8::0008,98,21c43bb8e99a95c849cfb7ed69f18ce051d7e48c7917aeac9dcfafc900efad6a,0.9999997615814209
764,stockpile::de07f52d-9928-4071-9142-cb1d3bd851e8::0009,106,f05417cbd084b937b4380480fa9955fb1d9d0f77800e504e4c0dc00a015ae48c,1.0
765,stockpile::de07f52d-9928-4071-9142-cb1d3bd851e8::0010,131,8ae1d15070dbb7421a2918585a94e779d474729b5e9fb9453d2c0334def7f11f,0.9999998807907104
766,stockpile::de07f52d-9928-4071-9142-cb1d3bd851e8::0011,134,6ca9b9f61d40ef9a6bf89145c53a2d0cd2c1183069fb6f9a45c38094de42425a,1.0
767,stockpile::de07f52d-9928-4071-9142-cb1d3bd851e8::0012,107,3471c3ab5fd17928262564398e7829db386693fad65f6df19cf0128945c83ef2,1.0
768,stockpile::de07f52d-9928-4071-9142-cb1d3bd851e8::0013,115,c7ae6fb5ee8d84452c59cb3296bfe346d2dbb2209f09b54aecef3b22e32c3a9a,1.0
769,stockpile::de07f52d-9928-4071-9142-cb1d3bd851e8::0014,118,6755a393e14f5a4e10e37a736624c3b68d058a1c0e6c4c2a50f58bf59fea8147,0.9999999403953552
770,stockpile::de07f52d-9928-4071-9142-cb1d3bd851e8::0015,132,1d7b7c7f9fbc3d4500a179f2ebb5107d53e9160b0a61c8941eb5911fe7e6bf31,0.9999999403953552
771,stockpile::de07f52d-9928-4071-9142-cb1d3bd851e8::0016,122,9080e8649e5e90a0981f404df5b974a8c808e46fbc1528a5f05a0329ecd1f890,1.0
772,stockpile::de07f52d-9928-4071-9142-cb1d3bd851e8::0017,98,78a31bea36d6dcf6efae135dc8998bf59559765e84198eebe25955c50f9d9a4b,0.9999999403953552
773,stockpile::e4324b88-8836-4803-b6b7-09b3c6cd4e94::0001,82,67b47be50ab51e18b8a0b455c767a638bcbb5179d0dd6d3b369e22b651ce2992,1.0000001192092896
774,stockpile::e89a10d3-004f-4c15-b0eb-d1ba76a4b67f::0001,114,215a4ccd844b7434b9b697ce8b9055d077b88fd16250928d05fc2c444082c6d1,1.0
775,stockpile::e89a10d3-004f-4c15-b0eb-d1ba76a4b67f::0002,92,82acc5a93700e236cca8f68729e7cf065661167cc0616965fc576c1d68644f76,1.0
776,stockpile::eddc8f03-f930-41e7-95ba-33fb87bfed74::0001,127,f916941831c8c4fb559305945bdc7478794387eb78edf6200815bdc873f952e4,0.9999998807907104
777,stockpile::eddc8f03-f930-41e7-95ba-33fb87bfed74::0002,105,b7c3c7c24ec804e9e15f010b9817c9cfbec742b6919c21e3cf19948aa51593e8,1.0
778,stockpile::ef4d997c-a0d1-4067-9efa-87c58682db71::0001,63,d3b2a19bc69fb5cc69826df282a3140fbf18f3952852d951aa3ad92f6b7c2975,0.9999999403953552
779,stockpile::ef4d997c-a0d1-4067-9efa-87c58682db71::0002,71,cc69bbda214502a4c18e1d539058a0cbf97b67aee8f11e328797f73386285034,0.9999999403953552
780,stockpile::ef4d997c-a0d1-4067-9efa-87c58682db71::0003,99,2742531b8717fc46c00d220b089300ab076e1c819c356e0e4b2195dcc166c38e,1.0
781,stockpile::f98193a0-8b5b-4b5e-a5aa-e8c3adfcd4e6::0001,85,aeea9fc1e750e443cbee1c40ae8fbda8352edf2527fd8acbb3bd370d8c86e60b,0.9999999403953552
782,stockpile::fbc41624-1052-490c-b5ec-4fd718e2501d::0001,114,215a4ccd844b7434b9b697ce8b9055d077b88fd16250928d05fc2c444082c6d1,1.0
783,stockpile::fbc41624-1052-490c-b5ec-4fd718e2501d::0002,81,a18d64855f1cf4c8011c71cda24e062b88317ce6bf2d562e45f1f47418e35d5a,1.0
