held_out_source,method,stratum,group,rows,campaigns,inferentially_eligible,campaign_macro_ndcg5,campaign_macro_hit5,campaign_macro_precision5,campaign_macro_recall5
ctid,HM+B0,transition_visibility,all_seen,17,8,0,0.27319457279649983,0.3854166666666667,0.14583333333333334,0.3142361111111111
ctid,HM+B0,transition_visibility,all_unseen,117,10,1,0.14958038748937474,0.34902882205513786,0.10045112781954887,0.17928571428571427
ctid,HM+B0,transition_visibility,mixed,129,10,1,0.20291293893847756,0.5291558505993491,0.13436043729232586,0.2281269893247447
ctid,HM+B0,target_label_visibility,all_seen,207,10,1,0.20606945995278134,0.4768490205446727,0.13106211180124222,0.23270790200138025
ctid,HM+B0,target_label_visibility,mixed,56,9,1,0.1648723809036838,0.3953885257806826,0.11495279593318809,0.19158799322198014
ctid,HM+B0,text_length,ge40,218,10,1,0.18409637290441763,0.4389290368256732,0.1231281821454864,0.21698625978229522
ctid,HM+B0,text_length,lt40,45,9,1,0.2977120960129607,0.5012345679012346,0.16000000000000003,0.3037037037037037
ctid,HM+B0,target_size,1,8,8,0,0.125,0.125,0.025,0.125
ctid,HM+B0,target_size,2,24,10,1,0.1787542323601142,0.2816666666666666,0.083,0.20750000000000002
ctid,HM+B0,target_size,3,231,10,1,0.1909877396055395,0.4767356463685064,0.13057638027962573,0.21762730046604287
ctid,B0,transition_visibility,all_seen,17,8,0,0.27319457279649983,0.3854166666666667,0.14583333333333334,0.3142361111111111
ctid,B0,transition_visibility,all_unseen,117,10,1,0.14958038748937474,0.34902882205513786,0.10045112781954887,0.17928571428571427
ctid,B0,transition_visibility,mixed,129,10,1,0.20282480085006385,0.5291558505993491,0.13436043729232586,0.2281269893247447
ctid,B0,target_label_visibility,all_seen,207,10,1,0.20600776329089174,0.4768490205446727,0.13106211180124222,0.23270790200138025
ctid,B0,target_label_visibility,mixed,56,9,1,0.16487238090368384,0.3953885257806826,0.11495279593318809,0.19158799322198014
ctid,B0,text_length,ge40,218,10,1,0.18403467624252803,0.4389290368256732,0.1231281821454864,0.21698625978229522
ctid,B0,text_length,lt40,45,9,1,0.2977120960129607,0.5012345679012346,0.16000000000000003,0.3037037037037037
ctid,B0,target_size,1,8,8,0,0.125,0.125,0.025,0.125
ctid,B0,target_size,2,24,10,1,0.1787542323601142,0.2816666666666666,0.083,0.20750000000000002
ctid,B0,target_size,3,231,10,1,0.19092604294364993,0.4767356463685064,0.13057638027962573,0.21762730046604287
ctid,HM,transition_visibility,all_seen,17,8,0,0.3107332889138226,0.7625,0.18083333333333335,0.4947916666666667
ctid,HM,transition_visibility,all_unseen,117,10,1,0.037847335633760706,0.1500751879699248,0.03258646616541354,0.05883458646616542
ctid,HM,transition_visibility,mixed,129,10,1,0.1551289500844857,0.4755282606969914,0.10644650426972409,0.1784963667653296
ctid,HM,target_label_visibility,all_seen,207,10,1,0.12819555675704616,0.40431454053193183,0.09085338429686256,0.16781394330307373
ctid,HM,target_label_visibility,mixed,56,9,1,0.09921340878684985,0.2722403776325345,0.06643427741466958,0.11072379569111596
ctid,HM,text_length,ge40,218,10,1,0.11489577953743564,0.3619018915273546,0.08182779766030963,0.15037205680313964
ctid,HM,text_length,lt40,45,9,1,0.16969854865790662,0.5450617283950617,0.13246913580246913,0.23559670781893002
ctid,HM,target_size,1,8,8,0,0.1272228201007499,0.25,0.05,0.25
ctid,HM,target_size,2,24,10,1,0.13649945581274367,0.4293333333333333,0.09440000000000001,0.236
ctid,HM,target_size,3,231,10,1,0.11763485226185497,0.3746145880713832,0.08529399228673062,0.1421566538112177
attack_flow,HM+B0,transition_visibility,all_seen,24,13,1,0.2677430460859469,0.44358974358974357,0.14205128205128206,0.30641025641025643
attack_flow,HM+B0,transition_visibility,all_unseen,261,35,1,0.2203490723756872,0.49414632519674534,0.12009931245225365,0.2516263879289089
attack_flow,HM+B0,transition_visibility,mixed,127,32,1,0.27430353043012606,0.6283087225274725,0.1687386675824176,0.305590086996337
attack_flow,HM+B0,target_label_visibility,all_seen,231,33,1,0.28561264549260185,0.5655527470703257,0.15003630475650448,0.32212417807660854
attack_flow,HM+B0,target_label_visibility,all_unseen,9,7,0,0.0,0.0,0.0,0.0
attack_flow,HM+B0,target_label_visibility,mixed,172,32,1,0.20992608224824894,0.5213124549062049,0.1251258116883117,0.21752964917027415
attack_flow,HM+B0,text_length,ge40,379,35,1,0.2409369978699378,0.5214110979933625,0.13360309045713734,0.2668283720268461
attack_flow,HM+B0,text_length,lt40,33,18,1,0.22556482175284687,0.5622222222222222,0.14725925925925928,0.2614814814814815
attack_flow,HM+B0,target_size,1,37,34,1,0.21859698593693394,0.3088235294117647,0.061764705882352944,0.3088235294117647
attack_flow,HM+B0,target_size,2,84,34,1,0.295452041628834,0.515052790346908,0.1274449472096531,0.31861236802413273
attack_flow,HM+B0,target_size,3,291,35,1,0.24753704909625968,0.6045999602638258,0.1578866421160539,0.2631444035267565
attack_flow,B0,transition_visibility,all_seen,24,13,1,0.25868724010115296,0.4230769230769231,0.13333333333333333,0.28846153846153844
attack_flow,B0,transition_visibility,all_unseen,261,35,1,0.22322450024432727,0.4918560757636388,0.12228298592164139,0.2544986479440261
attack_flow,B0,transition_visibility,mixed,127,32,1,0.2657480631258738,0.6105483058608059,0.16215773809523812,0.29601076007326005
attack_flow,B0,target_label_visibility,all_seen,231,33,1,0.2818329694423054,0.5440383501804346,0.14803645568155657,0.31259703635579095
attack_flow,B0,target_label_visibility,all_unseen,9,7,0,0.07142857142857142,0.14285714285714285,0.028571428571428574,0.14285714285714285
attack_flow,B0,target_label_visibility,mixed,172,32,1,0.20229308165640125,0.49029806998556996,0.1201729347041847,0.20840679864117362
attack_flow,B0,text_length,ge40,379,35,1,0.24229117271362202,0.5213929415466346,0.1349046539729866,0.27197427110131667
attack_flow,B0,text_length,lt40,33,18,1,0.21561119310875385,0.5148148148148148,0.13555555555555557,0.2351851851851852
attack_flow,B0,target_size,1,37,34,1,0.2178786571839119,0.29411764705882354,0.058823529411764705,0.29411764705882354
attack_flow,B0,target_size,2,84,34,1,0.28924589388891786,0.505052790346908,0.1254449472096531,0.3136123680241327
attack_flow,B0,target_size,3,291,35,1,0.24724636835672514,0.598803423467289,0.15854339451398275,0.26423899085663793
attack_flow,HM,transition_visibility,all_seen,24,13,1,0.24409216579115928,0.5525641025641026,0.12666666666666668,0.3155982905982906
attack_flow,HM,transition_visibility,all_unseen,261,35,1,0.09842669294982666,0.29069659378903073,0.05927129154692181,0.12108910028657928
attack_flow,HM,transition_visibility,mixed,127,32,1,0.23609622972230132,0.6341363324175824,0.13123660714285715,0.24438539758852257
attack_flow,HM,target_label_visibility,all_seen,231,33,1,0.17806764570476818,0.45908393881349985,0.09543707585667227,0.22298255481096477
attack_flow,HM,target_label_visibility,all_unseen,9,7,0,0.0,0.0,0.0,0.0
attack_flow,HM,target_label_visibility,mixed,172,32,1,0.12787204122574078,0.3596511994949495,0.0731802398989899,0.12860412157287157
attack_flow,HM,text_length,ge40,379,35,1,0.14813523501811693,0.40514187321352296,0.08458828642486316,0.1690462389593305
attack_flow,HM,text_length,lt40,33,18,1,0.18241542036493755,0.47962962962962963,0.09592592592592593,0.21203703703703702
attack_flow,HM,target_size,1,37,34,1,0.11744696069013262,0.2088235294117647,0.04176470588235295,0.2088235294117647
attack_flow,HM,target_size,2,84,34,1,0.1680335558384571,0.37434389140271496,0.07800603318250376,0.19501508295625944
attack_flow,HM,target_size,3,291,35,1,0.15481513901842656,0.46708156689249125,0.09706024004007198,0.16176706673345329
stockpile,HM+B0,transition_visibility,all_seen,31,20,1,0.20812814583261371,0.325,0.07128571428571429,0.25
stockpile,HM+B0,transition_visibility,all_unseen,36,17,1,0.12359312300545285,0.2647058823529412,0.06382352941176471,0.16151960784313724
stockpile,HM+B0,transition_visibility,mixed,42,17,1,0.18361589541005544,0.3907843137254902,0.09852941176470588,0.2027614379084967
stockpile,HM+B0,target_label_visibility,all_seen,100,27,1,0.15995524553386334,0.2979127662460996,0.07265740432407099,0.20483890595001705
stockpile,HM+B0,target_label_visibility,all_unseen,1,1,0,0.0,0.0,0.0,0.0
stockpile,HM+B0,target_label_visibility,mixed,8,3,0,0.03674680821969372,0.1111111111111111,0.022222222222222223,0.037037037037037035
stockpile,HM+B0,text_length,ge40,42,21,1,0.20664673605521575,0.3603174603174603,0.08476190476190476,0.2706349206349207
stockpile,HM+B0,text_length,lt40,67,17,1,0.18780592494462559,0.33180995475113123,0.0804628312863607,0.2125199310493428
stockpile,HM+B0,target_size,1,29,24,1,0.18366648258647242,0.26666666666666666,0.05333333333333334,0.26666666666666666
stockpile,HM+B0,target_size,2,40,20,1,0.19553550698199076,0.3975,0.09983333333333334,0.24958333333333335
stockpile,HM+B0,target_size,3,40,12,1,0.18722336001056505,0.4313582251082251,0.11231060606060607,0.18718434343434343
stockpile,B0,transition_visibility,all_seen,31,20,1,0.2182196076869606,0.325,0.08142857142857143,0.2636904761904762
stockpile,B0,transition_visibility,all_unseen,36,17,1,0.17893027624945082,0.3622549019607843,0.08568627450980393,0.20776143790849674
stockpile,B0,transition_visibility,mixed,42,17,1,0.18345340195415472,0.3509803921568628,0.09980392156862745,0.1986111111111111
stockpile,B0,target_label_visibility,all_seen,100,27,1,0.17923209822097888,0.2918837335504002,0.07717387550720885,0.20534321645432757
stockpile,B0,target_label_visibility,all_unseen,1,1,0,0.0,0.0,0.0,0.0
stockpile,B0,target_label_visibility,mixed,8,3,0,0.10066949283718692,0.3333333333333333,0.06666666666666667,0.1111111111111111
stockpile,B0,text_length,ge40,42,21,1,0.21797561966540113,0.35714285714285715,0.08650793650793652,0.24603174603174605
stockpile,B0,text_length,lt40,67,17,1,0.20217662023806526,0.331184012066365,0.08823421676362853,0.22724628312863607
stockpile,B0,target_size,1,29,24,1,0.19031372355449727,0.25,0.05000000000000001,0.25
stockpile,B0,target_size,2,40,20,1,0.1637181258420774,0.315,0.08466666666666667,0.21166666666666667
stockpile,B0,target_size,3,40,12,1,0.2547038586023911,0.5263798701298702,0.1547348484848485,0.25789141414141414
stockpile,HM,transition_visibility,all_seen,31,20,1,0.10846108909083481,0.21857142857142858,0.04371428571428572,0.14857142857142858
stockpile,HM,transition_visibility,all_unseen,36,17,1,0.046971180873197155,0.125,0.025,0.09558823529411764
stockpile,HM,transition_visibility,mixed,42,17,1,0.19220525648690656,0.6073529411764705,0.12382352941176474,0.2611928104575163
stockpile,HM,target_label_visibility,all_seen,100,27,1,0.10868770890122131,0.3040536623869957,0.06130455963789298,0.1603638131415909
stockpile,HM,target_label_visibility,all_unseen,1,1,0,0.0,0.0,0.0,0.0
stockpile,HM,target_label_visibility,mixed,8,3,0,0.0,0.0,0.0,0.0
stockpile,HM,text_length,ge40,42,21,1,0.1431675684008098,0.30396825396825394,0.0607936507936508,0.2
stockpile,HM,text_length,lt40,67,17,1,0.10934489444725108,0.3539808230984702,0.07197263520792933,0.1698682036917331
stockpile,HM,target_size,1,29,24,1,0.12621624559837907,0.20833333333333334,0.041666666666666664,0.20833333333333334
stockpile,HM,target_size,2,40,20,1,0.17944547412126063,0.5183333333333333,0.10366666666666668,0.25916666666666666
stockpile,HM,target_size,3,40,12,1,0.12937354150970612,0.5478896103896104,0.11291125541125542,0.1881854256854257
