held_out_source,method,sample_id,campaign_id,prefix_len,target_size,transition_visibility,target_label_visibility,text_length_group,ndcg5,hit5,precision5,recall5
attack_flow,B0,attack_flow::Black Basta Ransomware::0001,Black Basta Ransomware,1,3,mixed,all_seen,ge40,0.7653606369886217,1.0,0.4,0.6666666666666666
attack_flow,B0,attack_flow::Black Basta Ransomware::0002,Black Basta Ransomware,2,2,all_unseen,all_seen,ge40,1.0,1.0,0.4,1.0
attack_flow,B0,attack_flow::Black Basta Ransomware::0003,Black Basta Ransomware,3,2,all_seen,all_seen,ge40,0.38685280723454163,1.0,0.2,0.5
attack_flow,B0,attack_flow::Black Basta Ransomware::0004,Black Basta Ransomware,4,3,mixed,all_seen,ge40,0.2960819109658652,1.0,0.2,0.3333333333333333
attack_flow,B0,attack_flow::Black Basta Ransomware::0005,Black Basta Ransomware,5,3,mixed,all_seen,ge40,0.0,0.0,0.0,0.0
attack_flow,B0,attack_flow::Black Basta Ransomware::0006,Black Basta Ransomware,6,3,all_unseen,mixed,ge40,0.0,0.0,0.0,0.0
attack_flow,B0,attack_flow::Black Basta Ransomware::0007,Black Basta Ransomware,7,3,all_unseen,mixed,ge40,0.0,0.0,0.0,0.0
attack_flow,B0,attack_flow::Black Basta Ransomware::0008,Black Basta Ransomware,8,3,all_unseen,all_unseen,ge40,0.0,0.0,0.0,0.0
attack_flow,B0,attack_flow::Black Basta Ransomware::0009,Black Basta Ransomware,9,3,all_unseen,mixed,ge40,0.18154179253735267,1.0,0.2,0.3333333333333333
attack_flow,B0,attack_flow::Black Basta Ransomware::0010,Black Basta Ransomware,10,3,all_unseen,mixed,ge40,0.20210734650054757,1.0,0.2,0.3333333333333333
attack_flow,B0,attack_flow::Black Basta Ransomware::0011,Black Basta Ransomware,11,3,all_unseen,all_seen,ge40,0.6713860725233041,1.0,0.4,0.6666666666666666
attack_flow,B0,attack_flow::Black Basta Ransomware::0012,Black Basta Ransomware,12,3,all_seen,all_seen,ge40,0.2960819109658652,1.0,0.2,0.3333333333333333
attack_flow,B0,attack_flow::Black Basta Ransomware::0013,Black Basta Ransomware,13,3,all_unseen,all_seen,lt40,0.46927872602275644,1.0,0.2,0.3333333333333333
attack_flow,B0,attack_flow::Black Basta Ransomware::0014,Black Basta Ransomware,14,3,mixed,all_seen,lt40,0.0,0.0,0.0,0.0
attack_flow,B0,attack_flow::Black Basta Ransomware::0015,Black Basta Ransomware,15,3,mixed,mixed,ge40,0.0,0.0,0.0,0.0
attack_flow,B0,attack_flow::Black Basta Ransomware::0016,Black Basta Ransomware,16,3,all_unseen,mixed,ge40,0.0,0.0,0.0,0.0
attack_flow,B0,attack_flow::Black Basta Ransomware::0017,Black Basta Ransomware,17,3,mixed,mixed,ge40,0.0,0.0,0.0,0.0
attack_flow,B0,attack_flow::Black Basta Ransomware::0018,Black Basta Ransomware,18,3,all_unseen,all_seen,ge40,0.0,0.0,0.0,0.0
attack_flow,B0,attack_flow::Black Basta Ransomware::0019,Black Basta Ransomware,19,3,mixed,all_seen,ge40,0.0,0.0,0.0,0.0
attack_flow,B0,attack_flow::Black Basta Ransomware::0020,Black Basta Ransomware,20,3,all_unseen,all_seen,ge40,0.46927872602275644,1.0,0.2,0.3333333333333333
attack_flow,B0,attack_flow::Black Basta Ransomware::0021,Black Basta Ransomware,21,3,all_unseen,mixed,ge40,0.2960819109658652,1.0,0.2,0.3333333333333333
attack_flow,B0,attack_flow::Black Basta Ransomware::0022,Black Basta Ransomware,22,3,mixed,mixed,ge40,0.46927872602275644,1.0,0.2,0.3333333333333333
attack_flow,B0,attack_flow::Black Basta Ransomware::0023,Black Basta Ransomware,23,2,all_unseen,mixed,ge40,0.23719771276929622,1.0,0.2,0.5
attack_flow,B0,attack_flow::Black Basta Ransomware::0024,Black Basta Ransomware,24,1,all_unseen,all_seen,ge40,1.0,1.0,0.2,1.0
attack_flow,B0,attack_flow::CISA AA22-138B VMWare Workspace (Alt)::0001,CISA AA22-138B VMWare Workspace (Alt),1,3,all_unseen,mixed,ge40,0.46927872602275644,1.0,0.2,0.3333333333333333
attack_flow,B0,attack_flow::CISA AA22-138B VMWare Workspace (Alt)::0002,CISA AA22-138B VMWare Workspace (Alt),2,3,all_unseen,all_seen,lt40,0.46927872602275644,1.0,0.2,0.3333333333333333
attack_flow,B0,attack_flow::CISA AA22-138B VMWare Workspace (Alt)::0003,CISA AA22-138B VMWare Workspace (Alt),3,3,mixed,all_seen,ge40,0.18154179253735267,1.0,0.2,0.3333333333333333
attack_flow,B0,attack_flow::CISA AA22-138B VMWare Workspace (Alt)::0004,CISA AA22-138B VMWare Workspace (Alt),4,3,mixed,all_seen,ge40,0.18154179253735267,1.0,0.2,0.3333333333333333
attack_flow,B0,attack_flow::CISA AA22-138B VMWare Workspace (Alt)::0005,CISA AA22-138B VMWare Workspace (Alt),5,2,all_unseen,all_seen,ge40,0.23719771276929622,1.0,0.2,0.5
attack_flow,B0,attack_flow::CISA AA22-138B VMWare Workspace (Alt)::0006,CISA AA22-138B VMWare Workspace (Alt),6,3,all_seen,all_seen,ge40,0.0,0.0,0.0,0.0
attack_flow,B0,attack_flow::CISA AA22-138B VMWare Workspace (Alt)::0007,CISA AA22-138B VMWare Workspace (Alt),7,2,all_seen,all_seen,ge40,0.0,0.0,0.0,0.0
attack_flow,B0,attack_flow::CISA AA22-138B VMWare Workspace (Alt)::0008,CISA AA22-138B VMWare Workspace (Alt),8,1,all_seen,all_seen,ge40,0.0,0.0,0.0,0.0
attack_flow,B0,attack_flow::CISA AA22-138B VMWare Workspace (TA1)::0001,CISA AA22-138B VMWare Workspace (TA1),1,3,all_unseen,mixed,ge40,0.23463936301137822,1.0,0.2,0.3333333333333333
attack_flow,B0,attack_flow::CISA AA22-138B VMWare Workspace (TA1)::0002,CISA AA22-138B VMWare Workspace (TA1),2,3,all_unseen,mixed,ge40,0.2960819109658652,1.0,0.2,0.3333333333333333
attack_flow,B0,attack_flow::CISA AA22-138B VMWare Workspace (TA1)::0003,CISA AA22-138B VMWare Workspace (TA1),3,3,all_unseen,mixed,ge40,0.0,0.0,0.0,0.0
attack_flow,B0,attack_flow::CISA AA22-138B VMWare Workspace (TA1)::0004,CISA AA22-138B VMWare Workspace (TA1),4,3,all_unseen,all_seen,ge40,0.0,0.0,0.0,0.0
attack_flow,B0,attack_flow::CISA AA22-138B VMWare Workspace (TA1)::0005,CISA AA22-138B VMWare Workspace (TA1),5,3,mixed,mixed,ge40,0.0,0.0,0.0,0.0
attack_flow,B0,attack_flow::CISA AA22-138B VMWare Workspace (TA1)::0006,CISA AA22-138B VMWare Workspace (TA1),6,3,mixed,mixed,ge40,0.46927872602275644,1.0,0.2,0.3333333333333333
attack_flow,B0,attack_flow::CISA AA22-138B VMWare Workspace (TA1)::0007,CISA AA22-138B VMWare Workspace (TA1),7,2,mixed,mixed,ge40,0.6131471927654584,1.0,0.2,0.5
attack_flow,B0,attack_flow::CISA AA22-138B VMWare Workspace (TA1)::0008,CISA AA22-138B VMWare Workspace (TA1),8,1,all_unseen,all_seen,ge40,1.0,1.0,0.2,1.0
attack_flow,B0,attack_flow::CISA AA22-138B VMWare Workspace (TA2)::0001,CISA AA22-138B VMWare Workspace (TA2),1,2,all_unseen,all_seen,ge40,0.8503449055347546,1.0,0.4,1.0
attack_flow,B0,attack_flow::CISA AA22-138B VMWare Workspace (TA2)::0002,CISA AA22-138B VMWare Workspace (TA2),2,3,all_seen,all_seen,ge40,0.8529278650606567,1.0,0.6,1.0
attack_flow,B0,attack_flow::CISA AA22-138B VMWare Workspace (TA2)::0003,CISA AA22-138B VMWare Workspace (TA2),3,3,all_seen,all_seen,lt40,0.2960819109658652,1.0,0.2,0.3333333333333333
attack_flow,B0,attack_flow::CISA AA22-138B VMWare Workspace (TA2)::0004,CISA AA22-138B VMWare Workspace (TA2),4,3,mixed,mixed,lt40,0.49818925746641285,1.0,0.4,0.6666666666666666
attack_flow,B0,attack_flow::CISA AA22-138B VMWare Workspace (TA2)::0005,CISA AA22-138B VMWare Workspace (TA2),5,2,mixed,mixed,ge40,0.0,0.0,0.0,0.0
attack_flow,B0,attack_flow::CISA AA22-138B VMWare Workspace (TA2)::0006,CISA AA22-138B VMWare Workspace (TA2),6,3,mixed,mixed,ge40,0.23463936301137822,1.0,0.2,0.3333333333333333
attack_flow,B0,attack_flow::CISA AA22-138B VMWare Workspace (TA2)::0007,CISA AA22-138B VMWare Workspace (TA2),7,3,all_unseen,mixed,ge40,0.18154179253735267,1.0,0.2,0.3333333333333333
attack_flow,B0,attack_flow::CISA AA22-138B VMWare Workspace (TA2)::0008,CISA AA22-138B VMWare Workspace (TA2),8,3,mixed,mixed,ge40,0.18154179253735267,1.0,0.2,0.3333333333333333
attack_flow,B0,attack_flow::CISA AA22-138B VMWare Workspace (TA2)::0009,CISA AA22-138B VMWare Workspace (TA2),9,2,all_unseen,mixed,lt40,0.0,0.0,0.0,0.0
attack_flow,B0,attack_flow::CISA AA22-138B VMWare Workspace (TA2)::0010,CISA AA22-138B VMWare Workspace (TA2),10,1,all_unseen,all_seen,ge40,0.0,0.0,0.0,0.0
attack_flow,B0,attack_flow::CISA Iranian APT::0001,CISA Iranian APT,1,3,all_unseen,all_seen,lt40,0.6508205185601091,1.0,0.4,0.6666666666666666
attack_flow,B0,attack_flow::CISA Iranian APT::0002,CISA Iranian APT,2,2,mixed,all_seen,ge40,0.0,0.0,0.0,0.0
attack_flow,B0,attack_flow::CISA Iranian APT::0003,CISA Iranian APT,3,2,mixed,all_seen,ge40,0.0,0.0,0.0,0.0
attack_flow,B0,attack_flow::CISA Iranian APT::0004,CISA Iranian APT,4,3,mixed,all_seen,lt40,0.18154179253735267,1.0,0.2,0.3333333333333333
attack_flow,B0,attack_flow::CISA Iranian APT::0005,CISA Iranian APT,5,3,mixed,all_seen,lt40,0.0,0.0,0.0,0.0
attack_flow,B0,attack_flow::CISA Iranian APT::0006,CISA Iranian APT,6,3,all_seen,all_seen,lt40,0.20210734650054757,1.0,0.2,0.3333333333333333
attack_flow,B0,attack_flow::CISA Iranian APT::0007,CISA Iranian APT,7,3,all_unseen,all_seen,ge40,0.23463936301137822,1.0,0.2,0.3333333333333333
attack_flow,B0,attack_flow::CISA Iranian APT::0008,CISA Iranian APT,8,3,mixed,all_seen,ge40,0.6797310500037655,1.0,0.6,1.0
attack_flow,B0,attack_flow::CISA Iranian APT::0009,CISA Iranian APT,9,3,mixed,all_seen,ge40,0.7039180890341347,1.0,0.4,0.6666666666666666
attack_flow,B0,attack_flow::CISA Iranian APT::0010,CISA Iranian APT,10,3,mixed,all_seen,ge40,0.2960819109658652,1.0,0.2,0.3333333333333333
attack_flow,B0,attack_flow::CISA Iranian APT::0011,CISA Iranian APT,11,3,all_unseen,all_seen,ge40,0.41618115554873086,1.0,0.4,0.6666666666666666
attack_flow,B0,attack_flow::CISA Iranian APT::0012,CISA Iranian APT,12,3,mixed,all_seen,ge40,0.23463936301137822,1.0,0.2,0.3333333333333333
attack_flow,B0,attack_flow::CISA Iranian APT::0013,CISA Iranian APT,13,3,mixed,all_seen,ge40,0.23463936301137822,1.0,0.2,0.3333333333333333
attack_flow,B0,attack_flow::CISA Iranian APT::0014,CISA Iranian APT,14,3,mixed,mixed,ge40,0.0,0.0,0.0,0.0
attack_flow,B0,attack_flow::CISA Iranian APT::0015,CISA Iranian APT,15,3,all_unseen,mixed,ge40,0.2960819109658652,1.0,0.2,0.3333333333333333
attack_flow,B0,attack_flow::CISA Iranian APT::0016,CISA Iranian APT,16,3,mixed,mixed,ge40,0.4367467095119258,1.0,0.4,0.6666666666666666
attack_flow,B0,attack_flow::CISA Iranian APT::0017,CISA Iranian APT,17,3,all_unseen,all_seen,lt40,0.6713860725233041,1.0,0.4,0.6666666666666666
attack_flow,B0,attack_flow::CISA Iranian APT::0018,CISA Iranian APT,18,3,all_unseen,mixed,ge40,0.0,0.0,0.0,0.0
attack_flow,B0,attack_flow::CISA Iranian APT::0019,CISA Iranian APT,19,3,mixed,mixed,ge40,0.46927872602275644,1.0,0.2,0.3333333333333333
attack_flow,B0,attack_flow::CISA Iranian APT::0020,CISA Iranian APT,20,2,mixed,mixed,ge40,0.6131471927654584,1.0,0.2,0.5
attack_flow,B0,attack_flow::CISA Iranian APT::0021,CISA Iranian APT,21,1,all_unseen,all_seen,ge40,0.6309297535714575,1.0,0.2,1.0
attack_flow,B0,attack_flow::Cobalt Kitty Campaign::0001,Cobalt Kitty Campaign,1,2,mixed,all_seen,ge40,0.6131471927654584,1.0,0.2,0.5
attack_flow,B0,attack_flow::Cobalt Kitty Campaign::0002,Cobalt Kitty Campaign,2,3,all_unseen,all_seen,ge40,0.46927872602275644,1.0,0.2,0.3333333333333333
attack_flow,B0,attack_flow::Cobalt Kitty Campaign::0003,Cobalt Kitty Campaign,3,3,all_unseen,all_seen,ge40,0.46927872602275644,1.0,0.2,0.3333333333333333
attack_flow,B0,attack_flow::Cobalt Kitty Campaign::0004,Cobalt Kitty Campaign,4,3,mixed,all_seen,ge40,0.0,0.0,0.0,0.0
attack_flow,B0,attack_flow::Cobalt Kitty Campaign::0005,Cobalt Kitty Campaign,5,3,all_unseen,mixed,ge40,0.0,0.0,0.0,0.0
attack_flow,B0,attack_flow::Cobalt Kitty Campaign::0006,Cobalt Kitty Campaign,6,3,all_unseen,mixed,ge40,0.0,0.0,0.0,0.0
attack_flow,B0,attack_flow::Cobalt Kitty Campaign::0007,Cobalt Kitty Campaign,7,3,all_unseen,mixed,ge40,0.0,0.0,0.0,0.0
attack_flow,B0,attack_flow::Cobalt Kitty Campaign::0008,Cobalt Kitty Campaign,8,3,all_unseen,all_seen,ge40,0.0,0.0,0.0,0.0
attack_flow,B0,attack_flow::Cobalt Kitty Campaign::0009,Cobalt Kitty Campaign,9,3,all_seen,all_seen,ge40,0.9060254355346823,1.0,0.6,1.0
attack_flow,B0,attack_flow::Cobalt Kitty Campaign::0010,Cobalt Kitty Campaign,10,2,all_seen,all_seen,ge40,1.0,1.0,0.4,1.0
attack_flow,B0,attack_flow::Cobalt Kitty Campaign::0011,Cobalt Kitty Campaign,11,1,all_seen,all_seen,ge40,1.0,1.0,0.2,1.0
attack_flow,B0,attack_flow::Conti CISA Alert::0001,Conti CISA Alert,1,3,mixed,all_seen,ge40,0.46927872602275644,1.0,0.2,0.3333333333333333
attack_flow,B0,attack_flow::Conti CISA Alert::0002,Conti CISA Alert,2,3,all_unseen,mixed,ge40,0.0,0.0,0.0,0.0
attack_flow,B0,attack_flow::Conti CISA Alert::0003,Conti CISA Alert,3,3,all_unseen,mixed,ge40,0.0,0.0,0.0,0.0
attack_flow,B0,attack_flow::Conti CISA Alert::0004,Conti CISA Alert,4,2,all_unseen,mixed,ge40,0.0,0.0,0.0,0.0
attack_flow,B0,attack_flow::Conti CISA Alert::0005,Conti CISA Alert,5,1,all_unseen,all_seen,ge40,0.0,0.0,0.0,0.0
attack_flow,B0,attack_flow::Conti PWC::0001,Conti PWC,1,3,mixed,mixed,ge40,0.46927872602275644,1.0,0.2,0.3333333333333333
attack_flow,B0,attack_flow::Conti PWC::0002,Conti PWC,2,2,all_unseen,mixed,ge40,0.0,0.0,0.0,0.0
attack_flow,B0,attack_flow::Conti PWC::0003,Conti PWC,3,1,all_unseen,all_seen,ge40,0.0,0.0,0.0,0.0
attack_flow,B0,attack_flow::Conti Ransomware::0001,Conti Ransomware,1,3,mixed,all_seen,ge40,0.5307212739772434,1.0,0.4,0.6666666666666666
attack_flow,B0,attack_flow::Conti Ransomware::0002,Conti Ransomware,2,2,mixed,all_seen,ge40,0.3065735963827292,1.0,0.2,0.5
attack_flow,B0,attack_flow::Conti Ransomware::0003,Conti Ransomware,3,3,mixed,all_seen,ge40,0.2960819109658652,1.0,0.2,0.3333333333333333
attack_flow,B0,attack_flow::Conti Ransomware::0004,Conti Ransomware,4,3,all_unseen,all_seen,ge40,0.2960819109658652,1.0,0.2,0.3333333333333333
attack_flow,B0,attack_flow::Conti Ransomware::0005,Conti Ransomware,5,3,mixed,all_seen,ge40,0.20210734650054757,1.0,0.2,0.3333333333333333
attack_flow,B0,attack_flow::Conti Ransomware::0006,Conti Ransomware,6,3,mixed,all_seen,ge40,0.2960819109658652,1.0,0.2,0.3333333333333333
attack_flow,B0,attack_flow::Conti Ransomware::0007,Conti Ransomware,7,2,all_unseen,all_seen,ge40,0.6131471927654584,1.0,0.2,0.5
attack_flow,B0,attack_flow::Conti Ransomware::0008,Conti Ransomware,8,2,mixed,all_seen,ge40,0.0,0.0,0.0,0.0
attack_flow,B0,attack_flow::Conti Ransomware::0009,Conti Ransomware,9,1,all_unseen,all_seen,ge40,0.43067655807339306,1.0,0.2,1.0
attack_flow,B0,attack_flow::Conti Ransomware::0010,Conti Ransomware,10,2,all_seen,all_seen,ge40,0.0,0.0,0.0,0.0
attack_flow,B0,attack_flow::Conti Ransomware::0011,Conti Ransomware,11,3,mixed,mixed,ge40,0.0,0.0,0.0,0.0
attack_flow,B0,attack_flow::Conti Ransomware::0012,Conti Ransomware,12,3,mixed,mixed,ge40,0.0,0.0,0.0,0.0
attack_flow,B0,attack_flow::Conti Ransomware::0014,Conti Ransomware,14,2,all_unseen,all_seen,ge40,0.0,0.0,0.0,0.0
attack_flow,B0,attack_flow::Conti Ransomware::0015,Conti Ransomware,15,1,all_unseen,all_seen,lt40,0.0,0.0,0.0,0.0
attack_flow,B0,attack_flow::DFIR - BumbleBee Round 2::0001,DFIR - BumbleBee Round 2,1,3,all_unseen,mixed,ge40,0.46927872602275644,1.0,0.2,0.3333333333333333
attack_flow,B0,attack_flow::DFIR - BumbleBee Round 2::0002,DFIR - BumbleBee Round 2,2,3,all_unseen,mixed,ge40,0.0,0.0,0.0,0.0
attack_flow,B0,attack_flow::DFIR - BumbleBee Round 2::0003,DFIR - BumbleBee Round 2,3,3,mixed,mixed,ge40,0.0,0.0,0.0,0.0
attack_flow,B0,attack_flow::DFIR - BumbleBee Round 2::0004,DFIR - BumbleBee Round 2,4,3,all_unseen,all_seen,ge40,0.7653606369886217,1.0,0.4,0.6666666666666666
attack_flow,B0,attack_flow::DFIR - BumbleBee Round 2::0005,DFIR - BumbleBee Round 2,5,3,mixed,mixed,ge40,0.5307212739772434,1.0,0.4,0.6666666666666666
attack_flow,B0,attack_flow::DFIR - BumbleBee Round 2::0006,DFIR - BumbleBee Round 2,6,3,mixed,mixed,ge40,0.46927872602275644,1.0,0.2,0.3333333333333333
attack_flow,B0,attack_flow::DFIR - BumbleBee Round 2::0007,DFIR - BumbleBee Round 2,7,3,all_unseen,mixed,ge40,0.0,0.0,0.0,0.0
attack_flow,B0,attack_flow::DFIR - BumbleBee Round 2::0008,DFIR - BumbleBee Round 2,8,3,all_unseen,mixed,lt40,0.0,0.0,0.0,0.0
attack_flow,B0,attack_flow::DFIR - BumbleBee Round 2::0009,DFIR - BumbleBee Round 2,9,3,all_unseen,mixed,ge40,0.23463936301137822,1.0,0.2,0.3333333333333333
attack_flow,B0,attack_flow::DFIR - BumbleBee Round 2::0010,DFIR - BumbleBee Round 2,10,3,mixed,mixed,ge40,0.7039180890341347,1.0,0.4,0.6666666666666666
attack_flow,B0,attack_flow::DFIR - BumbleBee Round 2::0011,DFIR - BumbleBee Round 2,11,2,all_unseen,all_seen,lt40,0.9197207891481876,1.0,0.4,1.0
attack_flow,B0,attack_flow::DFIR - BumbleBee Round 2::0012,DFIR - BumbleBee Round 2,12,1,all_unseen,all_seen,ge40,0.43067655807339306,1.0,0.2,1.0
attack_flow,B0,attack_flow::Equifax Breach::0001,Equifax Breach,1,3,all_unseen,mixed,ge40,0.46927872602275644,1.0,0.2,0.3333333333333333
attack_flow,B0,attack_flow::Equifax Breach::0002,Equifax Breach,2,3,all_unseen,mixed,ge40,0.0,0.0,0.0,0.0
attack_flow,B0,attack_flow::Equifax Breach::0003,Equifax Breach,3,3,all_unseen,mixed,ge40,0.0,0.0,0.0,0.0
attack_flow,B0,attack_flow::Equifax Breach::0004,Equifax Breach,4,3,all_unseen,mixed,ge40,0.0,0.0,0.0,0.0
attack_flow,B0,attack_flow::Equifax Breach::0005,Equifax Breach,5,3,all_unseen,mixed,ge40,0.0,0.0,0.0,0.0
attack_flow,B0,attack_flow::Equifax Breach::0006,Equifax Breach,6,3,mixed,mixed,ge40,0.0,0.0,0.0,0.0
attack_flow,B0,attack_flow::Equifax Breach::0007,Equifax Breach,7,2,mixed,mixed,ge40,0.2640681225725909,1.0,0.2,0.5
attack_flow,B0,attack_flow::Equifax Breach::0008,Equifax Breach,8,1,all_unseen,all_seen,ge40,0.0,0.0,0.0,0.0
attack_flow,B0,attack_flow::FIN13 Case 1::0001,FIN13 Case 1,1,3,all_unseen,mixed,ge40,0.46927872602275644,1.0,0.2,0.3333333333333333
attack_flow,B0,attack_flow::FIN13 Case 1::0002,FIN13 Case 1,2,3,all_unseen,mixed,lt40,0.6713860725233041,1.0,0.4,0.6666666666666666
attack_flow,B0,attack_flow::FIN13 Case 1::0003,FIN13 Case 1,3,3,all_unseen,all_seen,ge40,0.18154179253735267,1.0,0.2,0.3333333333333333
attack_flow,B0,attack_flow::FIN13 Case 1::0004,FIN13 Case 1,4,3,all_unseen,all_seen,lt40,0.18154179253735267,1.0,0.2,0.3333333333333333
attack_flow,B0,attack_flow::FIN13 Case 1::0005,FIN13 Case 1,5,2,all_unseen,all_seen,ge40,0.23719771276929622,1.0,0.2,0.5
attack_flow,B0,attack_flow::FIN13 Case 1::0006,FIN13 Case 1,6,2,mixed,mixed,ge40,0.0,0.0,0.0,0.0
attack_flow,B0,attack_flow::FIN13 Case 1::0007,FIN13 Case 1,7,3,all_unseen,mixed,ge40,0.0,0.0,0.0,0.0
attack_flow,B0,attack_flow::FIN13 Case 1::0008,FIN13 Case 1,8,2,all_unseen,mixed,ge40,0.0,0.0,0.0,0.0
attack_flow,B0,attack_flow::FIN13 Case 1::0009,FIN13 Case 1,9,2,all_unseen,mixed,ge40,0.0,0.0,0.0,0.0
attack_flow,B0,attack_flow::FIN13 Case 1::0010,FIN13 Case 1,10,3,all_unseen,mixed,ge40,0.23463936301137822,1.0,0.2,0.3333333333333333
attack_flow,B0,attack_flow::FIN13 Case 1::0011,FIN13 Case 1,11,3,mixed,mixed,ge40,0.7653606369886217,1.0,0.4,0.6666666666666666
attack_flow,B0,attack_flow::FIN13 Case 1::0012,FIN13 Case 1,12,3,all_unseen,all_seen,ge40,0.7653606369886217,1.0,0.4,0.6666666666666666
attack_flow,B0,attack_flow::FIN13 Case 1::0013,FIN13 Case 1,13,3,mixed,all_seen,ge40,0.2960819109658652,1.0,0.2,0.3333333333333333
attack_flow,B0,attack_flow::FIN13 Case 1::0014,FIN13 Case 1,14,3,mixed,all_seen,ge40,0.0,0.0,0.0,0.0
attack_flow,B0,attack_flow::FIN13 Case 1::0015,FIN13 Case 1,15,3,all_unseen,all_seen,ge40,0.0,0.0,0.0,0.0
attack_flow,B0,attack_flow::FIN13 Case 1::0016,FIN13 Case 1,16,3,all_unseen,all_seen,ge40,0.0,0.0,0.0,0.0
attack_flow,B0,attack_flow::FIN13 Case 1::0017,FIN13 Case 1,17,3,mixed,all_seen,ge40,0.23463936301137822,1.0,0.2,0.3333333333333333
attack_flow,B0,attack_flow::FIN13 Case 1::0018,FIN13 Case 1,18,3,mixed,all_seen,ge40,0.23463936301137822,1.0,0.2,0.3333333333333333
attack_flow,B0,attack_flow::FIN13 Case 1::0019,FIN13 Case 1,19,3,all_unseen,all_seen,ge40,0.23463936301137822,1.0,0.2,0.3333333333333333
attack_flow,B0,attack_flow::FIN13 Case 1::0020,FIN13 Case 1,20,3,all_unseen,all_seen,ge40,0.18154179253735267,1.0,0.2,0.3333333333333333
attack_flow,B0,attack_flow::FIN13 Case 1::0021,FIN13 Case 1,21,3,mixed,mixed,ge40,0.0,0.0,0.0,0.0
attack_flow,B0,attack_flow::FIN13 Case 1::0022,FIN13 Case 1,22,3,all_unseen,mixed,ge40,0.0,0.0,0.0,0.0
attack_flow,B0,attack_flow::FIN13 Case 1::0023,FIN13 Case 1,23,3,all_unseen,mixed,ge40,0.0,0.0,0.0,0.0
attack_flow,B0,attack_flow::FIN13 Case 1::0024,FIN13 Case 1,24,3,all_unseen,mixed,ge40,0.0,0.0,0.0,0.0
attack_flow,B0,attack_flow::FIN13 Case 1::0025,FIN13 Case 1,25,3,mixed,mixed,ge40,0.0,0.0,0.0,0.0
attack_flow,B0,attack_flow::FIN13 Case 1::0029,FIN13 Case 1,29,3,all_unseen,mixed,ge40,0.7039180890341347,1.0,0.4,0.6666666666666666
attack_flow,B0,attack_flow::FIN13 Case 1::0030,FIN13 Case 1,30,2,all_unseen,mixed,ge40,0.3065735963827292,1.0,0.2,0.5
attack_flow,B0,attack_flow::FIN13 Case 1::0031,FIN13 Case 1,31,1,all_unseen,all_seen,ge40,0.5,1.0,0.2,1.0
attack_flow,B0,attack_flow::FIN13 Case 2::0001,FIN13 Case 2,1,3,all_unseen,mixed,ge40,0.18154179253735267,1.0,0.2,0.3333333333333333
attack_flow,B0,attack_flow::FIN13 Case 2::0002,FIN13 Case 2,2,3,mixed,mixed,ge40,0.20210734650054757,1.0,0.2,0.3333333333333333
attack_flow,B0,attack_flow::FIN13 Case 2::0003,FIN13 Case 2,3,3,all_unseen,mixed,lt40,0.20210734650054757,1.0,0.2,0.3333333333333333
attack_flow,B0,attack_flow::FIN13 Case 2::0004,FIN13 Case 2,4,2,all_unseen,mixed,ge40,0.3065735963827292,1.0,0.2,0.5
attack_flow,B0,attack_flow::FIN13 Case 2::0005,FIN13 Case 2,5,3,mixed,mixed,ge40,0.6713860725233041,1.0,0.4,0.6666666666666666
attack_flow,B0,attack_flow::FIN13 Case 2::0007,FIN13 Case 2,7,3,all_unseen,all_seen,lt40,0.2960819109658652,1.0,0.2,0.3333333333333333
attack_flow,B0,attack_flow::FIN13 Case 2::0008,FIN13 Case 2,8,3,all_unseen,mixed,ge40,0.0,0.0,0.0,0.0
attack_flow,B0,attack_flow::FIN13 Case 2::0009,FIN13 Case 2,9,3,all_unseen,mixed,ge40,0.0,0.0,0.0,0.0
attack_flow,B0,attack_flow::FIN13 Case 2::0010,FIN13 Case 2,10,3,all_unseen,mixed,ge40,0.23463936301137822,1.0,0.2,0.3333333333333333
attack_flow,B0,attack_flow::FIN13 Case 2::0011,FIN13 Case 2,11,3,all_unseen,mixed,ge40,0.0,0.0,0.0,0.0
attack_flow,B0,attack_flow::FIN13 Case 2::0012,FIN13 Case 2,12,3,all_unseen,mixed,lt40,0.2960819109658652,1.0,0.2,0.3333333333333333
attack_flow,B0,attack_flow::FIN13 Case 2::0013,FIN13 Case 2,13,2,all_unseen,mixed,ge40,0.0,0.0,0.0,0.0
attack_flow,B0,attack_flow::FIN13 Case 2::0014,FIN13 Case 2,14,1,all_unseen,all_seen,ge40,0.0,0.0,0.0,0.0
attack_flow,B0,attack_flow::Gootloader::0001,Gootloader,1,3,all_unseen,all_seen,ge40,0.20210734650054757,1.0,0.2,0.3333333333333333
attack_flow,B0,attack_flow::Gootloader::0002,Gootloader,2,3,mixed,all_seen,ge40,0.7653606369886217,1.0,0.4,0.6666666666666666
attack_flow,B0,attack_flow::Gootloader::0003,Gootloader,3,2,mixed,all_seen,ge40,0.6131471927654584,1.0,0.2,0.5
attack_flow,B0,attack_flow::Gootloader::0005,Gootloader,5,3,all_unseen,all_seen,ge40,0.46927872602275644,1.0,0.2,0.3333333333333333
attack_flow,B0,attack_flow::Gootloader::0006,Gootloader,6,3,all_unseen,all_seen,ge40,0.0,0.0,0.0,0.0
attack_flow,B0,attack_flow::Gootloader::0007,Gootloader,7,3,all_unseen,all_seen,ge40,0.46927872602275644,1.0,0.2,0.3333333333333333
attack_flow,B0,attack_flow::Gootloader::0008,Gootloader,8,3,all_unseen,all_seen,ge40,0.46927872602275644,1.0,0.2,0.3333333333333333
attack_flow,B0,attack_flow::Gootloader::0009,Gootloader,9,2,all_unseen,all_seen,ge40,0.0,0.0,0.0,0.0
attack_flow,B0,attack_flow::Gootloader::0010,Gootloader,10,3,all_unseen,all_seen,ge40,0.0,0.0,0.0,0.0
attack_flow,B0,attack_flow::Gootloader::0011,Gootloader,11,3,all_unseen,all_seen,ge40,0.0,0.0,0.0,0.0
attack_flow,B0,attack_flow::Gootloader::0012,Gootloader,12,3,all_unseen,all_seen,ge40,0.0,0.0,0.0,0.0
attack_flow,B0,attack_flow::Gootloader::0013,Gootloader,13,2,mixed,all_seen,ge40,0.0,0.0,0.0,0.0
attack_flow,B0,attack_flow::Gootloader::0014,Gootloader,14,2,all_unseen,all_seen,ge40,0.0,0.0,0.0,0.0
attack_flow,B0,attack_flow::Gootloader::0015,Gootloader,15,3,all_unseen,all_seen,ge40,0.46927872602275644,1.0,0.2,0.3333333333333333
attack_flow,B0,attack_flow::Gootloader::0016,Gootloader,16,2,all_unseen,all_seen,ge40,0.6131471927654584,1.0,0.2,0.5
attack_flow,B0,attack_flow::Gootloader::0017,Gootloader,17,2,all_unseen,all_seen,ge40,0.6131471927654584,1.0,0.2,0.5
attack_flow,B0,attack_flow::Gootloader::0018,Gootloader,18,2,mixed,all_seen,ge40,0.6131471927654584,1.0,0.2,0.5
attack_flow,B0,attack_flow::Gootloader::0019,Gootloader,19,2,mixed,all_seen,ge40,0.6131471927654584,1.0,0.2,0.5
attack_flow,B0,attack_flow::Gootloader::0020,Gootloader,20,1,all_unseen,all_seen,ge40,1.0,1.0,0.2,1.0
attack_flow,B0,attack_flow::Gootloader::0021,Gootloader,21,2,mixed,all_seen,ge40,0.8772153153380493,1.0,0.4,1.0
attack_flow,B0,attack_flow::Gootloader::0022,Gootloader,22,2,mixed,all_seen,ge40,0.9197207891481876,1.0,0.4,1.0
attack_flow,B0,attack_flow::Gootloader::0023,Gootloader,23,2,mixed,all_seen,ge40,0.0,0.0,0.0,0.0
attack_flow,B0,attack_flow::Gootloader::0024,Gootloader,24,3,all_unseen,mixed,ge40,0.0,0.0,0.0,0.0
attack_flow,B0,attack_flow::Gootloader::0025,Gootloader,25,3,all_unseen,mixed,ge40,0.0,0.0,0.0,0.0
attack_flow,B0,attack_flow::Gootloader::0026,Gootloader,26,2,all_unseen,mixed,ge40,0.0,0.0,0.0,0.0
attack_flow,B0,attack_flow::Gootloader::0027,Gootloader,27,3,all_unseen,mixed,ge40,0.0,0.0,0.0,0.0
attack_flow,B0,attack_flow::Gootloader::0028,Gootloader,28,2,all_unseen,mixed,ge40,0.0,0.0,0.0,0.0
attack_flow,B0,attack_flow::Gootloader::0029,Gootloader,29,1,all_unseen,all_seen,ge40,0.0,0.0,0.0,0.0
attack_flow,B0,attack_flow::Hancitor DLL::0001,Hancitor DLL,1,3,mixed,all_seen,ge40,0.7653606369886217,1.0,0.4,0.6666666666666666
attack_flow,B0,attack_flow::Hancitor DLL::0002,Hancitor DLL,2,3,mixed,all_seen,lt40,0.46927872602275644,1.0,0.2,0.3333333333333333
attack_flow,B0,attack_flow::Hancitor DLL::0003,Hancitor DLL,3,3,mixed,all_seen,lt40,0.2960819109658652,1.0,0.2,0.3333333333333333
attack_flow,B0,attack_flow::Hancitor DLL::0004,Hancitor DLL,4,3,all_unseen,all_seen,lt40,0.23463936301137822,1.0,0.2,0.3333333333333333
attack_flow,B0,attack_flow::Hancitor DLL::0005,Hancitor DLL,5,3,mixed,all_seen,ge40,0.49818925746641285,1.0,0.4,0.6666666666666666
attack_flow,B0,attack_flow::Hancitor DLL::0006,Hancitor DLL,6,3,all_unseen,mixed,ge40,0.2960819109658652,1.0,0.2,0.3333333333333333
attack_flow,B0,attack_flow::Hancitor DLL::0007,Hancitor DLL,7,3,mixed,mixed,lt40,0.0,0.0,0.0,0.0
attack_flow,B0,attack_flow::Hancitor DLL::0008,Hancitor DLL,8,3,all_unseen,mixed,ge40,0.0,0.0,0.0,0.0
attack_flow,B0,attack_flow::Hancitor DLL::0010,Hancitor DLL,10,3,all_unseen,all_seen,lt40,0.7653606369886217,1.0,0.4,0.6666666666666666
attack_flow,B0,attack_flow::Hancitor DLL::0011,Hancitor DLL,11,3,all_unseen,all_seen,ge40,0.7653606369886217,1.0,0.4,0.6666666666666666
attack_flow,B0,attack_flow::Hancitor DLL::0012,Hancitor DLL,12,2,mixed,all_seen,ge40,0.38685280723454163,1.0,0.2,0.5
attack_flow,B0,attack_flow::Hancitor DLL::0013,Hancitor DLL,13,3,mixed,mixed,ge40,0.2960819109658652,1.0,0.2,0.3333333333333333
attack_flow,B0,attack_flow::Hancitor DLL::0014,Hancitor DLL,14,3,all_unseen,mixed,ge40,0.2960819109658652,1.0,0.2,0.3333333333333333
attack_flow,B0,attack_flow::Hancitor DLL::0015,Hancitor DLL,15,3,mixed,mixed,ge40,0.2960819109658652,1.0,0.2,0.3333333333333333
attack_flow,B0,attack_flow::Hancitor DLL::0016,Hancitor DLL,16,3,all_unseen,all_seen,ge40,0.38364913903790027,1.0,0.4,0.6666666666666666
attack_flow,B0,attack_flow::Hancitor DLL::0017,Hancitor DLL,17,3,mixed,mixed,ge40,0.38364913903790027,1.0,0.4,0.6666666666666666
attack_flow,B0,attack_flow::Hancitor DLL::0018,Hancitor DLL,18,2,mixed,mixed,ge40,0.6131471927654584,1.0,0.2,0.5
attack_flow,B0,attack_flow::Hancitor DLL::0019,Hancitor DLL,19,1,all_unseen,all_unseen,ge40,0.0,0.0,0.0,0.0
attack_flow,B0,attack_flow::Ivanti Vulnerabilities::0001,Ivanti Vulnerabilities,1,3,all_unseen,mixed,ge40,0.23463936301137822,1.0,0.2,0.3333333333333333
attack_flow,B0,attack_flow::Ivanti Vulnerabilities::0002,Ivanti Vulnerabilities,2,3,all_unseen,all_seen,ge40,0.4367467095119258,1.0,0.4,0.6666666666666666
attack_flow,B0,attack_flow::Ivanti Vulnerabilities::0003,Ivanti Vulnerabilities,3,3,mixed,all_seen,ge40,0.5307212739772434,1.0,0.4,0.6666666666666666
attack_flow,B0,attack_flow::Ivanti Vulnerabilities::0004,Ivanti Vulnerabilities,4,2,all_unseen,all_seen,ge40,0.38685280723454163,1.0,0.2,0.5
attack_flow,B0,attack_flow::Ivanti Vulnerabilities::0005,Ivanti Vulnerabilities,5,1,all_seen,all_seen,ge40,0.0,0.0,0.0,0.0
attack_flow,B0,attack_flow::JP Morgan Breach::0001,JP Morgan Breach,1,3,all_unseen,mixed,ge40,0.0,0.0,0.0,0.0
attack_flow,B0,attack_flow::JP Morgan Breach::0002,JP Morgan Breach,2,3,mixed,mixed,ge40,0.0,0.0,0.0,0.0
attack_flow,B0,attack_flow::JP Morgan Breach::0003,JP Morgan Breach,3,3,all_unseen,mixed,ge40,0.0,0.0,0.0,0.0
attack_flow,B0,attack_flow::JP Morgan Breach::0004,JP Morgan Breach,4,3,all_unseen,mixed,ge40,0.0,0.0,0.0,0.0
attack_flow,B0,attack_flow::JP Morgan Breach::0005,JP Morgan Breach,5,2,all_unseen,all_unseen,ge40,0.0,0.0,0.0,0.0
attack_flow,B0,attack_flow::JP Morgan Breach::0006,JP Morgan Breach,6,2,all_unseen,mixed,ge40,0.0,0.0,0.0,0.0
attack_flow,B0,attack_flow::JP Morgan Breach::0008,JP Morgan Breach,8,2,all_unseen,mixed,ge40,0.0,0.0,0.0,0.0
attack_flow,B0,attack_flow::JP Morgan Breach::0009,JP Morgan Breach,9,1,all_unseen,all_unseen,ge40,0.0,0.0,0.0,0.0
attack_flow,B0,attack_flow::MITRE NERVE::0001,MITRE NERVE,1,3,all_unseen,mixed,ge40,0.46927872602275644,1.0,0.2,0.3333333333333333
attack_flow,B0,attack_flow::MITRE NERVE::0002,MITRE NERVE,2,3,all_unseen,mixed,ge40,0.5307212739772434,1.0,0.4,0.6666666666666666
attack_flow,B0,attack_flow::MITRE NERVE::0003,MITRE NERVE,3,3,all_unseen,all_seen,ge40,0.7039180890341347,1.0,0.4,0.6666666666666666
attack_flow,B0,attack_flow::MITRE NERVE::0004,MITRE NERVE,4,3,all_unseen,all_seen,ge40,0.46927872602275644,1.0,0.2,0.3333333333333333
attack_flow,B0,attack_flow::MITRE NERVE::0005,MITRE NERVE,5,3,all_unseen,all_seen,ge40,0.0,0.0,0.0,0.0
attack_flow,B0,attack_flow::MITRE NERVE::0006,MITRE NERVE,6,2,mixed,all_seen,ge40,0.0,0.0,0.0,0.0
attack_flow,B0,attack_flow::MITRE NERVE::0007,MITRE NERVE,7,1,all_seen,all_seen,ge40,0.0,0.0,0.0,0.0
attack_flow,B0,attack_flow::Maastricht University Ransomware::0001,Maastricht University Ransomware,1,3,mixed,mixed,ge40,0.7653606369886217,1.0,0.4,0.6666666666666666
attack_flow,B0,attack_flow::Maastricht University Ransomware::0003,Maastricht University Ransomware,3,3,mixed,mixed,ge40,0.20210734650054757,1.0,0.2,0.3333333333333333
attack_flow,B0,attack_flow::Maastricht University Ransomware::0004,Maastricht University Ransomware,4,3,all_unseen,mixed,ge40,0.7039180890341347,1.0,0.4,0.6666666666666666
attack_flow,B0,attack_flow::Maastricht University Ransomware::0005,Maastricht University Ransomware,5,3,all_unseen,all_seen,ge40,0.2960819109658652,1.0,0.2,0.3333333333333333
attack_flow,B0,attack_flow::Maastricht University Ransomware::0006,Maastricht University Ransomware,6,3,mixed,all_seen,ge40,0.23463936301137822,1.0,0.2,0.3333333333333333
attack_flow,B0,attack_flow::Maastricht University Ransomware::0007,Maastricht University Ransomware,7,3,mixed,all_seen,ge40,0.18154179253735267,1.0,0.2,0.3333333333333333
attack_flow,B0,attack_flow::Maastricht University Ransomware::0008,Maastricht University Ransomware,8,2,mixed,all_seen,ge40,0.3065735963827292,1.0,0.2,0.5
attack_flow,B0,attack_flow::Maastricht University Ransomware::0009,Maastricht University Ransomware,9,2,mixed,all_seen,ge40,0.6131471927654584,1.0,0.2,0.5
attack_flow,B0,attack_flow::Maastricht University Ransomware::0010,Maastricht University Ransomware,10,2,all_unseen,all_seen,ge40,0.3065735963827292,1.0,0.2,0.5
attack_flow,B0,attack_flow::Maastricht University Ransomware::0011,Maastricht University Ransomware,11,1,all_unseen,all_seen,ge40,0.6309297535714575,1.0,0.2,1.0
attack_flow,B0,attack_flow::Mac Malware Steals Crypto::0001,Mac Malware Steals Crypto,1,3,mixed,mixed,ge40,0.38364913903790027,1.0,0.4,0.6666666666666666
attack_flow,B0,attack_flow::Mac Malware Steals Crypto::0002,Mac Malware Steals Crypto,2,3,all_unseen,all_seen,ge40,0.20210734650054757,1.0,0.2,0.3333333333333333
attack_flow,B0,attack_flow::Mac Malware Steals Crypto::0004,Mac Malware Steals Crypto,4,1,all_unseen,all_seen,ge40,0.0,0.0,0.0,0.0
attack_flow,B0,attack_flow::Marriott Breach::0001,Marriott Breach,1,3,all_unseen,mixed,ge40,0.0,0.0,0.0,0.0
attack_flow,B0,attack_flow::Marriott Breach::0002,Marriott Breach,2,3,mixed,mixed,ge40,0.0,0.0,0.0,0.0
attack_flow,B0,attack_flow::Marriott Breach::0003,Marriott Breach,3,2,all_unseen,mixed,ge40,0.0,0.0,0.0,0.0
attack_flow,B0,attack_flow::Marriott Breach::0004,Marriott Breach,4,1,all_unseen,all_seen,ge40,0.0,0.0,0.0,0.0
attack_flow,B0,attack_flow::Muddy Water::0001,Muddy Water,1,2,all_seen,all_seen,ge40,1.0,1.0,0.4,1.0
attack_flow,B0,attack_flow::Muddy Water::0002,Muddy Water,2,3,mixed,all_seen,ge40,0.7039180890341347,1.0,0.4,0.6666666666666666
attack_flow,B0,attack_flow::Muddy Water::0003,Muddy Water,3,2,all_seen,all_seen,ge40,0.9197207891481876,1.0,0.4,1.0
attack_flow,B0,attack_flow::Muddy Water::0004,Muddy Water,4,2,all_unseen,all_seen,ge40,0.9197207891481876,1.0,0.4,1.0
attack_flow,B0,attack_flow::Muddy Water::0005,Muddy Water,5,2,mixed,all_seen,ge40,0.8503449055347546,1.0,0.4,1.0
attack_flow,B0,attack_flow::Muddy Water::0006,Muddy Water,6,2,mixed,all_seen,ge40,0.9197207891481876,1.0,0.4,1.0
attack_flow,B0,attack_flow::Muddy Water::0008,Muddy Water,8,2,all_seen,all_seen,ge40,0.6131471927654584,1.0,0.2,0.5
attack_flow,B0,attack_flow::Muddy Water::0009,Muddy Water,9,1,all_unseen,all_seen,lt40,0.0,0.0,0.0,0.0
attack_flow,B0,attack_flow::NotPetya::0001,NotPetya,1,1,all_unseen,all_unseen,ge40,0.0,0.0,0.0,0.0
attack_flow,B0,attack_flow::NotPetya::0002,NotPetya,2,2,all_unseen,mixed,ge40,0.0,0.0,0.0,0.0
attack_flow,B0,attack_flow::NotPetya::0003,NotPetya,3,3,all_unseen,mixed,ge40,0.46927872602275644,1.0,0.2,0.3333333333333333
attack_flow,B0,attack_flow::NotPetya::0004,NotPetya,4,3,all_unseen,all_seen,ge40,0.0,0.0,0.0,0.0
attack_flow,B0,attack_flow::NotPetya::0008,NotPetya,8,3,all_unseen,mixed,ge40,0.0,0.0,0.0,0.0
attack_flow,B0,attack_flow::NotPetya::0009,NotPetya,9,3,all_unseen,mixed,ge40,0.0,0.0,0.0,0.0
attack_flow,B0,attack_flow::NotPetya::0010,NotPetya,10,3,all_unseen,mixed,ge40,0.2960819109658652,1.0,0.2,0.3333333333333333
attack_flow,B0,attack_flow::NotPetya::0011,NotPetya,11,3,all_unseen,all_seen,ge40,0.20210734650054757,1.0,0.2,0.3333333333333333
attack_flow,B0,attack_flow::NotPetya::0012,NotPetya,12,3,all_unseen,all_seen,ge40,0.4367467095119258,1.0,0.4,0.6666666666666666
attack_flow,B0,attack_flow::NotPetya::0013,NotPetya,13,3,mixed,all_seen,lt40,0.23463936301137822,1.0,0.2,0.3333333333333333
attack_flow,B0,attack_flow::NotPetya::0014,NotPetya,14,3,all_unseen,mixed,ge40,0.2960819109658652,1.0,0.2,0.3333333333333333
attack_flow,B0,attack_flow::NotPetya::0015,NotPetya,15,2,mixed,mixed,ge40,0.0,0.0,0.0,0.0
attack_flow,B0,attack_flow::NotPetya::0016,NotPetya,16,1,all_unseen,all_unseen,ge40,0.0,0.0,0.0,0.0
attack_flow,B0,attack_flow::OceanLotus::0001,OceanLotus,1,3,mixed,mixed,ge40,0.46927872602275644,1.0,0.2,0.3333333333333333
attack_flow,B0,attack_flow::OceanLotus::0002,OceanLotus,2,3,mixed,all_seen,ge40,0.46927872602275644,1.0,0.2,0.3333333333333333
attack_flow,B0,attack_flow::OceanLotus::0003,OceanLotus,3,3,all_unseen,all_seen,ge40,0.0,0.0,0.0,0.0
attack_flow,B0,attack_flow::OceanLotus::0004,OceanLotus,4,3,mixed,all_seen,ge40,0.0,0.0,0.0,0.0
attack_flow,B0,attack_flow::OceanLotus::0005,OceanLotus,5,3,all_unseen,all_seen,ge40,0.0,0.0,0.0,0.0
attack_flow,B0,attack_flow::OceanLotus::0006,OceanLotus,6,3,all_unseen,all_seen,ge40,0.0,0.0,0.0,0.0
attack_flow,B0,attack_flow::OceanLotus::0007,OceanLotus,7,3,all_seen,all_seen,ge40,0.0,0.0,0.0,0.0
attack_flow,B0,attack_flow::OceanLotus::0008,OceanLotus,8,3,mixed,all_seen,ge40,0.23463936301137822,1.0,0.2,0.3333333333333333
attack_flow,B0,attack_flow::OceanLotus::0009,OceanLotus,9,3,mixed,all_seen,ge40,0.4367467095119258,1.0,0.4,0.6666666666666666
attack_flow,B0,attack_flow::OceanLotus::0010,OceanLotus,10,2,all_seen,all_seen,ge40,0.8772153153380493,1.0,0.4,1.0
attack_flow,B0,attack_flow::OceanLotus::0011,OceanLotus,11,2,all_seen,all_seen,ge40,0.8503449055347546,1.0,0.4,1.0
attack_flow,B0,attack_flow::OceanLotus::0012,OceanLotus,12,3,mixed,all_seen,ge40,0.6508205185601091,1.0,0.4,0.6666666666666666
attack_flow,B0,attack_flow::OceanLotus::0013,OceanLotus,13,3,mixed,all_seen,ge40,0.6508205185601091,1.0,0.4,0.6666666666666666
attack_flow,B0,attack_flow::OceanLotus::0014,OceanLotus,14,3,mixed,all_seen,ge40,0.0,0.0,0.0,0.0
attack_flow,B0,attack_flow::OceanLotus::0015,OceanLotus,15,3,mixed,all_seen,ge40,0.0,0.0,0.0,0.0
attack_flow,B0,attack_flow::OceanLotus::0016,OceanLotus,16,3,all_unseen,all_seen,ge40,0.0,0.0,0.0,0.0
attack_flow,B0,attack_flow::OceanLotus::0017,OceanLotus,17,3,all_unseen,all_seen,ge40,0.0,0.0,0.0,0.0
attack_flow,B0,attack_flow::OceanLotus::0018,OceanLotus,18,3,all_unseen,all_seen,ge40,0.0,0.0,0.0,0.0
attack_flow,B0,attack_flow::OceanLotus::0019,OceanLotus,19,2,mixed,all_seen,ge40,0.0,0.0,0.0,0.0
attack_flow,B0,attack_flow::OceanLotus::0020,OceanLotus,20,1,all_seen,all_seen,lt40,0.0,0.0,0.0,0.0
attack_flow,B0,attack_flow::REvil::0001,REvil,1,3,all_unseen,mixed,ge40,0.0,0.0,0.0,0.0
attack_flow,B0,attack_flow::REvil::0002,REvil,2,3,all_unseen,all_seen,ge40,0.0,0.0,0.0,0.0
attack_flow,B0,attack_flow::REvil::0003,REvil,3,3,all_unseen,all_seen,ge40,0.0,0.0,0.0,0.0
attack_flow,B0,attack_flow::REvil::0004,REvil,4,3,all_unseen,all_seen,ge40,0.0,0.0,0.0,0.0
attack_flow,B0,attack_flow::REvil::0005,REvil,5,3,all_unseen,all_seen,ge40,0.0,0.0,0.0,0.0
attack_flow,B0,attack_flow::REvil::0006,REvil,6,3,all_unseen,all_seen,ge40,0.0,0.0,0.0,0.0
attack_flow,B0,attack_flow::REvil::0007,REvil,7,3,all_unseen,all_seen,ge40,0.0,0.0,0.0,0.0
attack_flow,B0,attack_flow::REvil::0008,REvil,8,3,all_unseen,all_seen,ge40,0.0,0.0,0.0,0.0
attack_flow,B0,attack_flow::REvil::0009,REvil,9,3,mixed,mixed,ge40,0.46927872602275644,1.0,0.2,0.3333333333333333
attack_flow,B0,attack_flow::REvil::0010,REvil,10,3,all_unseen,mixed,ge40,0.0,0.0,0.0,0.0
attack_flow,B0,attack_flow::REvil::0011,REvil,11,3,all_unseen,mixed,ge40,0.0,0.0,0.0,0.0
attack_flow,B0,attack_flow::REvil::0012,REvil,12,3,all_unseen,all_seen,ge40,0.46927872602275644,1.0,0.2,0.3333333333333333
attack_flow,B0,attack_flow::REvil::0013,REvil,13,3,all_unseen,mixed,ge40,0.46927872602275644,1.0,0.2,0.3333333333333333
attack_flow,B0,attack_flow::REvil::0014,REvil,14,3,all_unseen,mixed,ge40,0.46927872602275644,1.0,0.2,0.3333333333333333
attack_flow,B0,attack_flow::REvil::0015,REvil,15,3,all_unseen,mixed,ge40,0.0,0.0,0.0,0.0
attack_flow,B0,attack_flow::REvil::0016,REvil,16,3,all_unseen,mixed,ge40,0.0,0.0,0.0,0.0
attack_flow,B0,attack_flow::REvil::0017,REvil,17,2,all_unseen,mixed,ge40,0.0,0.0,0.0,0.0
attack_flow,B0,attack_flow::REvil::0018,REvil,18,1,all_unseen,all_seen,ge40,0.0,0.0,0.0,0.0
attack_flow,B0,attack_flow::Ragnar Locker::0001,Ragnar Locker,1,3,all_unseen,mixed,ge40,0.0,0.0,0.0,0.0
attack_flow,B0,attack_flow::Ragnar Locker::0002,Ragnar Locker,2,3,mixed,mixed,ge40,0.0,0.0,0.0,0.0
attack_flow,B0,attack_flow::Ragnar Locker::0003,Ragnar Locker,3,2,all_unseen,all_seen,lt40,0.0,0.0,0.0,0.0
attack_flow,B0,attack_flow::Ragnar Locker::0004,Ragnar Locker,4,2,all_unseen,all_seen,ge40,0.0,0.0,0.0,0.0
attack_flow,B0,attack_flow::Ragnar Locker::0005,Ragnar Locker,5,3,mixed,mixed,ge40,0.0,0.0,0.0,0.0
attack_flow,B0,attack_flow::Ragnar Locker::0006,Ragnar Locker,6,3,mixed,mixed,ge40,0.0,0.0,0.0,0.0
attack_flow,B0,attack_flow::Ragnar Locker::0007,Ragnar Locker,7,3,all_unseen,mixed,ge40,0.0,0.0,0.0,0.0
attack_flow,B0,attack_flow::Ragnar Locker::0008,Ragnar Locker,8,3,all_unseen,mixed,ge40,0.0,0.0,0.0,0.0
attack_flow,B0,attack_flow::Ragnar Locker::0009,Ragnar Locker,9,3,all_unseen,mixed,ge40,0.0,0.0,0.0,0.0
attack_flow,B0,attack_flow::Ragnar Locker::0010,Ragnar Locker,10,3,all_unseen,all_seen,ge40,0.6508205185601091,1.0,0.4,0.6666666666666666
attack_flow,B0,attack_flow::Ragnar Locker::0011,Ragnar Locker,11,2,all_unseen,all_seen,ge40,0.8772153153380493,1.0,0.4,1.0
attack_flow,B0,attack_flow::Ragnar Locker::0012,Ragnar Locker,12,1,all_unseen,all_seen,ge40,1.0,1.0,0.2,1.0
attack_flow,B0,attack_flow::SWIFT Heist::0001,SWIFT Heist,1,3,all_unseen,all_seen,ge40,0.41618115554873086,1.0,0.4,0.6666666666666666
attack_flow,B0,attack_flow::SWIFT Heist::0002,SWIFT Heist,2,3,all_unseen,all_seen,ge40,0.18154179253735267,1.0,0.2,0.3333333333333333
attack_flow,B0,attack_flow::SWIFT Heist::0003,SWIFT Heist,3,2,mixed,all_seen,lt40,0.0,0.0,0.0,0.0
attack_flow,B0,attack_flow::SWIFT Heist::0004,SWIFT Heist,4,1,all_seen,all_seen,ge40,0.0,0.0,0.0,0.0
attack_flow,B0,attack_flow::SearchAwesome Adware::0001,SearchAwesome Adware,1,3,mixed,mixed,ge40,0.18154179253735267,1.0,0.2,0.3333333333333333
attack_flow,B0,attack_flow::SearchAwesome Adware::0002,SearchAwesome Adware,2,2,all_unseen,mixed,ge40,0.0,0.0,0.0,0.0
attack_flow,B0,attack_flow::SearchAwesome Adware::0003,SearchAwesome Adware,3,3,all_unseen,mixed,lt40,0.18154179253735267,1.0,0.2,0.3333333333333333
attack_flow,B0,attack_flow::SearchAwesome Adware::0004,SearchAwesome Adware,4,3,all_unseen,mixed,ge40,0.0,0.0,0.0,0.0
attack_flow,B0,attack_flow::SearchAwesome Adware::0005,SearchAwesome Adware,5,3,all_unseen,mixed,ge40,0.0,0.0,0.0,0.0
attack_flow,B0,attack_flow::SearchAwesome Adware::0006,SearchAwesome Adware,6,3,mixed,mixed,ge40,0.20210734650054757,1.0,0.2,0.3333333333333333
attack_flow,B0,attack_flow::SearchAwesome Adware::0007,SearchAwesome Adware,7,3,all_unseen,mixed,ge40,0.18154179253735267,1.0,0.2,0.3333333333333333
attack_flow,B0,attack_flow::SearchAwesome Adware::0008,SearchAwesome Adware,8,3,all_unseen,mixed,ge40,0.0,0.0,0.0,0.0
attack_flow,B0,attack_flow::SearchAwesome Adware::0009,SearchAwesome Adware,9,2,mixed,mixed,ge40,0.0,0.0,0.0,0.0
attack_flow,B0,attack_flow::SearchAwesome Adware::0010,SearchAwesome Adware,10,1,all_unseen,all_seen,ge40,0.0,0.0,0.0,0.0
attack_flow,B0,attack_flow::Shamoon::0001,Shamoon,1,3,mixed,all_seen,ge40,0.0,0.0,0.0,0.0
attack_flow,B0,attack_flow::Shamoon::0002,Shamoon,2,3,all_unseen,all_seen,ge40,0.18154179253735267,1.0,0.2,0.3333333333333333
attack_flow,B0,attack_flow::Shamoon::0003,Shamoon,3,3,mixed,all_seen,ge40,0.0,0.0,0.0,0.0
attack_flow,B0,attack_flow::Shamoon::0004,Shamoon,4,3,mixed,all_seen,ge40,0.18154179253735267,1.0,0.2,0.3333333333333333
attack_flow,B0,attack_flow::Shamoon::0005,Shamoon,5,3,all_seen,all_seen,ge40,0.0,0.0,0.0,0.0
attack_flow,B0,attack_flow::Shamoon::0006,Shamoon,6,3,all_unseen,all_seen,ge40,0.0,0.0,0.0,0.0
attack_flow,B0,attack_flow::Shamoon::0007,Shamoon,7,3,mixed,all_seen,ge40,0.0,0.0,0.0,0.0
attack_flow,B0,attack_flow::Shamoon::0008,Shamoon,8,3,all_unseen,all_seen,ge40,0.0,0.0,0.0,0.0
attack_flow,B0,attack_flow::Shamoon::0009,Shamoon,9,3,all_unseen,all_seen,ge40,0.0,0.0,0.0,0.0
attack_flow,B0,attack_flow::Shamoon::0010,Shamoon,10,3,all_unseen,all_seen,ge40,0.0,0.0,0.0,0.0
attack_flow,B0,attack_flow::Shamoon::0011,Shamoon,11,3,mixed,all_seen,ge40,0.18154179253735267,1.0,0.2,0.3333333333333333
attack_flow,B0,attack_flow::Shamoon::0012,Shamoon,12,3,mixed,all_seen,ge40,0.18154179253735267,1.0,0.2,0.3333333333333333
attack_flow,B0,attack_flow::Shamoon::0013,Shamoon,13,3,all_unseen,all_seen,ge40,0.0,0.0,0.0,0.0
attack_flow,B0,attack_flow::Shamoon::0014,Shamoon,14,3,mixed,all_seen,ge40,0.0,0.0,0.0,0.0
attack_flow,B0,attack_flow::Shamoon::0015,Shamoon,15,3,all_unseen,all_seen,ge40,0.0,0.0,0.0,0.0
attack_flow,B0,attack_flow::Shamoon::0016,Shamoon,16,3,all_unseen,all_seen,lt40,0.0,0.0,0.0,0.0
attack_flow,B0,attack_flow::Shamoon::0017,Shamoon,17,2,all_unseen,all_seen,ge40,0.0,0.0,0.0,0.0
attack_flow,B0,attack_flow::Shamoon::0018,Shamoon,18,1,all_unseen,all_seen,ge40,0.0,0.0,0.0,0.0
attack_flow,B0,attack_flow::SolarWinds::0001,SolarWinds,1,3,all_unseen,mixed,ge40,0.0,0.0,0.0,0.0
attack_flow,B0,attack_flow::SolarWinds::0002,SolarWinds,2,3,all_unseen,mixed,ge40,0.0,0.0,0.0,0.0
attack_flow,B0,attack_flow::SolarWinds::0003,SolarWinds,3,3,all_unseen,mixed,ge40,0.0,0.0,0.0,0.0
attack_flow,B0,attack_flow::SolarWinds::0004,SolarWinds,4,3,all_unseen,mixed,ge40,0.0,0.0,0.0,0.0
attack_flow,B0,attack_flow::SolarWinds::0005,SolarWinds,5,3,all_unseen,mixed,ge40,0.0,0.0,0.0,0.0
attack_flow,B0,attack_flow::SolarWinds::0006,SolarWinds,6,3,all_unseen,mixed,ge40,0.0,0.0,0.0,0.0
attack_flow,B0,attack_flow::SolarWinds::0007,SolarWinds,7,2,all_unseen,all_seen,ge40,0.0,0.0,0.0,0.0
attack_flow,B0,attack_flow::SolarWinds::0008,SolarWinds,8,3,all_unseen,all_seen,ge40,0.0,0.0,0.0,0.0
attack_flow,B0,attack_flow::SolarWinds::0009,SolarWinds,9,3,all_unseen,all_seen,ge40,0.18154179253735267,1.0,0.2,0.3333333333333333
attack_flow,B0,attack_flow::SolarWinds::0010,SolarWinds,10,3,mixed,all_seen,ge40,0.0,0.0,0.0,0.0
attack_flow,B0,attack_flow::SolarWinds::0011,SolarWinds,11,3,mixed,all_seen,ge40,0.0,0.0,0.0,0.0
attack_flow,B0,attack_flow::SolarWinds::0012,SolarWinds,12,3,mixed,all_seen,ge40,0.0,0.0,0.0,0.0
attack_flow,B0,attack_flow::SolarWinds::0013,SolarWinds,13,3,all_unseen,all_seen,ge40,0.0,0.0,0.0,0.0
attack_flow,B0,attack_flow::SolarWinds::0014,SolarWinds,14,3,mixed,all_seen,ge40,0.0,0.0,0.0,0.0
attack_flow,B0,attack_flow::SolarWinds::0015,SolarWinds,15,3,all_unseen,all_seen,ge40,0.0,0.0,0.0,0.0
attack_flow,B0,attack_flow::SolarWinds::0016,SolarWinds,16,2,all_unseen,all_seen,ge40,0.6131471927654584,1.0,0.2,0.5
attack_flow,B0,attack_flow::Sony Malware::0001,Sony Malware,1,3,mixed,all_seen,ge40,0.0,0.0,0.0,0.0
attack_flow,B0,attack_flow::Sony Malware::0002,Sony Malware,2,3,mixed,all_seen,ge40,0.0,0.0,0.0,0.0
attack_flow,B0,attack_flow::Sony Malware::0003,Sony Malware,3,3,all_unseen,mixed,ge40,0.18154179253735267,1.0,0.2,0.3333333333333333
attack_flow,B0,attack_flow::Sony Malware::0004,Sony Malware,4,3,all_unseen,mixed,ge40,0.18154179253735267,1.0,0.2,0.3333333333333333
attack_flow,B0,attack_flow::Sony Malware::0005,Sony Malware,5,3,mixed,mixed,ge40,0.46927872602275644,1.0,0.2,0.3333333333333333
attack_flow,B0,attack_flow::Sony Malware::0006,Sony Malware,6,3,all_unseen,mixed,ge40,0.46927872602275644,1.0,0.2,0.3333333333333333
attack_flow,B0,attack_flow::Sony Malware::0007,Sony Malware,7,3,all_unseen,mixed,ge40,0.46927872602275644,1.0,0.2,0.3333333333333333
attack_flow,B0,attack_flow::Sony Malware::0008,Sony Malware,8,3,all_unseen,mixed,ge40,0.0,0.0,0.0,0.0
attack_flow,B0,attack_flow::Sony Malware::0009,Sony Malware,9,3,all_unseen,mixed,ge40,0.0,0.0,0.0,0.0
attack_flow,B0,attack_flow::Sony Malware::0010,Sony Malware,10,3,all_unseen,mixed,ge40,0.0,0.0,0.0,0.0
attack_flow,B0,attack_flow::Sony Malware::0011,Sony Malware,11,2,all_unseen,mixed,ge40,0.0,0.0,0.0,0.0
attack_flow,B0,attack_flow::Sony Malware::0012,Sony Malware,12,1,all_unseen,all_unseen,lt40,0.0,0.0,0.0,0.0
attack_flow,B0,attack_flow::Target Breach::0001,Target Breach,1,3,all_unseen,mixed,ge40,0.20210734650054757,1.0,0.2,0.3333333333333333
attack_flow,B0,attack_flow::Target Breach::0002,Target Breach,2,2,all_unseen,mixed,ge40,0.6131471927654584,1.0,0.2,0.5
attack_flow,B0,attack_flow::Target Breach::0003,Target Breach,3,2,all_unseen,all_seen,ge40,0.6131471927654584,1.0,0.2,0.5
attack_flow,B0,attack_flow::Target Breach::0004,Target Breach,4,3,all_unseen,all_seen,lt40,0.6508205185601091,1.0,0.4,0.6666666666666666
attack_flow,B0,attack_flow::Target Breach::0008,Target Breach,8,3,all_unseen,mixed,ge40,0.0,0.0,0.0,0.0
attack_flow,B0,attack_flow::Target Breach::0009,Target Breach,9,3,all_unseen,mixed,ge40,0.0,0.0,0.0,0.0
attack_flow,B0,attack_flow::Target Breach::0010,Target Breach,10,2,all_unseen,mixed,ge40,0.0,0.0,0.0,0.0
attack_flow,B0,attack_flow::Target Breach::0011,Target Breach,11,1,all_unseen,all_unseen,ge40,0.0,0.0,0.0,0.0
attack_flow,B0,attack_flow::Tesla Kubernetes Breach::0001,Tesla Kubernetes Breach,1,3,all_unseen,mixed,ge40,0.46927872602275644,1.0,0.2,0.3333333333333333
attack_flow,B0,attack_flow::Tesla Kubernetes Breach::0002,Tesla Kubernetes Breach,2,2,all_unseen,mixed,ge40,0.6131471927654584,1.0,0.2,0.5
attack_flow,B0,attack_flow::Tesla Kubernetes Breach::0003,Tesla Kubernetes Breach,3,1,all_unseen,all_unseen,ge40,0.5,1.0,0.2,1.0
attack_flow,B0,attack_flow::Uber Breach::0001,Uber Breach,1,3,all_unseen,mixed,ge40,0.46927872602275644,1.0,0.2,0.3333333333333333
attack_flow,B0,attack_flow::Uber Breach::0002,Uber Breach,2,3,all_unseen,mixed,ge40,0.0,0.0,0.0,0.0
attack_flow,B0,attack_flow::Uber Breach::0003,Uber Breach,3,3,all_unseen,all_seen,ge40,0.46927872602275644,1.0,0.2,0.3333333333333333
attack_flow,B0,attack_flow::Uber Breach::0004,Uber Breach,4,3,all_unseen,all_seen,ge40,0.46927872602275644,1.0,0.2,0.3333333333333333
attack_flow,B0,attack_flow::Uber Breach::0005,Uber Breach,5,2,all_unseen,all_seen,ge40,0.6131471927654584,1.0,0.2,0.5
attack_flow,B0,attack_flow::Uber Breach::0006,Uber Breach,6,1,all_unseen,all_seen,ge40,0.0,0.0,0.0,0.0
attack_flow,B0,attack_flow::WhisperGate::0001,WhisperGate,1,3,all_unseen,mixed,ge40,0.38364913903790027,1.0,0.4,0.6666666666666666
attack_flow,B0,attack_flow::WhisperGate::0002,WhisperGate,2,3,mixed,mixed,ge40,0.41618115554873086,1.0,0.4,0.6666666666666666
attack_flow,B0,attack_flow::WhisperGate::0003,WhisperGate,3,3,all_unseen,all_seen,ge40,0.0,0.0,0.0,0.0
attack_flow,B0,attack_flow::WhisperGate::0004,WhisperGate,4,2,mixed,all_seen,ge40,0.23719771276929622,1.0,0.2,0.5
attack_flow,B0,attack_flow::WhisperGate::0005,WhisperGate,5,2,mixed,all_seen,ge40,0.23719771276929622,1.0,0.2,0.5
attack_flow,B0,attack_flow::WhisperGate::0006,WhisperGate,6,3,all_unseen,all_seen,ge40,0.46927872602275644,1.0,0.2,0.3333333333333333
attack_flow,B0,attack_flow::WhisperGate::0007,WhisperGate,7,3,all_unseen,all_seen,ge40,0.46927872602275644,1.0,0.2,0.3333333333333333
attack_flow,B0,attack_flow::WhisperGate::0008,WhisperGate,8,3,all_unseen,all_seen,ge40,0.23463936301137822,1.0,0.2,0.3333333333333333
attack_flow,B0,attack_flow::WhisperGate::0009,WhisperGate,9,3,all_unseen,all_seen,ge40,0.18154179253735267,1.0,0.2,0.3333333333333333
attack_flow,B0,attack_flow::WhisperGate::0010,WhisperGate,10,3,all_unseen,all_seen,ge40,0.7653606369886217,1.0,0.4,0.6666666666666666
attack_flow,B0,attack_flow::WhisperGate::0011,WhisperGate,11,3,all_unseen,all_seen,ge40,0.46927872602275644,1.0,0.2,0.3333333333333333
attack_flow,B0,attack_flow::WhisperGate::0013,WhisperGate,13,3,all_unseen,mixed,ge40,0.0,0.0,0.0,0.0
attack_flow,B0,attack_flow::WhisperGate::0014,WhisperGate,14,3,all_unseen,mixed,ge40,0.0,0.0,0.0,0.0
attack_flow,B0,attack_flow::WhisperGate::0015,WhisperGate,15,3,all_unseen,mixed,ge40,0.0,0.0,0.0,0.0
attack_flow,B0,attack_flow::WhisperGate::0016,WhisperGate,16,2,all_unseen,all_seen,ge40,0.38685280723454163,1.0,0.2,0.5
attack_flow,B0,attack_flow::WhisperGate::0017,WhisperGate,17,1,all_seen,all_seen,ge40,0.0,0.0,0.0,0.0
ctid,B0,ctid::apt29::unknown::0001,apt29::unknown,1,3,all_unseen,all_seen,lt40,0.46927872602275644,1.0,0.2,0.3333333333333333
ctid,B0,ctid::apt29::unknown::0002,apt29::unknown,2,3,mixed,all_seen,lt40,0.0,0.0,0.0,0.0
ctid,B0,ctid::apt29::unknown::0003,apt29::unknown,3,3,mixed,all_seen,ge40,0.0,0.0,0.0,0.0
ctid,B0,ctid::apt29::unknown::0004,apt29::unknown,4,3,mixed,all_seen,ge40,0.0,0.0,0.0,0.0
ctid,B0,ctid::apt29::unknown::0005,apt29::unknown,5,3,all_unseen,all_seen,ge40,0.0,0.0,0.0,0.0
ctid,B0,ctid::apt29::unknown::0006,apt29::unknown,6,3,all_unseen,all_seen,ge40,0.0,0.0,0.0,0.0
ctid,B0,ctid::apt29::unknown::0007,apt29::unknown,7,3,all_unseen,all_seen,ge40,0.0,0.0,0.0,0.0
ctid,B0,ctid::apt29::unknown::0008,apt29::unknown,8,3,all_unseen,all_seen,ge40,0.46927872602275644,1.0,0.2,0.3333333333333333
ctid,B0,ctid::apt29::unknown::0009,apt29::unknown,9,3,all_unseen,all_seen,ge40,0.0,0.0,0.0,0.0
ctid,B0,ctid::apt29::unknown::0010,apt29::unknown,10,3,all_unseen,all_seen,ge40,0.0,0.0,0.0,0.0
ctid,B0,ctid::apt29::unknown::0011,apt29::unknown,11,3,all_unseen,all_seen,ge40,0.0,0.0,0.0,0.0
ctid,B0,ctid::apt29::unknown::0012,apt29::unknown,12,3,all_unseen,all_seen,ge40,0.0,0.0,0.0,0.0
ctid,B0,ctid::apt29::unknown::0013,apt29::unknown,13,3,all_unseen,all_seen,lt40,0.0,0.0,0.0,0.0
ctid,B0,ctid::apt29::unknown::0014,apt29::unknown,14,3,all_unseen,all_seen,ge40,0.0,0.0,0.0,0.0
ctid,B0,ctid::apt29::unknown::0015,apt29::unknown,15,3,all_unseen,all_seen,ge40,0.18154179253735267,1.0,0.2,0.3333333333333333
ctid,B0,ctid::apt29::unknown::0016,apt29::unknown,16,3,all_unseen,all_seen,ge40,0.0,0.0,0.0,0.0
ctid,B0,ctid::apt29::unknown::0017,apt29::unknown,17,3,all_unseen,all_seen,ge40,0.0,0.0,0.0,0.0
ctid,B0,ctid::apt29::unknown::0018,apt29::unknown,18,3,all_unseen,all_seen,ge40,0.0,0.0,0.0,0.0
ctid,B0,ctid::apt29::unknown::0019,apt29::unknown,19,3,mixed,all_seen,ge40,0.0,0.0,0.0,0.0
ctid,B0,ctid::apt29::unknown::0020,apt29::unknown,20,3,mixed,all_seen,ge40,0.0,0.0,0.0,0.0
ctid,B0,ctid::apt29::unknown::0021,apt29::unknown,21,3,all_unseen,mixed,ge40,0.0,0.0,0.0,0.0
ctid,B0,ctid::apt29::unknown::0022,apt29::unknown,22,3,mixed,mixed,lt40,0.2960819109658652,1.0,0.2,0.3333333333333333
ctid,B0,ctid::apt29::unknown::0023,apt29::unknown,23,3,all_unseen,mixed,ge40,0.2960819109658652,1.0,0.2,0.3333333333333333
ctid,B0,ctid::apt29::unknown::0024,apt29::unknown,24,3,all_unseen,all_seen,ge40,0.46927872602275644,1.0,0.2,0.3333333333333333
ctid,B0,ctid::apt29::unknown::0025,apt29::unknown,25,3,mixed,all_seen,ge40,0.18154179253735267,1.0,0.2,0.3333333333333333
ctid,B0,ctid::apt29::unknown::0026,apt29::unknown,26,2,all_unseen,all_seen,lt40,0.0,0.0,0.0,0.0
ctid,B0,ctid::apt29::unknown::0028,apt29::unknown,28,3,all_unseen,all_seen,lt40,0.0,0.0,0.0,0.0
ctid,B0,ctid::apt29::unknown::0029,apt29::unknown,29,3,all_unseen,mixed,ge40,0.0,0.0,0.0,0.0
ctid,B0,ctid::apt29::unknown::0030,apt29::unknown,30,3,all_unseen,mixed,ge40,0.0,0.0,0.0,0.0
ctid,B0,ctid::apt29::unknown::0031,apt29::unknown,31,3,all_unseen,mixed,ge40,0.0,0.0,0.0,0.0
ctid,B0,ctid::apt29::unknown::0032,apt29::unknown,32,3,mixed,all_seen,ge40,0.0,0.0,0.0,0.0
ctid,B0,ctid::apt29::unknown::0033,apt29::unknown,33,3,all_unseen,all_seen,lt40,0.0,0.0,0.0,0.0
ctid,B0,ctid::apt29::unknown::0034,apt29::unknown,34,3,all_unseen,all_seen,ge40,0.0,0.0,0.0,0.0
ctid,B0,ctid::apt29::unknown::0035,apt29::unknown,35,2,all_unseen,all_seen,ge40,0.0,0.0,0.0,0.0
ctid,B0,ctid::apt29::unknown::0036,apt29::unknown,36,3,mixed,all_seen,ge40,0.23463936301137822,1.0,0.2,0.3333333333333333
ctid,B0,ctid::apt29::unknown::0037,apt29::unknown,37,3,mixed,mixed,ge40,0.18154179253735267,1.0,0.2,0.3333333333333333
ctid,B0,ctid::apt29::unknown::0038,apt29::unknown,38,3,mixed,mixed,ge40,0.23463936301137822,1.0,0.2,0.3333333333333333
ctid,B0,ctid::apt29::unknown::0039,apt29::unknown,39,3,mixed,mixed,lt40,0.0,0.0,0.0,0.0
ctid,B0,ctid::apt29::unknown::0040,apt29::unknown,40,3,all_unseen,all_seen,ge40,0.0,0.0,0.0,0.0
ctid,B0,ctid::apt29::unknown::0041,apt29::unknown,41,3,mixed,all_seen,ge40,0.18154179253735267,1.0,0.2,0.3333333333333333
ctid,B0,ctid::apt29::unknown::0042,apt29::unknown,42,3,mixed,all_seen,ge40,0.0,0.0,0.0,0.0
ctid,B0,ctid::apt29::unknown::0043,apt29::unknown,43,2,all_unseen,all_seen,ge40,0.23719771276929622,1.0,0.2,0.5
ctid,B0,ctid::apt29::unknown::0044,apt29::unknown,44,3,mixed,mixed,lt40,0.0,0.0,0.0,0.0
ctid,B0,ctid::apt29::unknown::0045,apt29::unknown,45,3,mixed,mixed,ge40,0.0,0.0,0.0,0.0
ctid,B0,ctid::apt29::unknown::0046,apt29::unknown,46,3,mixed,mixed,ge40,0.0,0.0,0.0,0.0
ctid,B0,ctid::apt29::unknown::0047,apt29::unknown,47,3,all_unseen,all_seen,ge40,0.0,0.0,0.0,0.0
ctid,B0,ctid::apt29::unknown::0048,apt29::unknown,48,3,all_unseen,all_seen,ge40,0.0,0.0,0.0,0.0
ctid,B0,ctid::apt29::unknown::0049,apt29::unknown,49,3,mixed,all_seen,lt40,0.0,0.0,0.0,0.0
ctid,B0,ctid::apt29::unknown::0050,apt29::unknown,50,3,mixed,all_seen,lt40,0.0,0.0,0.0,0.0
ctid,B0,ctid::apt29::unknown::0051,apt29::unknown,51,3,all_unseen,all_seen,ge40,0.0,0.0,0.0,0.0
ctid,B0,ctid::apt29::unknown::0052,apt29::unknown,52,3,mixed,all_seen,lt40,0.0,0.0,0.0,0.0
ctid,B0,ctid::apt29::unknown::0053,apt29::unknown,53,3,all_unseen,all_seen,lt40,0.0,0.0,0.0,0.0
ctid,B0,ctid::apt29::unknown::0054,apt29::unknown,54,3,all_unseen,all_seen,lt40,0.2960819109658652,1.0,0.2,0.3333333333333333
ctid,B0,ctid::apt29::unknown::0055,apt29::unknown,55,3,mixed,all_seen,ge40,0.0,0.0,0.0,0.0
ctid,B0,ctid::apt29::unknown::0056,apt29::unknown,56,3,mixed,all_seen,lt40,0.23463936301137822,1.0,0.2,0.3333333333333333
ctid,B0,ctid::apt29::unknown::0057,apt29::unknown,57,3,mixed,mixed,ge40,0.0,0.0,0.0,0.0
ctid,B0,ctid::apt29::unknown::0058,apt29::unknown,58,3,all_unseen,mixed,lt40,0.4367467095119258,1.0,0.4,0.6666666666666666
ctid,B0,ctid::apt29::unknown::0059,apt29::unknown,59,3,all_unseen,mixed,ge40,0.0,0.0,0.0,0.0
ctid,B0,ctid::apt29::unknown::0060,apt29::unknown,60,3,mixed,mixed,ge40,0.23463936301137822,1.0,0.2,0.3333333333333333
ctid,B0,ctid::apt29::unknown::0061,apt29::unknown,61,3,all_unseen,mixed,ge40,0.0,0.0,0.0,0.0
ctid,B0,ctid::apt29::unknown::0062,apt29::unknown,62,3,all_unseen,all_seen,lt40,0.0,0.0,0.0,0.0
ctid,B0,ctid::apt29::unknown::0063,apt29::unknown,63,2,all_unseen,all_seen,ge40,0.0,0.0,0.0,0.0
ctid,B0,ctid::apt29::unknown::0064,apt29::unknown,64,1,all_seen,all_seen,lt40,0.0,0.0,0.0,0.0
ctid,B0,ctid::carbanak::unknown::0001,carbanak::unknown,1,3,all_unseen,all_seen,ge40,0.0,0.0,0.0,0.0
ctid,B0,ctid::carbanak::unknown::0002,carbanak::unknown,2,3,mixed,all_seen,ge40,0.0,0.0,0.0,0.0
ctid,B0,ctid::carbanak::unknown::0003,carbanak::unknown,3,3,mixed,all_seen,ge40,0.41618115554873086,1.0,0.4,0.6666666666666666
ctid,B0,ctid::carbanak::unknown::0004,carbanak::unknown,4,3,mixed,all_seen,ge40,0.4367467095119258,1.0,0.4,0.6666666666666666
ctid,B0,ctid::carbanak::unknown::0005,carbanak::unknown,5,3,mixed,all_seen,ge40,0.46927872602275644,1.0,0.2,0.3333333333333333
ctid,B0,ctid::carbanak::unknown::0006,carbanak::unknown,6,3,mixed,all_seen,ge40,0.46927872602275644,1.0,0.2,0.3333333333333333
ctid,B0,ctid::carbanak::unknown::0008,carbanak::unknown,8,3,mixed,all_seen,lt40,0.0,0.0,0.0,0.0
ctid,B0,ctid::carbanak::unknown::0009,carbanak::unknown,9,3,all_unseen,all_seen,ge40,0.5307212739772434,1.0,0.4,0.6666666666666666
ctid,B0,ctid::carbanak::unknown::0010,carbanak::unknown,10,3,mixed,mixed,ge40,0.0,0.0,0.0,0.0
ctid,B0,ctid::carbanak::unknown::0011,carbanak::unknown,11,3,mixed,mixed,ge40,0.46927872602275644,1.0,0.2,0.3333333333333333
ctid,B0,ctid::carbanak::unknown::0012,carbanak::unknown,12,3,all_unseen,mixed,ge40,0.0,0.0,0.0,0.0
ctid,B0,ctid::carbanak::unknown::0013,carbanak::unknown,13,3,all_unseen,mixed,ge40,0.0,0.0,0.0,0.0
ctid,B0,ctid::carbanak::unknown::0014,carbanak::unknown,14,3,mixed,mixed,ge40,0.20210734650054757,1.0,0.2,0.3333333333333333
ctid,B0,ctid::carbanak::unknown::0015,carbanak::unknown,15,3,all_unseen,all_seen,ge40,0.20210734650054757,1.0,0.2,0.3333333333333333
ctid,B0,ctid::carbanak::unknown::0016,carbanak::unknown,16,3,all_unseen,all_seen,ge40,0.23463936301137822,1.0,0.2,0.3333333333333333
ctid,B0,ctid::carbanak::unknown::0017,carbanak::unknown,17,3,mixed,all_seen,ge40,0.0,0.0,0.0,0.0
ctid,B0,ctid::carbanak::unknown::0018,carbanak::unknown,18,3,all_unseen,all_seen,ge40,0.0,0.0,0.0,0.0
ctid,B0,ctid::carbanak::unknown::0019,carbanak::unknown,19,2,all_unseen,all_seen,ge40,0.0,0.0,0.0,0.0
ctid,B0,ctid::carbanak::unknown::0020,carbanak::unknown,20,1,all_seen,all_seen,ge40,0.0,0.0,0.0,0.0
ctid,B0,ctid::fin6::unknown::0001,fin6::unknown,1,3,mixed,mixed,ge40,0.2960819109658652,1.0,0.2,0.3333333333333333
ctid,B0,ctid::fin6::unknown::0002,fin6::unknown,2,3,mixed,mixed,ge40,0.8854598815714874,1.0,0.6,1.0
ctid,B0,ctid::fin6::unknown::0003,fin6::unknown,3,3,all_unseen,all_seen,ge40,0.7039180890341347,1.0,0.4,0.6666666666666666
ctid,B0,ctid::fin6::unknown::0004,fin6::unknown,4,3,mixed,all_seen,ge40,0.23463936301137822,1.0,0.2,0.3333333333333333
ctid,B0,ctid::fin6::unknown::0005,fin6::unknown,5,3,all_unseen,all_seen,ge40,0.18154179253735267,1.0,0.2,0.3333333333333333
ctid,B0,ctid::fin6::unknown::0006,fin6::unknown,6,3,all_unseen,all_seen,ge40,0.0,0.0,0.0,0.0
ctid,B0,ctid::fin6::unknown::0007,fin6::unknown,7,3,mixed,all_seen,ge40,0.0,0.0,0.0,0.0
ctid,B0,ctid::fin6::unknown::0008,fin6::unknown,8,3,mixed,all_seen,ge40,0.18154179253735267,1.0,0.2,0.3333333333333333
ctid,B0,ctid::fin6::unknown::0009,fin6::unknown,9,3,mixed,all_seen,ge40,0.0,0.0,0.0,0.0
ctid,B0,ctid::fin6::unknown::0010,fin6::unknown,10,3,all_unseen,all_seen,ge40,0.0,0.0,0.0,0.0
ctid,B0,ctid::fin6::unknown::0012,fin6::unknown,12,3,all_unseen,all_seen,ge40,0.0,0.0,0.0,0.0
ctid,B0,ctid::fin6::unknown::0013,fin6::unknown,13,3,mixed,all_seen,ge40,0.46927872602275644,1.0,0.2,0.3333333333333333
ctid,B0,ctid::fin6::unknown::0014,fin6::unknown,14,2,all_unseen,all_seen,ge40,0.6131471927654584,1.0,0.2,0.5
ctid,B0,ctid::fin6::unknown::0015,fin6::unknown,15,3,mixed,all_seen,ge40,0.46927872602275644,1.0,0.2,0.3333333333333333
ctid,B0,ctid::fin6::unknown::0016,fin6::unknown,16,2,all_seen,all_seen,ge40,0.0,0.0,0.0,0.0
ctid,B0,ctid::fin6::unknown::0017,fin6::unknown,17,1,all_unseen,all_seen,ge40,0.0,0.0,0.0,0.0
ctid,B0,ctid::fin7::unknown::0001,fin7::unknown,1,3,all_unseen,all_seen,ge40,0.6508205185601091,1.0,0.4,0.6666666666666666
ctid,B0,ctid::fin7::unknown::0002,fin7::unknown,2,3,mixed,all_seen,lt40,0.0,0.0,0.0,0.0
ctid,B0,ctid::fin7::unknown::0003,fin7::unknown,3,3,all_unseen,all_seen,lt40,0.0,0.0,0.0,0.0
ctid,B0,ctid::fin7::unknown::0004,fin7::unknown,4,3,all_unseen,all_seen,lt40,0.0,0.0,0.0,0.0
ctid,B0,ctid::fin7::unknown::0006,fin7::unknown,6,3,all_unseen,all_seen,ge40,0.0,0.0,0.0,0.0
ctid,B0,ctid::fin7::unknown::0007,fin7::unknown,7,3,all_unseen,all_seen,ge40,0.0,0.0,0.0,0.0
ctid,B0,ctid::fin7::unknown::0008,fin7::unknown,8,2,all_unseen,all_seen,ge40,0.0,0.0,0.0,0.0
ctid,B0,ctid::fin7::unknown::0009,fin7::unknown,9,1,all_unseen,all_seen,ge40,0.0,0.0,0.0,0.0
ctid,B0,ctid::menu_pass::unknown::0001,menu_pass::unknown,1,3,mixed,all_seen,lt40,0.0,0.0,0.0,0.0
ctid,B0,ctid::menu_pass::unknown::0002,menu_pass::unknown,2,3,mixed,all_seen,lt40,0.46927872602275644,1.0,0.2,0.3333333333333333
ctid,B0,ctid::menu_pass::unknown::0003,menu_pass::unknown,3,3,mixed,all_seen,lt40,0.46927872602275644,1.0,0.2,0.3333333333333333
ctid,B0,ctid::menu_pass::unknown::0004,menu_pass::unknown,4,3,all_unseen,all_seen,ge40,0.23463936301137822,1.0,0.2,0.3333333333333333
ctid,B0,ctid::menu_pass::unknown::0005,menu_pass::unknown,5,3,mixed,all_seen,ge40,0.0,0.0,0.0,0.0
ctid,B0,ctid::menu_pass::unknown::0006,menu_pass::unknown,6,3,mixed,all_seen,ge40,0.0,0.0,0.0,0.0
ctid,B0,ctid::menu_pass::unknown::0007,menu_pass::unknown,7,3,mixed,mixed,ge40,0.0,0.0,0.0,0.0
ctid,B0,ctid::menu_pass::unknown::0008,menu_pass::unknown,8,3,mixed,mixed,ge40,0.0,0.0,0.0,0.0
ctid,B0,ctid::menu_pass::unknown::0009,menu_pass::unknown,9,3,all_unseen,mixed,ge40,0.0,0.0,0.0,0.0
ctid,B0,ctid::menu_pass::unknown::0010,menu_pass::unknown,10,2,all_unseen,all_seen,lt40,0.0,0.0,0.0,0.0
ctid,B0,ctid::oilrig::unknown::0001,oilrig::unknown,1,3,all_unseen,all_seen,ge40,0.9060254355346823,1.0,0.6,1.0
ctid,B0,ctid::oilrig::unknown::0002,oilrig::unknown,2,3,mixed,all_seen,ge40,0.6713860725233041,1.0,0.4,0.6666666666666666
ctid,B0,ctid::oilrig::unknown::0003,oilrig::unknown,3,3,all_unseen,all_seen,lt40,0.41618115554873086,1.0,0.4,0.6666666666666666
ctid,B0,ctid::oilrig::unknown::0004,oilrig::unknown,4,3,mixed,all_seen,ge40,0.20210734650054757,1.0,0.2,0.3333333333333333
ctid,B0,ctid::oilrig::unknown::0005,oilrig::unknown,5,3,mixed,all_seen,ge40,0.20210734650054757,1.0,0.2,0.3333333333333333
ctid,B0,ctid::oilrig::unknown::0006,oilrig::unknown,6,3,mixed,all_seen,ge40,0.38364913903790027,1.0,0.4,0.6666666666666666
ctid,B0,ctid::oilrig::unknown::0007,oilrig::unknown,7,3,mixed,mixed,ge40,0.38364913903790027,1.0,0.4,0.6666666666666666
ctid,B0,ctid::oilrig::unknown::0008,oilrig::unknown,8,3,mixed,mixed,lt40,0.2960819109658652,1.0,0.2,0.3333333333333333
ctid,B0,ctid::oilrig::unknown::0009,oilrig::unknown,9,3,all_unseen,mixed,ge40,0.5307212739772434,1.0,0.4,0.6666666666666666
ctid,B0,ctid::oilrig::unknown::0010,oilrig::unknown,10,3,all_unseen,all_seen,lt40,0.5307212739772434,1.0,0.4,0.6666666666666666
ctid,B0,ctid::oilrig::unknown::0011,oilrig::unknown,11,3,all_unseen,all_seen,lt40,0.0,0.0,0.0,0.0
ctid,B0,ctid::oilrig::unknown::0012,oilrig::unknown,12,3,all_unseen,all_seen,ge40,0.6713860725233041,1.0,0.4,0.6666666666666666
ctid,B0,ctid::oilrig::unknown::0013,oilrig::unknown,13,3,all_unseen,all_seen,lt40,0.18154179253735267,1.0,0.2,0.3333333333333333
ctid,B0,ctid::oilrig::unknown::0014,oilrig::unknown,14,3,all_unseen,all_seen,ge40,0.0,0.0,0.0,0.0
ctid,B0,ctid::oilrig::unknown::0015,oilrig::unknown,15,3,all_unseen,all_seen,ge40,0.0,0.0,0.0,0.0
ctid,B0,ctid::oilrig::unknown::0016,oilrig::unknown,16,3,mixed,all_seen,ge40,0.0,0.0,0.0,0.0
ctid,B0,ctid::oilrig::unknown::0017,oilrig::unknown,17,3,mixed,all_seen,lt40,0.20210734650054757,1.0,0.2,0.3333333333333333
ctid,B0,ctid::oilrig::unknown::0018,oilrig::unknown,18,3,all_unseen,all_seen,ge40,0.0,0.0,0.0,0.0
ctid,B0,ctid::oilrig::unknown::0019,oilrig::unknown,19,3,mixed,all_seen,ge40,0.18154179253735267,1.0,0.2,0.3333333333333333
ctid,B0,ctid::oilrig::unknown::0020,oilrig::unknown,20,3,all_seen,all_seen,ge40,0.0,0.0,0.0,0.0
ctid,B0,ctid::oilrig::unknown::0021,oilrig::unknown,21,3,all_unseen,all_seen,ge40,0.0,0.0,0.0,0.0
ctid,B0,ctid::oilrig::unknown::0022,oilrig::unknown,22,3,all_unseen,mixed,ge40,0.0,0.0,0.0,0.0
ctid,B0,ctid::oilrig::unknown::0023,oilrig::unknown,23,3,mixed,mixed,ge40,0.20210734650054757,1.0,0.2,0.3333333333333333
ctid,B0,ctid::oilrig::unknown::0024,oilrig::unknown,24,3,mixed,mixed,ge40,0.41618115554873086,1.0,0.4,0.6666666666666666
ctid,B0,ctid::oilrig::unknown::0025,oilrig::unknown,25,3,all_unseen,all_seen,ge40,0.6797310500037655,1.0,0.6,1.0
ctid,B0,ctid::oilrig::unknown::0026,oilrig::unknown,26,3,mixed,all_seen,lt40,0.2960819109658652,1.0,0.2,0.3333333333333333
ctid,B0,ctid::oilrig::unknown::0027,oilrig::unknown,27,3,mixed,all_seen,lt40,0.20210734650054757,1.0,0.2,0.3333333333333333
ctid,B0,ctid::oilrig::unknown::0028,oilrig::unknown,28,3,mixed,mixed,ge40,0.20210734650054757,1.0,0.2,0.3333333333333333
ctid,B0,ctid::oilrig::unknown::0029,oilrig::unknown,29,3,mixed,mixed,ge40,0.4367467095119258,1.0,0.4,0.6666666666666666
ctid,B0,ctid::oilrig::unknown::0030,oilrig::unknown,30,3,mixed,mixed,ge40,0.6713860725233041,1.0,0.4,0.6666666666666666
ctid,B0,ctid::oilrig::unknown::0031,oilrig::unknown,31,3,all_unseen,all_seen,lt40,0.6713860725233041,1.0,0.4,0.6666666666666666
ctid,B0,ctid::oilrig::unknown::0032,oilrig::unknown,32,3,mixed,all_seen,lt40,0.20210734650054757,1.0,0.2,0.3333333333333333
ctid,B0,ctid::oilrig::unknown::0033,oilrig::unknown,33,3,mixed,all_seen,ge40,0.0,0.0,0.0,0.0
ctid,B0,ctid::oilrig::unknown::0035,oilrig::unknown,35,2,mixed,all_seen,ge40,0.0,0.0,0.0,0.0
ctid,B0,ctid::oilrig::unknown::0036,oilrig::unknown,36,1,all_seen,all_seen,ge40,0.0,0.0,0.0,0.0
ctid,B0,ctid::sandworm::unknown::0001,sandworm::unknown,1,3,all_seen,all_seen,ge40,0.0,0.0,0.0,0.0
ctid,B0,ctid::sandworm::unknown::0002,sandworm::unknown,2,3,all_unseen,all_seen,ge40,0.0,0.0,0.0,0.0
ctid,B0,ctid::sandworm::unknown::0003,sandworm::unknown,3,3,mixed,all_seen,ge40,0.2960819109658652,1.0,0.2,0.3333333333333333
ctid,B0,ctid::sandworm::unknown::0004,sandworm::unknown,4,3,mixed,all_seen,ge40,0.2960819109658652,1.0,0.2,0.3333333333333333
ctid,B0,ctid::sandworm::unknown::0005,sandworm::unknown,5,3,mixed,all_seen,ge40,0.0,0.0,0.0,0.0
ctid,B0,ctid::sandworm::unknown::0006,sandworm::unknown,6,3,mixed,all_seen,ge40,0.0,0.0,0.0,0.0
ctid,B0,ctid::sandworm::unknown::0007,sandworm::unknown,7,3,mixed,all_seen,ge40,0.20210734650054757,1.0,0.2,0.3333333333333333
ctid,B0,ctid::sandworm::unknown::0008,sandworm::unknown,8,3,all_unseen,all_seen,ge40,0.18154179253735267,1.0,0.2,0.3333333333333333
ctid,B0,ctid::sandworm::unknown::0009,sandworm::unknown,9,3,all_unseen,all_seen,ge40,0.18154179253735267,1.0,0.2,0.3333333333333333
ctid,B0,ctid::sandworm::unknown::0011,sandworm::unknown,11,3,mixed,all_seen,ge40,0.2960819109658652,1.0,0.2,0.3333333333333333
ctid,B0,ctid::sandworm::unknown::0012,sandworm::unknown,12,3,all_unseen,all_seen,ge40,0.2960819109658652,1.0,0.2,0.3333333333333333
ctid,B0,ctid::sandworm::unknown::0013,sandworm::unknown,13,3,mixed,all_seen,ge40,0.0,0.0,0.0,0.0
ctid,B0,ctid::sandworm::unknown::0014,sandworm::unknown,14,3,all_unseen,all_seen,ge40,0.0,0.0,0.0,0.0
ctid,B0,ctid::sandworm::unknown::0015,sandworm::unknown,15,3,all_unseen,all_seen,ge40,0.0,0.0,0.0,0.0
ctid,B0,ctid::sandworm::unknown::0016,sandworm::unknown,16,3,mixed,mixed,ge40,0.0,0.0,0.0,0.0
ctid,B0,ctid::sandworm::unknown::0017,sandworm::unknown,17,3,mixed,mixed,ge40,0.0,0.0,0.0,0.0
ctid,B0,ctid::sandworm::unknown::0018,sandworm::unknown,18,3,mixed,mixed,ge40,0.0,0.0,0.0,0.0
ctid,B0,ctid::sandworm::unknown::0019,sandworm::unknown,19,2,all_unseen,all_seen,ge40,0.0,0.0,0.0,0.0
ctid,B0,ctid::sandworm::unknown::0020,sandworm::unknown,20,3,mixed,all_seen,ge40,0.18154179253735267,1.0,0.2,0.3333333333333333
ctid,B0,ctid::sandworm::unknown::0021,sandworm::unknown,21,3,all_unseen,all_seen,ge40,0.0,0.0,0.0,0.0
ctid,B0,ctid::sandworm::unknown::0022,sandworm::unknown,22,2,all_unseen,all_seen,lt40,0.0,0.0,0.0,0.0
ctid,B0,ctid::sandworm::unknown::0023,sandworm::unknown,23,3,mixed,all_seen,ge40,0.20210734650054757,1.0,0.2,0.3333333333333333
ctid,B0,ctid::sandworm::unknown::0024,sandworm::unknown,24,3,mixed,all_seen,ge40,0.0,0.0,0.0,0.0
ctid,B0,ctid::sandworm::unknown::0025,sandworm::unknown,25,3,mixed,all_seen,ge40,0.23463936301137822,1.0,0.2,0.3333333333333333
ctid,B0,ctid::sandworm::unknown::0026,sandworm::unknown,26,3,mixed,all_seen,ge40,0.23463936301137822,1.0,0.2,0.3333333333333333
ctid,B0,ctid::sandworm::unknown::0027,sandworm::unknown,27,2,mixed,all_seen,ge40,0.9197207891481876,1.0,0.4,1.0
ctid,B0,ctid::sandworm::unknown::0028,sandworm::unknown,28,2,all_seen,all_seen,ge40,0.9197207891481876,1.0,0.4,1.0
ctid,B0,ctid::sandworm::unknown::0029,sandworm::unknown,29,3,all_seen,all_seen,lt40,0.8854598815714874,1.0,0.6,1.0
ctid,B0,ctid::sandworm::unknown::0030,sandworm::unknown,30,3,mixed,all_seen,ge40,0.8854598815714874,1.0,0.6,1.0
ctid,B0,ctid::sandworm::unknown::0031,sandworm::unknown,31,2,all_seen,all_seen,ge40,0.6131471927654584,1.0,0.2,0.5
ctid,B0,ctid::sandworm::unknown::0032,sandworm::unknown,32,1,all_unseen,all_seen,ge40,1.0,1.0,0.2,1.0
ctid,B0,ctid::turla_carbon::unknown::0001,turla_carbon::unknown,1,3,mixed,all_seen,ge40,0.7653606369886217,1.0,0.4,0.6666666666666666
ctid,B0,ctid::turla_carbon::unknown::0002,turla_carbon::unknown,2,3,mixed,all_seen,lt40,0.46927872602275644,1.0,0.2,0.3333333333333333
ctid,B0,ctid::turla_carbon::unknown::0003,turla_carbon::unknown,3,3,all_unseen,all_seen,ge40,0.6508205185601091,1.0,0.4,0.6666666666666666
ctid,B0,ctid::turla_carbon::unknown::0004,turla_carbon::unknown,4,3,mixed,all_seen,ge40,0.0,0.0,0.0,0.0
ctid,B0,ctid::turla_carbon::unknown::0005,turla_carbon::unknown,5,3,mixed,all_seen,ge40,0.0,0.0,0.0,0.0
ctid,B0,ctid::turla_carbon::unknown::0006,turla_carbon::unknown,6,3,mixed,all_seen,ge40,0.0,0.0,0.0,0.0
ctid,B0,ctid::turla_carbon::unknown::0007,turla_carbon::unknown,7,3,all_unseen,all_seen,ge40,0.0,0.0,0.0,0.0
ctid,B0,ctid::turla_carbon::unknown::0008,turla_carbon::unknown,8,3,all_unseen,all_seen,ge40,0.0,0.0,0.0,0.0
ctid,B0,ctid::turla_carbon::unknown::0009,turla_carbon::unknown,9,3,mixed,all_seen,ge40,0.20210734650054757,1.0,0.2,0.3333333333333333
ctid,B0,ctid::turla_carbon::unknown::0010,turla_carbon::unknown,10,3,mixed,all_seen,ge40,0.20210734650054757,1.0,0.2,0.3333333333333333
ctid,B0,ctid::turla_carbon::unknown::0011,turla_carbon::unknown,11,3,all_unseen,all_seen,ge40,0.20210734650054757,1.0,0.2,0.3333333333333333
ctid,B0,ctid::turla_carbon::unknown::0012,turla_carbon::unknown,12,3,all_unseen,all_seen,ge40,0.20210734650054757,1.0,0.2,0.3333333333333333
ctid,B0,ctid::turla_carbon::unknown::0013,turla_carbon::unknown,13,3,mixed,all_seen,ge40,0.2960819109658652,1.0,0.2,0.3333333333333333
ctid,B0,ctid::turla_carbon::unknown::0014,turla_carbon::unknown,14,3,mixed,all_seen,ge40,0.2960819109658652,1.0,0.2,0.3333333333333333
ctid,B0,ctid::turla_carbon::unknown::0015,turla_carbon::unknown,15,3,mixed,all_seen,ge40,0.18154179253735267,1.0,0.2,0.3333333333333333
ctid,B0,ctid::turla_carbon::unknown::0016,turla_carbon::unknown,16,3,all_seen,all_seen,ge40,0.18154179253735267,1.0,0.2,0.3333333333333333
ctid,B0,ctid::turla_carbon::unknown::0017,turla_carbon::unknown,17,3,mixed,all_seen,ge40,0.6508205185601091,1.0,0.4,0.6666666666666666
ctid,B0,ctid::turla_carbon::unknown::0018,turla_carbon::unknown,18,2,mixed,all_seen,ge40,0.6131471927654584,1.0,0.2,0.5
ctid,B0,ctid::turla_carbon::unknown::0019,turla_carbon::unknown,19,2,all_seen,all_seen,ge40,0.5437713091520254,1.0,0.4,1.0
ctid,B0,ctid::turla_carbon::unknown::0020,turla_carbon::unknown,20,3,all_seen,all_seen,ge40,0.6508205185601091,1.0,0.4,0.6666666666666666
ctid,B0,ctid::turla_carbon::unknown::0021,turla_carbon::unknown,21,3,mixed,mixed,lt40,0.46927872602275644,1.0,0.2,0.3333333333333333
ctid,B0,ctid::turla_carbon::unknown::0022,turla_carbon::unknown,22,3,mixed,mixed,lt40,0.0,0.0,0.0,0.0
ctid,B0,ctid::turla_carbon::unknown::0023,turla_carbon::unknown,23,2,all_unseen,mixed,ge40,0.0,0.0,0.0,0.0
ctid,B0,ctid::turla_snake::unknown::0001,turla_snake::unknown,1,3,mixed,all_seen,ge40,0.7653606369886217,1.0,0.4,0.6666666666666666
ctid,B0,ctid::turla_snake::unknown::0002,turla_snake::unknown,2,3,mixed,mixed,ge40,0.2960819109658652,1.0,0.2,0.3333333333333333
ctid,B0,ctid::turla_snake::unknown::0003,turla_snake::unknown,3,3,mixed,mixed,ge40,0.23463936301137822,1.0,0.2,0.3333333333333333
ctid,B0,ctid::turla_snake::unknown::0004,turla_snake::unknown,4,3,mixed,mixed,ge40,0.0,0.0,0.0,0.0
ctid,B0,ctid::turla_snake::unknown::0005,turla_snake::unknown,5,3,all_unseen,mixed,ge40,0.0,0.0,0.0,0.0
ctid,B0,ctid::turla_snake::unknown::0006,turla_snake::unknown,6,3,all_unseen,mixed,ge40,0.0,0.0,0.0,0.0
ctid,B0,ctid::turla_snake::unknown::0007,turla_snake::unknown,7,3,mixed,mixed,ge40,0.0,0.0,0.0,0.0
ctid,B0,ctid::turla_snake::unknown::0008,turla_snake::unknown,8,3,all_unseen,all_seen,ge40,0.0,0.0,0.0,0.0
ctid,B0,ctid::turla_snake::unknown::0009,turla_snake::unknown,9,3,all_seen,all_seen,lt40,0.0,0.0,0.0,0.0
ctid,B0,ctid::turla_snake::unknown::0010,turla_snake::unknown,10,3,all_unseen,all_seen,ge40,0.0,0.0,0.0,0.0
ctid,B0,ctid::turla_snake::unknown::0011,turla_snake::unknown,11,3,all_unseen,all_seen,ge40,0.0,0.0,0.0,0.0
ctid,B0,ctid::turla_snake::unknown::0013,turla_snake::unknown,13,3,mixed,all_seen,ge40,0.18154179253735267,1.0,0.2,0.3333333333333333
ctid,B0,ctid::turla_snake::unknown::0014,turla_snake::unknown,14,3,mixed,all_seen,lt40,0.6508205185601091,1.0,0.4,0.6666666666666666
ctid,B0,ctid::turla_snake::unknown::0015,turla_snake::unknown,15,3,mixed,all_seen,ge40,0.46927872602275644,1.0,0.2,0.3333333333333333
ctid,B0,ctid::turla_snake::unknown::0016,turla_snake::unknown,16,3,all_seen,all_seen,ge40,0.6713860725233041,1.0,0.4,0.6666666666666666
ctid,B0,ctid::turla_snake::unknown::0017,turla_snake::unknown,17,3,all_unseen,all_seen,ge40,0.0,0.0,0.0,0.0
ctid,B0,ctid::turla_snake::unknown::0018,turla_snake::unknown,18,3,all_unseen,all_seen,ge40,0.0,0.0,0.0,0.0
ctid,B0,ctid::turla_snake::unknown::0019,turla_snake::unknown,19,3,mixed,all_seen,ge40,0.0,0.0,0.0,0.0
ctid,B0,ctid::turla_snake::unknown::0020,turla_snake::unknown,20,3,all_unseen,all_seen,ge40,0.0,0.0,0.0,0.0
ctid,B0,ctid::turla_snake::unknown::0021,turla_snake::unknown,21,3,mixed,all_seen,ge40,0.0,0.0,0.0,0.0
ctid,B0,ctid::turla_snake::unknown::0022,turla_snake::unknown,22,3,mixed,all_seen,lt40,0.46927872602275644,1.0,0.2,0.3333333333333333
ctid,B0,ctid::turla_snake::unknown::0023,turla_snake::unknown,23,3,mixed,all_seen,ge40,0.18154179253735267,1.0,0.2,0.3333333333333333
ctid,B0,ctid::turla_snake::unknown::0024,turla_snake::unknown,24,3,all_unseen,all_seen,ge40,0.46927872602275644,1.0,0.2,0.3333333333333333
ctid,B0,ctid::turla_snake::unknown::0025,turla_snake::unknown,25,3,mixed,all_seen,ge40,0.0,0.0,0.0,0.0
ctid,B0,ctid::turla_snake::unknown::0026,turla_snake::unknown,26,2,all_seen,all_seen,ge40,0.0,0.0,0.0,0.0
ctid,B0,ctid::turla_snake::unknown::0027,turla_snake::unknown,27,1,all_unseen,all_seen,ge40,0.0,0.0,0.0,0.0
ctid,B0,ctid::wizard_spider::unknown::0001,wizard_spider::unknown,1,3,all_unseen,all_seen,ge40,0.2960819109658652,1.0,0.2,0.3333333333333333
ctid,B0,ctid::wizard_spider::unknown::0002,wizard_spider::unknown,2,3,all_unseen,all_seen,ge40,0.0,0.0,0.0,0.0
ctid,B0,ctid::wizard_spider::unknown::0003,wizard_spider::unknown,3,3,mixed,all_seen,ge40,0.0,0.0,0.0,0.0
ctid,B0,ctid::wizard_spider::unknown::0004,wizard_spider::unknown,4,3,mixed,all_seen,ge40,0.0,0.0,0.0,0.0
ctid,B0,ctid::wizard_spider::unknown::0005,wizard_spider::unknown,5,3,mixed,all_seen,ge40,0.0,0.0,0.0,0.0
ctid,B0,ctid::wizard_spider::unknown::0006,wizard_spider::unknown,6,3,all_unseen,mixed,ge40,0.0,0.0,0.0,0.0
ctid,B0,ctid::wizard_spider::unknown::0007,wizard_spider::unknown,7,3,mixed,mixed,ge40,0.2960819109658652,1.0,0.2,0.3333333333333333
ctid,B0,ctid::wizard_spider::unknown::0008,wizard_spider::unknown,8,3,all_unseen,mixed,ge40,0.23463936301137822,1.0,0.2,0.3333333333333333
ctid,B0,ctid::wizard_spider::unknown::0009,wizard_spider::unknown,9,3,all_unseen,all_seen,ge40,0.23463936301137822,1.0,0.2,0.3333333333333333
ctid,B0,ctid::wizard_spider::unknown::0010,wizard_spider::unknown,10,3,mixed,all_seen,ge40,0.0,0.0,0.0,0.0
ctid,B0,ctid::wizard_spider::unknown::0011,wizard_spider::unknown,11,3,mixed,all_seen,ge40,0.0,0.0,0.0,0.0
ctid,B0,ctid::wizard_spider::unknown::0012,wizard_spider::unknown,12,3,all_unseen,all_seen,ge40,0.0,0.0,0.0,0.0
ctid,B0,ctid::wizard_spider::unknown::0013,wizard_spider::unknown,13,3,all_unseen,mixed,ge40,0.0,0.0,0.0,0.0
ctid,B0,ctid::wizard_spider::unknown::0014,wizard_spider::unknown,14,3,mixed,mixed,ge40,0.0,0.0,0.0,0.0
ctid,B0,ctid::wizard_spider::unknown::0015,wizard_spider::unknown,15,3,all_unseen,mixed,ge40,0.0,0.0,0.0,0.0
ctid,B0,ctid::wizard_spider::unknown::0016,wizard_spider::unknown,16,3,all_unseen,mixed,ge40,0.0,0.0,0.0,0.0
ctid,B0,ctid::wizard_spider::unknown::0017,wizard_spider::unknown,17,3,all_unseen,mixed,ge40,0.0,0.0,0.0,0.0
ctid,B0,ctid::wizard_spider::unknown::0019,wizard_spider::unknown,19,3,mixed,all_seen,ge40,0.2960819109658652,1.0,0.2,0.3333333333333333
ctid,B0,ctid::wizard_spider::unknown::0020,wizard_spider::unknown,20,2,all_unseen,all_seen,ge40,0.6240505200038379,1.0,0.4,1.0
ctid,B0,ctid::wizard_spider::unknown::0021,wizard_spider::unknown,21,2,all_seen,all_seen,ge40,0.8772153153380493,1.0,0.4,1.0
ctid,B0,ctid::wizard_spider::unknown::0022,wizard_spider::unknown,22,3,mixed,all_seen,ge40,0.7653606369886217,1.0,0.4,0.6666666666666666
ctid,B0,ctid::wizard_spider::unknown::0023,wizard_spider::unknown,23,3,mixed,all_seen,ge40,0.20210734650054757,1.0,0.2,0.3333333333333333
ctid,B0,ctid::wizard_spider::unknown::0024,wizard_spider::unknown,24,3,mixed,all_seen,ge40,0.23463936301137822,1.0,0.2,0.3333333333333333
ctid,B0,ctid::wizard_spider::unknown::0025,wizard_spider::unknown,25,3,mixed,all_seen,ge40,0.5307212739772434,1.0,0.4,0.6666666666666666
ctid,B0,ctid::wizard_spider::unknown::0026,wizard_spider::unknown,26,3,all_unseen,all_seen,ge40,0.4776237035032179,1.0,0.4,0.6666666666666666
ctid,B0,ctid::wizard_spider::unknown::0027,wizard_spider::unknown,27,2,mixed,all_seen,ge40,0.3065735963827292,1.0,0.2,0.5
ctid,B0,ctid::wizard_spider::unknown::0028,wizard_spider::unknown,28,3,mixed,all_seen,ge40,0.20210734650054757,1.0,0.2,0.3333333333333333
ctid,B0,ctid::wizard_spider::unknown::0029,wizard_spider::unknown,29,2,mixed,all_seen,ge40,0.0,0.0,0.0,0.0
ctid,B0,ctid::wizard_spider::unknown::0030,wizard_spider::unknown,30,3,mixed,all_seen,ge40,0.6713860725233041,1.0,0.4,0.6666666666666666
ctid,B0,ctid::wizard_spider::unknown::0031,wizard_spider::unknown,31,3,all_unseen,all_seen,ge40,0.9060254355346823,1.0,0.6,1.0
ctid,B0,ctid::wizard_spider::unknown::0032,wizard_spider::unknown,32,2,all_seen,all_seen,lt40,0.9197207891481876,1.0,0.4,1.0
ctid,B0,ctid::wizard_spider::unknown::0033,wizard_spider::unknown,33,1,all_unseen,all_seen,ge40,0.0,0.0,0.0,0.0
stockpile,B0,stockpile::01c96671-afd3-47d4-8d31-8c116cc0221a::0001,01c96671-afd3-47d4-8d31-8c116cc0221a,1,2,mixed,all_seen,ge40,0.3065735963827292,1.0,0.2,0.5
stockpile,B0,stockpile::01c96671-afd3-47d4-8d31-8c116cc0221a::0002,01c96671-afd3-47d4-8d31-8c116cc0221a,2,1,all_seen,all_seen,ge40,0.0,0.0,0.0,0.0
stockpile,B0,stockpile::01d77744-2515-401a-a497-d9f7241aac3c::0001,01d77744-2515-401a-a497-d9f7241aac3c,1,2,all_seen,all_seen,lt40,0.0,0.0,0.0,0.0
stockpile,B0,stockpile::01d77744-2515-401a-a497-d9f7241aac3c::0002,01d77744-2515-401a-a497-d9f7241aac3c,2,3,all_unseen,all_seen,ge40,0.2960819109658652,1.0,0.2,0.3333333333333333
stockpile,B0,stockpile::01d77744-2515-401a-a497-d9f7241aac3c::0003,01d77744-2515-401a-a497-d9f7241aac3c,3,2,all_unseen,all_seen,lt40,0.0,0.0,0.0,0.0
stockpile,B0,stockpile::01d77744-2515-401a-a497-d9f7241aac3c::0004,01d77744-2515-401a-a497-d9f7241aac3c,4,1,all_unseen,all_seen,ge40,0.0,0.0,0.0,0.0
stockpile,B0,stockpile::01d77744-2515-401a-a497-d9f7241aac3c::0005,01d77744-2515-401a-a497-d9f7241aac3c,5,1,all_unseen,all_seen,lt40,0.0,0.0,0.0,0.0
stockpile,B0,stockpile::01d77744-2515-401a-a497-d9f7241aac3c::0006,01d77744-2515-401a-a497-d9f7241aac3c,6,1,all_unseen,all_seen,ge40,0.0,0.0,0.0,0.0
stockpile,B0,stockpile::09ad625e-6cba-490f-afe3-5417e7edb9c6::0001,09ad625e-6cba-490f-afe3-5417e7edb9c6,1,2,mixed,all_seen,ge40,0.0,0.0,0.0,0.0
stockpile,B0,stockpile::09ad625e-6cba-490f-afe3-5417e7edb9c6::0002,09ad625e-6cba-490f-afe3-5417e7edb9c6,2,1,all_seen,all_seen,ge40,0.0,0.0,0.0,0.0
stockpile,B0,stockpile::0b5636cf-f019-4ec9-aa7c-6e4f55505374::0001,0b5636cf-f019-4ec9-aa7c-6e4f55505374,1,3,mixed,all_seen,lt40,0.0,0.0,0.0,0.0
stockpile,B0,stockpile::0b5636cf-f019-4ec9-aa7c-6e4f55505374::0002,0b5636cf-f019-4ec9-aa7c-6e4f55505374,2,3,mixed,all_seen,lt40,0.0,0.0,0.0,0.0
stockpile,B0,stockpile::0b5636cf-f019-4ec9-aa7c-6e4f55505374::0003,0b5636cf-f019-4ec9-aa7c-6e4f55505374,3,2,all_unseen,all_seen,lt40,0.23719771276929622,1.0,0.2,0.5
stockpile,B0,stockpile::0b5636cf-f019-4ec9-aa7c-6e4f55505374::0004,0b5636cf-f019-4ec9-aa7c-6e4f55505374,4,1,all_seen,all_seen,lt40,0.0,0.0,0.0,0.0
stockpile,B0,stockpile::0b73bf34-fc5b-48f7-9194-dce993b915b1::0001,0b73bf34-fc5b-48f7-9194-dce993b915b1,1,3,all_seen,all_seen,lt40,0.0,0.0,0.0,0.0
stockpile,B0,stockpile::0b73bf34-fc5b-48f7-9194-dce993b915b1::0002,0b73bf34-fc5b-48f7-9194-dce993b915b1,2,2,mixed,all_seen,lt40,0.0,0.0,0.0,0.0
stockpile,B0,stockpile::0f4c3c67-845e-49a0-927e-90ed33c044e0::0001,0f4c3c67-845e-49a0-927e-90ed33c044e0,1,2,all_seen,all_seen,lt40,0.0,0.0,0.0,0.0
stockpile,B0,stockpile::0f4c3c67-845e-49a0-927e-90ed33c044e0::0002,0f4c3c67-845e-49a0-927e-90ed33c044e0,2,3,all_seen,all_seen,lt40,0.7653606369886217,1.0,0.4,0.6666666666666666
stockpile,B0,stockpile::0f4c3c67-845e-49a0-927e-90ed33c044e0::0003,0f4c3c67-845e-49a0-927e-90ed33c044e0,3,3,mixed,all_seen,lt40,0.2960819109658652,1.0,0.2,0.3333333333333333
stockpile,B0,stockpile::0f4c3c67-845e-49a0-927e-90ed33c044e0::0004,0f4c3c67-845e-49a0-927e-90ed33c044e0,4,3,mixed,all_seen,ge40,0.46927872602275644,1.0,0.2,0.3333333333333333
stockpile,B0,stockpile::0f4c3c67-845e-49a0-927e-90ed33c044e0::0005,0f4c3c67-845e-49a0-927e-90ed33c044e0,5,3,mixed,all_seen,ge40,0.23463936301137822,1.0,0.2,0.3333333333333333
stockpile,B0,stockpile::0f4c3c67-845e-49a0-927e-90ed33c044e0::0006,0f4c3c67-845e-49a0-927e-90ed33c044e0,6,3,mixed,all_seen,lt40,0.5307212739772434,1.0,0.4,0.6666666666666666
stockpile,B0,stockpile::0f4c3c67-845e-49a0-927e-90ed33c044e0::0007,0f4c3c67-845e-49a0-927e-90ed33c044e0,7,2,mixed,all_seen,lt40,0.0,0.0,0.0,0.0
stockpile,B0,stockpile::0f4c3c67-845e-49a0-927e-90ed33c044e0::0008,0f4c3c67-845e-49a0-927e-90ed33c044e0,8,3,all_unseen,all_seen,lt40,0.0,0.0,0.0,0.0
stockpile,B0,stockpile::0f4c3c67-845e-49a0-927e-90ed33c044e0::0009,0f4c3c67-845e-49a0-927e-90ed33c044e0,9,3,mixed,mixed,ge40,0.0,0.0,0.0,0.0
stockpile,B0,stockpile::0f4c3c67-845e-49a0-927e-90ed33c044e0::0010,0f4c3c67-845e-49a0-927e-90ed33c044e0,10,2,all_unseen,mixed,lt40,0.0,0.0,0.0,0.0
stockpile,B0,stockpile::0f4c3c67-845e-49a0-927e-90ed33c044e0::0011,0f4c3c67-845e-49a0-927e-90ed33c044e0,11,1,all_unseen,all_unseen,lt40,0.0,0.0,0.0,0.0
stockpile,B0,stockpile::1a98b8e6-18ce-4617-8cc5-e65a1a9d490e::0001,1a98b8e6-18ce-4617-8cc5-e65a1a9d490e,1,3,all_unseen,all_seen,lt40,0.7653606369886217,1.0,0.4,0.6666666666666666
stockpile,B0,stockpile::1a98b8e6-18ce-4617-8cc5-e65a1a9d490e::0002,1a98b8e6-18ce-4617-8cc5-e65a1a9d490e,2,3,mixed,all_seen,lt40,0.9674679834891693,1.0,0.6,1.0
stockpile,B0,stockpile::1a98b8e6-18ce-4617-8cc5-e65a1a9d490e::0003,1a98b8e6-18ce-4617-8cc5-e65a1a9d490e,3,2,mixed,all_seen,lt40,1.0,1.0,0.4,1.0
stockpile,B0,stockpile::1a98b8e6-18ce-4617-8cc5-e65a1a9d490e::0004,1a98b8e6-18ce-4617-8cc5-e65a1a9d490e,4,1,all_seen,all_seen,lt40,0.43067655807339306,1.0,0.2,1.0
stockpile,B0,stockpile::1bac97ca-77fc-4c9a-835e-4de1b1b7f639::0001,1bac97ca-77fc-4c9a-835e-4de1b1b7f639,1,2,all_seen,all_seen,ge40,0.0,0.0,0.0,0.0
stockpile,B0,stockpile::1bac97ca-77fc-4c9a-835e-4de1b1b7f639::0002,1bac97ca-77fc-4c9a-835e-4de1b1b7f639,2,1,all_unseen,all_seen,ge40,0.0,0.0,0.0,0.0
stockpile,B0,stockpile::4c28c132-d7d7-4a04-8908-d643b7cb1d58::0001,4c28c132-d7d7-4a04-8908-d643b7cb1d58,1,1,all_unseen,all_seen,ge40,1.0,1.0,0.2,1.0
stockpile,B0,stockpile::50855e29-3b4e-4562-aa55-b3d7f93c26b8::0001,50855e29-3b4e-4562-aa55-b3d7f93c26b8,1,3,all_seen,all_seen,ge40,0.49818925746641285,1.0,0.4,0.6666666666666666
stockpile,B0,stockpile::50855e29-3b4e-4562-aa55-b3d7f93c26b8::0002,50855e29-3b4e-4562-aa55-b3d7f93c26b8,2,2,all_unseen,all_seen,lt40,0.3065735963827292,1.0,0.2,0.5
stockpile,B0,stockpile::50855e29-3b4e-4562-aa55-b3d7f93c26b8::0003,50855e29-3b4e-4562-aa55-b3d7f93c26b8,3,2,mixed,all_seen,lt40,0.0,0.0,0.0,0.0
stockpile,B0,stockpile::50855e29-3b4e-4562-aa55-b3d7f93c26b8::0004,50855e29-3b4e-4562-aa55-b3d7f93c26b8,4,3,mixed,all_seen,ge40,0.46927872602275644,1.0,0.2,0.3333333333333333
stockpile,B0,stockpile::50855e29-3b4e-4562-aa55-b3d7f93c26b8::0005,50855e29-3b4e-4562-aa55-b3d7f93c26b8,5,2,mixed,all_seen,ge40,0.6131471927654584,1.0,0.2,0.5
stockpile,B0,stockpile::50855e29-3b4e-4562-aa55-b3d7f93c26b8::0006,50855e29-3b4e-4562-aa55-b3d7f93c26b8,6,2,mixed,all_seen,ge40,0.6131471927654584,1.0,0.2,0.5
stockpile,B0,stockpile::50855e29-3b4e-4562-aa55-b3d7f93c26b8::0007,50855e29-3b4e-4562-aa55-b3d7f93c26b8,7,2,all_seen,all_seen,lt40,0.6131471927654584,1.0,0.2,0.5
stockpile,B0,stockpile::564ae20d-778d-4965-93dc-b523be2e2ab4::0001,564ae20d-778d-4965-93dc-b523be2e2ab4,1,3,mixed,mixed,lt40,0.23463936301137822,1.0,0.2,0.3333333333333333
stockpile,B0,stockpile::564ae20d-778d-4965-93dc-b523be2e2ab4::0002,564ae20d-778d-4965-93dc-b523be2e2ab4,2,3,all_unseen,mixed,ge40,0.0,0.0,0.0,0.0
stockpile,B0,stockpile::564ae20d-778d-4965-93dc-b523be2e2ab4::0003,564ae20d-778d-4965-93dc-b523be2e2ab4,3,3,all_unseen,mixed,lt40,0.46927872602275644,1.0,0.2,0.3333333333333333
stockpile,B0,stockpile::564ae20d-778d-4965-93dc-b523be2e2ab4::0004,564ae20d-778d-4965-93dc-b523be2e2ab4,4,2,all_unseen,all_seen,ge40,0.6131471927654584,1.0,0.2,0.5
stockpile,B0,stockpile::564ae20d-778d-4965-93dc-b523be2e2ab4::0005,564ae20d-778d-4965-93dc-b523be2e2ab4,5,3,all_unseen,all_seen,lt40,0.7653606369886217,1.0,0.4,0.6666666666666666
stockpile,B0,stockpile::564ae20d-778d-4965-93dc-b523be2e2ab4::0006,564ae20d-778d-4965-93dc-b523be2e2ab4,6,3,mixed,all_seen,lt40,0.2960819109658652,1.0,0.2,0.3333333333333333
stockpile,B0,stockpile::564ae20d-778d-4965-93dc-b523be2e2ab4::0007,564ae20d-778d-4965-93dc-b523be2e2ab4,7,3,mixed,all_seen,lt40,0.9674679834891693,1.0,0.6,1.0
stockpile,B0,stockpile::564ae20d-778d-4965-93dc-b523be2e2ab4::0008,564ae20d-778d-4965-93dc-b523be2e2ab4,8,3,mixed,all_seen,lt40,0.4367467095119258,1.0,0.4,0.6666666666666666
stockpile,B0,stockpile::564ae20d-778d-4965-93dc-b523be2e2ab4::0009,564ae20d-778d-4965-93dc-b523be2e2ab4,9,3,all_unseen,all_seen,lt40,0.20210734650054757,1.0,0.2,0.3333333333333333
stockpile,B0,stockpile::564ae20d-778d-4965-93dc-b523be2e2ab4::0010,564ae20d-778d-4965-93dc-b523be2e2ab4,10,2,all_unseen,all_seen,lt40,0.0,0.0,0.0,0.0
stockpile,B0,stockpile::564ae20d-778d-4965-93dc-b523be2e2ab4::0011,564ae20d-778d-4965-93dc-b523be2e2ab4,11,2,all_unseen,all_seen,lt40,0.0,0.0,0.0,0.0
stockpile,B0,stockpile::564ae20d-778d-4965-93dc-b523be2e2ab4::0013,564ae20d-778d-4965-93dc-b523be2e2ab4,13,2,mixed,all_seen,ge40,0.0,0.0,0.0,0.0
stockpile,B0,stockpile::564ae20d-778d-4965-93dc-b523be2e2ab4::0014,564ae20d-778d-4965-93dc-b523be2e2ab4,14,1,all_unseen,all_seen,lt40,0.38685280723454163,1.0,0.2,1.0
stockpile,B0,stockpile::5d3e170e-f1b8-49f9-9ee1-c51605552a08::0001,5d3e170e-f1b8-49f9-9ee1-c51605552a08,1,2,mixed,all_seen,ge40,0.0,0.0,0.0,0.0
stockpile,B0,stockpile::5d3e170e-f1b8-49f9-9ee1-c51605552a08::0002,5d3e170e-f1b8-49f9-9ee1-c51605552a08,2,2,all_unseen,all_seen,ge40,0.0,0.0,0.0,0.0
stockpile,B0,stockpile::725226e0-45b8-4432-84ee-144d3f37ff8d::0001,725226e0-45b8-4432-84ee-144d3f37ff8d,1,3,mixed,all_seen,lt40,0.0,0.0,0.0,0.0
stockpile,B0,stockpile::725226e0-45b8-4432-84ee-144d3f37ff8d::0002,725226e0-45b8-4432-84ee-144d3f37ff8d,2,2,mixed,all_seen,lt40,0.0,0.0,0.0,0.0
stockpile,B0,stockpile::725226e0-45b8-4432-84ee-144d3f37ff8d::0003,725226e0-45b8-4432-84ee-144d3f37ff8d,3,1,all_seen,all_seen,ge40,1.0,1.0,0.2,1.0
stockpile,B0,stockpile::78e7504d-968f-477d-8806-4d6c04b94431::0001,78e7504d-968f-477d-8806-4d6c04b94431,1,3,mixed,all_seen,ge40,0.46927872602275644,1.0,0.2,0.3333333333333333
stockpile,B0,stockpile::78e7504d-968f-477d-8806-4d6c04b94431::0002,78e7504d-968f-477d-8806-4d6c04b94431,2,3,all_unseen,all_seen,lt40,0.2960819109658652,1.0,0.2,0.3333333333333333
stockpile,B0,stockpile::78e7504d-968f-477d-8806-4d6c04b94431::0003,78e7504d-968f-477d-8806-4d6c04b94431,3,2,all_seen,all_seen,lt40,0.2640681225725909,1.0,0.2,0.5
stockpile,B0,stockpile::78e7504d-968f-477d-8806-4d6c04b94431::0004,78e7504d-968f-477d-8806-4d6c04b94431,4,2,all_seen,all_seen,lt40,0.23719771276929622,1.0,0.2,0.5
stockpile,B0,stockpile::78e7504d-968f-477d-8806-4d6c04b94431::0005,78e7504d-968f-477d-8806-4d6c04b94431,5,2,all_seen,all_seen,ge40,0.6131471927654584,1.0,0.2,0.5
stockpile,B0,stockpile::78e7504d-968f-477d-8806-4d6c04b94431::0006,78e7504d-968f-477d-8806-4d6c04b94431,6,2,all_seen,all_seen,lt40,0.8503449055347546,1.0,0.4,1.0
stockpile,B0,stockpile::78e7504d-968f-477d-8806-4d6c04b94431::0007,78e7504d-968f-477d-8806-4d6c04b94431,7,2,mixed,all_seen,lt40,0.6131471927654584,1.0,0.2,0.5
stockpile,B0,stockpile::78e7504d-968f-477d-8806-4d6c04b94431::0008,78e7504d-968f-477d-8806-4d6c04b94431,8,3,all_seen,all_seen,lt40,0.46927872602275644,1.0,0.2,0.3333333333333333
stockpile,B0,stockpile::78e7504d-968f-477d-8806-4d6c04b94431::0010,78e7504d-968f-477d-8806-4d6c04b94431,10,2,mixed,all_seen,ge40,0.3065735963827292,1.0,0.2,0.5
stockpile,B0,stockpile::78e7504d-968f-477d-8806-4d6c04b94431::0011,78e7504d-968f-477d-8806-4d6c04b94431,11,1,all_seen,all_seen,ge40,0.5,1.0,0.2,1.0
stockpile,B0,stockpile::78e7504d-968f-477d-8806-4d6c04b94431::0012,78e7504d-968f-477d-8806-4d6c04b94431,12,1,all_seen,all_seen,lt40,1.0,1.0,0.2,1.0
stockpile,B0,stockpile::bcdbf6b9-14c5-495c-be84-37bce32c312b::0001,bcdbf6b9-14c5-495c-be84-37bce32c312b,1,1,all_seen,all_seen,lt40,0.0,0.0,0.0,0.0
stockpile,B0,stockpile::bcdbf6b9-14c5-495c-be84-37bce32c312b::0002,bcdbf6b9-14c5-495c-be84-37bce32c312b,2,1,all_unseen,all_seen,lt40,0.0,0.0,0.0,0.0
stockpile,B0,stockpile::c220a8e6-609c-4d5b-9e1c-068ca01c2eec::0002,c220a8e6-609c-4d5b-9e1c-068ca01c2eec,2,1,all_unseen,all_seen,ge40,0.0,0.0,0.0,0.0
stockpile,B0,stockpile::c724545d-a4cc-492e-8075-2ab9a699c847::0001,c724545d-a4cc-492e-8075-2ab9a699c847,1,1,all_unseen,all_seen,lt40,0.0,0.0,0.0,0.0
stockpile,B0,stockpile::c724545d-a4cc-492e-8075-2ab9a699c847::0002,c724545d-a4cc-492e-8075-2ab9a699c847,2,1,all_unseen,all_seen,ge40,0.0,0.0,0.0,0.0
stockpile,B0,stockpile::d6ea4c1e-7959-4eb1-a292-b6fd2b06c73e::0001,d6ea4c1e-7959-4eb1-a292-b6fd2b06c73e,1,2,mixed,all_seen,ge40,0.0,0.0,0.0,0.0
stockpile,B0,stockpile::d6ea4c1e-7959-4eb1-a292-b6fd2b06c73e::0002,d6ea4c1e-7959-4eb1-a292-b6fd2b06c73e,2,2,all_unseen,all_seen,ge40,0.0,0.0,0.0,0.0
stockpile,B0,stockpile::d6ea4c1e-7959-4eb1-a292-b6fd2b06c73e::0004,d6ea4c1e-7959-4eb1-a292-b6fd2b06c73e,4,1,all_seen,all_seen,lt40,1.0,1.0,0.2,1.0
stockpile,B0,stockpile::dbd49a4a-ba2d-40d0-9348-2db24fc4b0b6::0002,dbd49a4a-ba2d-40d0-9348-2db24fc4b0b6,2,1,all_seen,all_seen,lt40,0.0,0.0,0.0,0.0
stockpile,B0,stockpile::ddbd1850-5fd7-41d5-a7a1-1b15dac49090::0001,ddbd1850-5fd7-41d5-a7a1-1b15dac49090,1,3,mixed,all_seen,lt40,0.0,0.0,0.0,0.0
stockpile,B0,stockpile::ddbd1850-5fd7-41d5-a7a1-1b15dac49090::0002,ddbd1850-5fd7-41d5-a7a1-1b15dac49090,2,2,mixed,all_seen,lt40,0.0,0.0,0.0,0.0
stockpile,B0,stockpile::ddbd1850-5fd7-41d5-a7a1-1b15dac49090::0003,ddbd1850-5fd7-41d5-a7a1-1b15dac49090,3,1,all_unseen,all_seen,lt40,0.0,0.0,0.0,0.0
stockpile,B0,stockpile::de07f52d-9928-4071-9142-cb1d3bd851e8::0001,de07f52d-9928-4071-9142-cb1d3bd851e8,1,2,all_unseen,all_seen,lt40,0.0,0.0,0.0,0.0
stockpile,B0,stockpile::de07f52d-9928-4071-9142-cb1d3bd851e8::0003,de07f52d-9928-4071-9142-cb1d3bd851e8,3,3,all_seen,all_seen,lt40,0.2960819109658652,1.0,0.2,0.3333333333333333
stockpile,B0,stockpile::de07f52d-9928-4071-9142-cb1d3bd851e8::0004,de07f52d-9928-4071-9142-cb1d3bd851e8,4,3,mixed,all_seen,lt40,0.2960819109658652,1.0,0.2,0.3333333333333333
stockpile,B0,stockpile::de07f52d-9928-4071-9142-cb1d3bd851e8::0005,de07f52d-9928-4071-9142-cb1d3bd851e8,5,3,mixed,all_seen,ge40,0.6508205185601091,1.0,0.4,0.6666666666666666
stockpile,B0,stockpile::de07f52d-9928-4071-9142-cb1d3bd851e8::0006,de07f52d-9928-4071-9142-cb1d3bd851e8,6,3,mixed,all_seen,ge40,0.23463936301137822,1.0,0.2,0.3333333333333333
stockpile,B0,stockpile::de07f52d-9928-4071-9142-cb1d3bd851e8::0007,de07f52d-9928-4071-9142-cb1d3bd851e8,7,3,mixed,all_seen,lt40,0.5307212739772434,1.0,0.4,0.6666666666666666
stockpile,B0,stockpile::de07f52d-9928-4071-9142-cb1d3bd851e8::0008,de07f52d-9928-4071-9142-cb1d3bd851e8,8,2,mixed,all_seen,lt40,0.38685280723454163,1.0,0.2,0.5
stockpile,B0,stockpile::de07f52d-9928-4071-9142-cb1d3bd851e8::0009,de07f52d-9928-4071-9142-cb1d3bd851e8,9,3,all_unseen,all_seen,lt40,0.23463936301137822,1.0,0.2,0.3333333333333333
stockpile,B0,stockpile::de07f52d-9928-4071-9142-cb1d3bd851e8::0010,de07f52d-9928-4071-9142-cb1d3bd851e8,10,3,mixed,mixed,ge40,0.0,0.0,0.0,0.0
stockpile,B0,stockpile::de07f52d-9928-4071-9142-cb1d3bd851e8::0011,de07f52d-9928-4071-9142-cb1d3bd851e8,11,3,all_unseen,mixed,lt40,0.0,0.0,0.0,0.0
stockpile,B0,stockpile::de07f52d-9928-4071-9142-cb1d3bd851e8::0012,de07f52d-9928-4071-9142-cb1d3bd851e8,12,3,all_unseen,mixed,lt40,0.20210734650054757,1.0,0.2,0.3333333333333333
stockpile,B0,stockpile::de07f52d-9928-4071-9142-cb1d3bd851e8::0013,de07f52d-9928-4071-9142-cb1d3bd851e8,13,2,all_unseen,all_seen,lt40,0.0,0.0,0.0,0.0
stockpile,B0,stockpile::de07f52d-9928-4071-9142-cb1d3bd851e8::0014,de07f52d-9928-4071-9142-cb1d3bd851e8,14,3,all_unseen,all_seen,lt40,0.0,0.0,0.0,0.0
stockpile,B0,stockpile::de07f52d-9928-4071-9142-cb1d3bd851e8::0015,de07f52d-9928-4071-9142-cb1d3bd851e8,15,3,mixed,all_seen,lt40,0.2960819109658652,1.0,0.2,0.3333333333333333
stockpile,B0,stockpile::de07f52d-9928-4071-9142-cb1d3bd851e8::0016,de07f52d-9928-4071-9142-cb1d3bd851e8,16,2,mixed,all_seen,lt40,0.0,0.0,0.0,0.0
stockpile,B0,stockpile::de07f52d-9928-4071-9142-cb1d3bd851e8::0017,de07f52d-9928-4071-9142-cb1d3bd851e8,17,1,all_seen,all_seen,lt40,0.0,0.0,0.0,0.0
stockpile,B0,stockpile::e4324b88-8836-4803-b6b7-09b3c6cd4e94::0001,e4324b88-8836-4803-b6b7-09b3c6cd4e94,1,1,all_unseen,all_seen,ge40,0.0,0.0,0.0,0.0
stockpile,B0,stockpile::e89a10d3-004f-4c15-b0eb-d1ba76a4b67f::0001,e89a10d3-004f-4c15-b0eb-d1ba76a4b67f,1,2,mixed,all_seen,ge40,0.0,0.0,0.0,0.0
stockpile,B0,stockpile::e89a10d3-004f-4c15-b0eb-d1ba76a4b67f::0002,e89a10d3-004f-4c15-b0eb-d1ba76a4b67f,2,1,all_seen,all_seen,ge40,0.0,0.0,0.0,0.0
stockpile,B0,stockpile::eddc8f03-f930-41e7-95ba-33fb87bfed74::0001,eddc8f03-f930-41e7-95ba-33fb87bfed74,1,2,all_seen,all_seen,ge40,0.5706417189553201,1.0,0.4,1.0
stockpile,B0,stockpile::eddc8f03-f930-41e7-95ba-33fb87bfed74::0002,eddc8f03-f930-41e7-95ba-33fb87bfed74,2,1,all_seen,all_seen,lt40,0.0,0.0,0.0,0.0
stockpile,B0,stockpile::ef4d997c-a0d1-4067-9efa-87c58682db71::0001,ef4d997c-a0d1-4067-9efa-87c58682db71,1,3,mixed,all_seen,lt40,0.0,0.0,0.0,0.0
stockpile,B0,stockpile::ef4d997c-a0d1-4067-9efa-87c58682db71::0002,ef4d997c-a0d1-4067-9efa-87c58682db71,2,2,all_seen,all_seen,lt40,0.0,0.0,0.0,0.0
stockpile,B0,stockpile::ef4d997c-a0d1-4067-9efa-87c58682db71::0003,ef4d997c-a0d1-4067-9efa-87c58682db71,3,1,all_seen,all_seen,ge40,0.0,0.0,0.0,0.0
stockpile,B0,stockpile::f98193a0-8b5b-4b5e-a5aa-e8c3adfcd4e6::0001,f98193a0-8b5b-4b5e-a5aa-e8c3adfcd4e6,1,1,all_seen,all_seen,ge40,0.0,0.0,0.0,0.0
stockpile,B0,stockpile::fbc41624-1052-490c-b5ec-4fd718e2501d::0001,fbc41624-1052-490c-b5ec-4fd718e2501d,1,2,mixed,all_seen,ge40,0.0,0.0,0.0,0.0
stockpile,B0,stockpile::fbc41624-1052-490c-b5ec-4fd718e2501d::0002,fbc41624-1052-490c-b5ec-4fd718e2501d,2,1,all_seen,all_seen,ge40,0.0,0.0,0.0,0.0
